unique_id,ds,LightGBM,XGBoost,RandomForest,Ridge
IN_A01,2025-01-01,36287.717857809024,39949.184,42605.3077609605,22900.330389196413
IN_A01,2025-04-01,41545.05126727772,42576.78,46423.266229153,16733.595695894746
IN_A01,2025-07-01,39714.21741080175,42828.367,44919.61499995483,14318.013839124666
IN_A01,2025-10-01,40954.11228708118,49232.906,46374.33475689145,9897.925943501783
IN_A01,2026-01-01,42481.747042114715,43519.13,46875.9442644777,9291.371168327092
IN_A01,2026-04-01,46700.75648861655,48377.6,46238.81711350483,8799.645955034626
IN_A01,2026-07-01,42955.89056319435,46688.363,46301.54738680624,9556.429495011193
IN_A01,2026-10-01,46984.41771348934,46730.59,46131.66197568194,11005.330327716276
IN_A02,2025-01-01,125959.63746457014,138008.08,126466.19915589812,119527.4792092473
IN_A02,2025-04-01,129109.5900761148,133143.84,125463.53628483154,114135.1243125951
IN_A02,2025-07-01,132220.96619710774,136386.03,127841.01143673983,109882.23324277226
IN_A02,2025-10-01,133170.5940053713,135677.64,128074.17196586671,105998.3985755165
IN_A02,2026-01-01,135917.36194262968,140266.73,129543.89770968574,105278.69819336392
IN_A02,2026-04-01,132316.67951490663,140494.8,129663.31364429033,104421.04504862653
IN_A02,2026-07-01,132840.87172379566,144749.77,129546.70258498436,104532.21450680667
IN_A02,2026-10-01,133268.7366563248,144509.12,128945.88379337125,105506.03764627634
IN_A03,2025-01-01,20534.991868147237,18801.045,19276.36779565842,19220.569921951203
IN_A03,2025-04-01,20886.08113541887,19382.934,19350.001008446554,18955.83490664711
IN_A03,2025-07-01,20384.35701121691,19621.541,19869.331226087896,18556.98981077462
IN_A03,2025-10-01,20359.01243663073,19780.82,19493.033228505257,17827.620163844655
IN_A03,2026-01-01,20714.550450795094,18342.26,19294.843858735785,18493.86238923673
IN_A03,2026-04-01,20792.222943997884,19630.164,19810.819508256423,18223.24766141243
IN_A03,2026-07-01,20797.528210880442,19701.375,19797.96648878848,17770.169539753806
IN_A03,2026-10-01,20481.143067190565,19459.88,19655.408746314846,17130.85525879999
IN_A04,2025-01-01,68765.78954542139,70952.39,61691.997835345755,61237.585840269836
IN_A04,2025-04-01,67583.89545726443,73403.69,59684.699968520225,57362.94078936202
IN_A04,2025-07-01,65586.84029367572,74206.836,56212.07553513994,54423.907154910055
IN_A04,2025-10-01,62489.126255173396,75336.23,55102.47470854881,51366.800901575785
IN_A04,2026-01-01,59857.551463918,76663.984,56055.037056222376,49980.92041856139
IN_A04,2026-04-01,57493.23455845184,79318.28,56088.39136042397,47854.78888546829
IN_A04,2026-07-01,56834.84095136866,82722.2,56606.05885463308,46058.182073405296
IN_A04,2026-10-01,57631.49754392646,83092.57,57024.7746371778,44532.23529819479
IN_A05,2025-01-01,1198.9081214067442,816.5941,579.8515921688454,1341.9216654738548
IN_A05,2025-04-01,1394.2679037428618,850.7457,582.06556554499,1172.926240277121
IN_A05,2025-07-01,1302.800960792011,1033.656,598.6535880505373,729.315169057636
IN_A05,2025-10-01,1295.7351781120242,799.4873,599.0761466546143,23.828695709743442
IN_A05,2026-01-01,1352.1385866965559,886.3111,640.8156188045779,414.4405879002288
IN_A05,2026-04-01,916.1631879794287,614.31055,662.584112985932,-205.17566459398586
IN_A05,2026-07-01,646.4573113283535,894.66656,675.7767357085738,-1098.8609926465688
IN_A05,2026-10-01,861.7516274821772,500.68442,695.7023211501746,-2244.2969918801546
IN_A06,2025-01-01,114874.50375699617,127422.38,120356.56891702564,118663.96367335711
IN_A06,2025-04-01,117172.4901584774,132724.33,120878.29959239386,107102.37884651683
IN_A06,2025-07-01,119021.53640456643,133124.8,120496.91911690343,100530.90439279993
IN_A06,2025-10-01,118097.14867379815,137527.56,119568.90298652039,91620.57495031293
IN_A06,2026-01-01,119627.28392695091,133473.77,121248.31121729659,86287.85918564734
IN_A06,2026-04-01,115127.80839491375,137159.05,120405.30738890142,79340.55106365612
IN_A06,2026-07-01,115074.58908890432,137434.86,119429.68565363492,73531.85073021993
IN_A06,2026-10-01,117205.97038978708,136966.52,118074.587767132,68390.53319041853
IN_A07,2025-01-01,39556.89903168257,38826.37,37001.839392045884,26694.9561655761
IN_A07,2025-04-01,45682.68904088074,40922.777,40992.52490230065,26231.907283805747
IN_A07,2025-07-01,48099.20556342227,40266.36,40432.35679518642,25816.524437846587
IN_A07,2025-10-01,48092.596385618104,43260.45,41890.544555501554,24265.531978423925
IN_A07,2026-01-01,47478.01182934246,49326.18,44877.932219610484,26463.06550985625
IN_A07,2026-04-01,46616.810777623105,43854.863,46032.73269622954,27912.13803145758
IN_A07,2026-07-01,46755.611506188296,49304.992,46004.24586031018,29530.92716982377
IN_A07,2026-10-01,46654.62387612166,44663.188,46470.6071838721,31178.339334612858
IN_A09,2025-01-01,2632.179631684053,2354.7915,2234.0689803924683,2733.9668926079567
IN_A09,2025-04-01,2572.09962049249,2471.2788,2322.335494185752,2568.173640584858
IN_A09,2025-07-01,2542.5853674890386,2471.2788,2294.191198339694,2119.7810903810523
IN_A09,2025-10-01,2545.7938568763084,2257.9062,2246.193286171306,1400.2485895166792
IN_A09,2026-01-01,2819.9993707817234,2425.5193,2353.7547837595675,1816.5514966554392
IN_A09,2026-04-01,2469.4143876959156,2247.74,2347.2652781794964,1219.984567223566
IN_A09,2026-07-01,2249.4246431852507,2322.2263,2344.3783605650306,353.8418359247253
IN_A09,2026-10-01,2525.3476003738256,2114.471,2400.4677756731903,-760.10253422801
IN_A10,2025-01-01,182904.4985668522,213873.08,193145.87129577313,172878.0928820442
IN_A10,2025-04-01,182755.39829859673,203937.95,192700.8427895212,169010.96865783306
IN_A10,2025-07-01,179116.49574083483,194826.27,198329.74931019024,164513.91079753888
IN_A10,2025-10-01,178821.79375679154,194523.17,199971.57293489424,159417.8378792298
IN_A10,2026-01-01,181014.0966589177,213686.64,202707.16724225698,158966.86863677372
IN_A10,2026-04-01,179132.94799197183,217511.27,205563.52360988915,157933.2236840612
IN_A10,2026-07-01,177873.15307901273,216874.36,209081.5372051323,157630.70509689697
IN_A10,2026-10-01,180205.72883927642,215085.02,214240.06270985492,158099.7888950957
IN_A11,2025-01-01,39556.16046902722,38922.453,43444.104557187304,42377.00048309348
IN_A11,2025-04-01,44551.897147392825,39649.332,46054.94588833134,40929.937355286085
IN_A11,2025-07-01,46490.60524512852,42874.94,45209.46731265978,38862.47446612428
IN_A11,2025-10-01,45561.90350138981,50724.277,46802.97771829456,36481.39556093122
IN_A11,2026-01-01,46457.12490640267,45590.402,47094.14294123839,35562.95119124429
IN_A11,2026-04-01,46065.117825916226,49521.914,47187.29429315492,33672.62988016241
IN_A11,2026-07-01,45662.22382767232,51897.17,47703.092046520826,31657.530309018184
IN_A11,2026-10-01,46604.41266755701,50117.777,48155.5364427405,29609.95962813172
IN_A12,2025-01-01,18919.464340954302,15151.358,19144.179899781597,13967.235314881302
IN_A12,2025-04-01,18283.117426097084,19572.316,22082.589427081446,12652.33247126744
IN_A12,2025-07-01,19930.587024683693,22861.63,21778.394773737837,12998.435085395184
IN_A12,2025-10-01,18607.865642615,22046.674,22639.758111192044,10369.044812589744
IN_A12,2026-01-01,18739.842135255527,19846.562,21955.441530923068,10856.032293079736
IN_A12,2026-04-01,18722.85779950036,18489.31,22824.1823912586,10399.061037840342
IN_A12,2026-07-01,18672.86153721668,19239.258,22754.24339862121,10090.352942770023
IN_A12,2026-10-01,18426.974800117732,19408.55,22757.212334746197,9559.713430594855
IN_A16,2025-01-01,1726.682624455084,1439.1023,1109.8053783197036,2096.9376347788448
IN_A16,2025-04-01,2018.0983628227266,1500.7972,1061.7338691465548,1996.9804724270125
IN_A16,2025-07-01,2232.891698878385,1639.2169,1087.3452620646397,1648.6586417407452
IN_A16,2025-10-01,2236.1001882656547,1479.7065,1147.3492488562752,1033.5939413065535
IN_A16,2026-01-01,2631.041334684111,1593.4569,1078.4919441317923,1532.730122123834
IN_A16,2026-04-01,1928.2772941074352,1463.1642,1081.5478957070184,992.4773126885957
IN_A16,2026-07-01,1878.2810318237534,1537.6503,1096.603290813051,168.68174553046993
IN_A16,2026-10-01,1861.785668390188,1336.2705,1148.4081490037413,-920.5704908543166
IN_B01,2025-01-01,59496.77182103065,65848.13,65400.99670378966,63265.64484808827
IN_B01,2025-04-01,66733.3650063105,65537.25,62095.22659792663,63216.49399283122
IN_B01,2025-07-01,62769.25272609942,66329.8,62039.36108426134,62212.91337763866
IN_B01,2025-10-01,61195.407694332614,61006.266,59208.933875944436,63872.221882055106
IN_B01,2026-01-01,60684.88837504787,60368.31,56992.202934307505,63437.19763110607
IN_B01,2026-04-01,58035.08208824483,56664.9,56312.373499706795,62644.70635734446
IN_B01,2026-07-01,56143.439737529785,54711.664,56989.96937779253,61443.837901915686
IN_B01,2026-10-01,57210.52743702996,56395.996,57298.63811978742,60180.758530383435
IN_B02,2025-01-01,3753.958502121742,3408.3923,2867.5360029673425,3106.9188093964503
IN_B02,2025-04-01,2954.1171941738507,3172.7803,2846.0589589610936,2875.381336092317
IN_B02,2025-07-01,3597.4676005458077,3717.4683,2814.635311189227,2574.0727226982544
IN_B02,2025-10-01,3266.7491001919016,3193.3608,2815.516981087999,1657.4940007488503
IN_B02,2026-01-01,4361.9921992206855,3834.731,2895.5386336320876,2110.3909843113033
IN_B02,2026-04-01,3781.4673650404716,3407.736,3001.1755989296657,1518.412547689537
IN_B02,2026-07-01,3849.515995365704,3644.0488,3072.862562087745,682.8612998145063
IN_B02,2026-10-01,4007.3940599453636,3338.4905,3146.7309345913645,-419.5926299967832
IN_B03,2025-01-01,39108.78124472733,46516.375,40656.323038499606,34853.90508020427
IN_B03,2025-04-01,41689.37644213777,53848.977,42088.487958938225,33478.59428276956
IN_B03,2025-07-01,42258.15344318519,44396.48,44251.84287996491,32688.11184209231
IN_B03,2025-10-01,40805.64202548252,51769.137,46415.83008304063,30093.08532480795
IN_B03,2026-01-01,41320.64896899846,43248.652,46637.918112993626,30757.057674090924
IN_B03,2026-04-01,43030.442675800754,46576.785,46893.173045141084,30264.04152320124
IN_B03,2026-07-01,45960.919158497476,43425.68,46757.94207117178,29863.37287147677
IN_B03,2026-10-01,44607.90705777586,43110.42,46947.37606211811,29387.955085926194
IN_B05,2025-01-01,26675.31206697387,26169.652,25993.64321471824,25321.817580076906
IN_B05,2025-04-01,26907.58015963301,21898.166,26493.523319127144,25016.82503332536
IN_B05,2025-07-01,26761.619639498775,25346.08,27763.370312288556,23437.704410348044
IN_B05,2025-10-01,26522.9836204279,23883.572,28625.06323757729,22299.91282247504
IN_B05,2026-01-01,27353.031063461378,24745.957,28645.15674424215,22771.038070523846
IN_B05,2026-04-01,28594.541467554045,24692.03,28121.229591405707,21904.390842189827
IN_B05,2026-07-01,28544.545205270362,23993.717,28220.70599368923,20719.244450649974
IN_B05,2026-10-01,28323.414687708424,23585.129,28242.462682926984,19396.833488387772
IN_B06,2025-01-01,1207.2304938045888,816.5941,665.7450529356837,1403.7959072600179
IN_B06,2025-04-01,1394.2679037428618,777.3474,705.2700581565664,1255.3360296809487
IN_B06,2025-07-01,1302.800960792011,1033.656,713.4826685893514,748.0046244901087
IN_B06,2025-10-01,1306.0094501792812,753.8076,723.1948433951934,16.328956807977193
IN_B06,2026-01-01,1352.1385866965559,961.78033,737.9291703776836,373.8071645121963
IN_B06,2026-04-01,916.1631879794287,689.77924,740.9079302270069,-267.49944578016675
IN_B06,2026-07-01,646.4573113283535,970.13586,733.9593851906377,-1186.3618371799867
IN_B06,2026-10-01,861.7516274821772,576.1531,727.8637903566469,-2348.8318665343677
IN_C01,2025-01-01,37777.84486864579,30360.643,39094.96917428974,45137.57164564566
IN_C01,2025-04-01,35767.789152924335,28736.326,38576.98029277421,42905.265616681514
IN_C01,2025-07-01,33953.92782167557,31224.15,38321.81145667555,41773.74447296997
IN_C01,2025-10-01,32046.983083388302,30338.947,38056.568310618895,39157.04282206806
IN_C01,2026-01-01,31507.981862573673,31254.96,36845.59502462289,37734.82226441476
IN_C01,2026-04-01,31623.11243728324,30004.578,38204.93574549349,34750.77675467375
IN_C01,2026-07-01,31063.778343847578,29954.205,37881.84405728727,31513.28346948159
IN_C01,2026-10-01,30145.910042026942,28499.568,37722.439866705514,27912.22660583389
IN_C02,2025-01-01,56168.6412375969,55464.254,54766.53671398219,55609.733270784316
IN_C02,2025-04-01,57904.55393174036,54398.426,55708.55068005086,54769.17055039203
IN_C02,2025-07-01,58070.508338085776,52916.668,56213.360543587136,52756.58049095328
IN_C02,2025-10-01,58296.63155334055,53522.24,56805.06279172601,51094.026734474406
IN_C02,2026-01-01,57894.81634302207,51147.996,57522.170913724985,51659.50302822619
IN_C02,2026-04-01,56683.92711908305,52303.777,57224.410318257054,51421.633108336246
IN_C02,2026-07-01,56387.85939098133,53041.258,57098.78149998324,51200.206901985504
IN_C02,2026-10-01,56893.07616823984,56637.418,57147.81647087988,51131.497617630695
IN_C03,2025-01-01,77297.29481582672,82384.64,72247.83045927013,76035.4357392492
IN_C03,2025-04-01,84460.02529042818,88257.055,75124.6664121855,77328.90965892129
IN_C03,2025-07-01,87096.33167019548,88456.5,75249.32833801144,78440.10398803274
IN_C03,2025-10-01,83428.99283943116,88149.79,75647.7696420137,78786.02862925816
IN_C03,2026-01-01,88919.09036912744,89343.71,76829.87961989571,83061.19780377945
IN_C03,2026-04-01,85727.58053291068,91801.055,78720.08690294295,85404.70324066303
IN_C03,2026-07-01,87114.35023403226,92704.11,80327.82890996114,87481.78101721972
IN_C03,2026-10-01,85472.32531336324,90776.76,80640.080490693,89248.72734021611
IN_C04,2025-01-01,1179.148048176042,607.0181,341.3081382130991,1068.014000038028
IN_C04,2025-04-01,1364.6577239528935,739.6219,277.14785663209653,941.2335873764869
IN_C04,2025-07-01,1292.526688724754,775.3601,316.62497122251034,532.637019378486
IN_C04,2025-10-01,1295.7351781120242,708.035,301.9310640015103,-133.04867617250875
IN_C04,2026-01-01,1352.1385866965559,781.38245,335.1378767445145,293.7917069927362
IN_C04,2026-04-01,916.1631879794287,715.25195,314.6011487515828,-299.8233619022121
IN_C04,2026-07-01,646.4573113283535,789.7381,334.7637559227196,-1175.0275706839457
IN_C04,2026-10-01,861.7516274821772,635.84454,324.55239331245957,-2308.8142350879125
IN_C05,2025-01-01,14501.64146837009,12155.812,11361.566364281156,11574.208302764157
IN_C05,2025-04-01,13456.187838810776,13482.19,13807.192651686944,11555.300906372848
IN_C05,2025-07-01,14306.761671340468,14095.134,14450.67291221042,11548.905472726567
IN_C05,2025-10-01,14040.872595629766,13008.449,14117.351141824052,10632.05590239791
IN_C05,2026-01-01,14578.625288792682,13246.769,14342.533834408207,11440.156996206857
IN_C05,2026-04-01,13961.824793115675,12391.129,13684.261571881198,11223.817207649228
IN_C05,2026-07-01,14377.889569028675,11491.291,13807.325971647808,10799.548504640248
IN_C05,2026-10-01,13325.897346553309,12762.137,13758.788774540235,10106.90748089805
IN_C07,2025-01-01,92028.42579922678,95769.234,86710.5036874332,84782.0970513819
IN_C07,2025-04-01,95708.34684983283,97054.74,86069.18115922241,84098.70717170423
IN_C07,2025-07-01,96740.4216038531,100917.234,87591.19679093032,83634.42093776977
IN_C07,2025-10-01,99716.43503259221,97278.12,88056.38769814366,82618.04868531255
IN_C07,2026-01-01,102045.56911346912,103905.695,89612.75287791209,84980.29628780542
IN_C07,2026-04-01,101613.32753904998,100644.02,90339.84508798792,86096.11023871104
IN_C07,2026-07-01,106237.16986936127,106343.2,90406.96855514408,87256.82034122654
IN_C07,2026-10-01,103292.45481592625,100344.67,90164.05183164745,88398.23107234776
IN_C08,2025-01-01,53971.956832811644,52294.504,54856.073227812354,53033.98989354665
IN_C08,2025-04-01,53035.09171721057,50409.727,54561.20297987978,52690.8329365215
IN_C08,2025-07-01,57081.057940518986,54476.336,56181.86677550958,52160.89972980056
IN_C08,2025-10-01,57771.837109714455,56667.715,56486.690651132594,51334.5319612077
IN_C08,2026-01-01,57909.458784988135,55009.42,56937.34198088442,53073.253889078056
IN_C08,2026-04-01,57190.93876616452,53631.97,57198.51108960097,53554.40813088344
IN_C08,2026-07-01,57332.93614728261,56016.08,57242.42208846081,53915.917315426144
IN_C08,2026-10-01,57674.78876543407,57957.59,57250.73153248931,54175.66901945855
IN_C09,2025-01-01,105102.00472800928,112549.51,97383.05225030423,95997.7351165209
IN_C09,2025-04-01,107055.47726258209,111741.7,96335.25497891339,96469.55128261799
IN_C09,2025-07-01,111717.12019054902,115623.625,100532.9508297135,97249.59042039244
IN_C09,2025-10-01,111298.89264643291,126170.57,98516.36288571476,97624.15365324669
IN_C09,2026-01-01,117258.05468671187,124335.766,101093.8124524676,101781.45209225925
IN_C09,2026-04-01,116739.26079377717,131984.22,101203.1604876674,104418.40871381217
IN_C09,2026-07-01,119732.65846642101,130475.305,101731.73792606605,107054.71259670719
IN_C09,2026-10-01,120498.15118294627,129733.086,102415.19092851938,109581.3794183565
IN_C10,2025-01-01,114975.11507605092,118776.11,117006.00723643793,113642.8507326055
IN_C10,2025-04-01,119167.08510709205,119087.75,118621.0869850918,112502.38741820437
IN_C10,2025-07-01,122868.3941959299,120836.68,119515.2909067966,111780.7490393852
IN_C10,2025-10-01,122227.8181961825,119738.336,118689.94033590413,110340.43607589876
IN_C10,2026-01-01,123529.55769528133,122124.48,120475.5133045825,112576.74249991677
IN_C10,2026-04-01,123849.91610488511,121481.77,119273.83516882632,113559.90343709367
IN_C10,2026-07-01,125907.45330725898,122862.02,118402.29710180804,114671.8143983244
IN_C10,2026-10-01,126622.17459011098,120268.71,116913.67225481078,115805.43036137038
IN_D01,2025-01-01,26836.027512425055,24773.428,25632.76276053916,26411.615082922046
IN_D01,2025-04-01,26930.912028533712,23802.96,25108.62706069165,25225.429915936285
IN_D01,2025-07-01,28185.279776268722,25680.117,25899.093020332155,24441.4336769929
IN_D01,2025-10-01,29908.42860850884,25492.63,26406.05265604039,22584.37670023681
IN_D01,2026-01-01,30121.433795695157,26537.086,29565.473369146766,23283.846267568166
IN_D01,2026-04-01,30233.387003037507,27713.348,28990.91366630715,22422.673995766963
IN_D01,2026-07-01,30185.619851940577,27486.143,28957.211646418727,21421.197922241576
IN_D01,2026-10-01,29804.540933301996,27634.498,28598.15730545698,20194.36577834809
IN_D02,2025-01-01,5046.217667116024,3552.7354,3630.1951949611375,3805.636582590756
IN_D02,2025-04-01,3998.889673682908,3324.209,3236.846133210029,3552.3710673589994
IN_D02,2025-07-01,5110.16667012104,3639.1128,3689.488883993173,3295.5805307694936
IN_D02,2025-10-01,4987.624807380935,3312.7026,3704.135242779059,2366.556908415213
IN_D02,2026-01-01,6186.431754854033,3834.731,3825.0042513257417,2868.4332729627486
IN_D02,2026-04-01,5232.321204687313,3407.736,3823.478699533471,2287.6448805230384
IN_D02,2026-07-01,5299.887859610277,3644.0488,3775.0580190663354,1464.1034955950854
IN_D02,2026-10-01,5422.21001915182,3338.4905,3712.290963682091,364.00646341662923
IN_D04,2025-01-01,16472.992125788554,14628.5625,16115.886214634787,18021.9671943795
IN_D04,2025-04-01,16701.366419877722,16011.84,16880.668392683794,17562.974145182787
IN_D04,2025-07-01,16876.108358273323,16579.348,17803.60084995665,16884.75143255131
IN_D04,2025-10-01,16711.27770510769,17165.164,18008.746308559872,16045.150625718696
IN_D04,2026-01-01,18166.575528643767,17151.318,17734.212685759925,16638.475459572688
IN_D04,2026-04-01,18365.814573416108,17426.518,17711.715043555312,15843.99298306409
IN_D04,2026-07-01,18497.07236038408,17580.826,17788.476434796557,14738.979155364796
IN_D04,2026-10-01,18251.185623285135,17819.027,17720.61681540347,13359.756415990141
IN_D05,2025-01-01,7703.206538238091,6696.5366,7128.685443718556,4766.136622395601
IN_D05,2025-04-01,5687.650037365525,5134.066,6514.3597371114,4243.91714193766
IN_D05,2025-07-01,6639.970491159724,6530.391,6431.156062515907,3647.056794357002
IN_D05,2025-10-01,5816.203557254922,6840.93,7366.21218188306,2238.462430492972
IN_D05,2026-01-01,6508.410221641094,6610.1763,6577.232310400863,2350.662078191788
IN_D05,2026-04-01,5401.54114508769,6029.4814,6555.911395699729,1383.2652688374556
IN_D05,2026-07-01,5443.929610689387,6184.0913,6106.789796449911,192.76179804224012
IN_D05,2026-10-01,5555.651013506946,6142.852,6286.94427910427,-1244.4816293774438
IN_D06,2025-01-01,16327.330938017023,11230.297,12079.762938704072,4548.242673287006
IN_D06,2025-04-01,17920.101001665076,12843.938,12431.78282773204,4680.922920429082
IN_D06,2025-07-01,19326.117387587386,12733.506,14203.032602384434,4816.72786740942
IN_D06,2025-10-01,19200.576150930316,13831.954,13948.659025529872,5618.692165989718
IN_D06,2026-01-01,18564.05295842293,13301.233,14084.06797949824,7217.250898356608
IN_D06,2026-04-01,18763.29200319527,12406.685,13674.390149543244,8200.388391000242
IN_D06,2026-07-01,18497.07236038408,11340.676,13731.569513152053,9077.635216962086
IN_D06,2026-10-01,18251.185623285135,12689.807,13776.361159286462,9889.92092821737
IN_D07,2025-01-01,68883.84551393948,65460.984,68389.4581301671,69412.69673233239
IN_D07,2025-04-01,88038.51490200433,81288.46,76349.75459639437,69149.16033287482
IN_D07,2025-07-01,69961.96547229456,80073.1,70865.00573378922,60570.721037337986
IN_D07,2025-10-01,77656.98235113868,89506.1,74342.92464397977,60053.11114712761
IN_D07,2026-01-01,69564.1550265375,79980.0,72289.69799516971,56828.83617630509
IN_D07,2026-04-01,80181.53342253913,90007.02,75122.33913164673,53935.83726042498
IN_D07,2026-07-01,68658.80283175531,90606.9,72748.78072984863,50560.91342238313
IN_D07,2026-10-01,80136.18896101903,95699.03,74533.27027394007,48156.330032547085
IN_D08,2025-01-01,1489.72683235689,2528.894,1599.380846891827,1064.5493514134723
IN_D08,2025-04-01,2132.202376562578,3230.1895,1692.2433832267727,1275.8270287023033
IN_D08,2025-07-01,2232.891698878385,2458.7573,1749.9373089967044,4.332207335903149
IN_D08,2025-10-01,2236.1001882656547,2190.9482,1784.255436473733,-821.7747719494773
IN_D08,2026-01-01,2631.041334684111,2462.5242,1760.2904299021886,-499.45065700203577
IN_D08,2026-04-01,1928.2772941074352,2205.9978,1773.2552672420347,-1127.9513594521445
IN_D08,2026-07-01,1878.2810318237534,2199.949,1771.445577896571,-2081.1224772618953
IN_D08,2026-10-01,1861.785668390188,2046.0562,1782.4497724390937,-3169.3824012755995
IN_D10,2025-01-01,23958.63179730598,26510.818,24778.82273109453,17297.694878827486
IN_D10,2025-04-01,25747.174135884383,26089.1,24060.008484349135,15279.452000579397
IN_D10,2025-07-01,26106.92795758639,26103.447,24647.993279947867,14559.450852061324
IN_D10,2025-10-01,26584.312441378905,25849.9,24449.97663022309,13515.805372405604
IN_D10,2026-01-01,27381.54225880162,27990.746,25905.616822391254,13819.347743830964
IN_D10,2026-04-01,29632.07736704967,28203.824,25908.54033025522,13779.471039378048
IN_D10,2026-07-01,29854.76226950172,27657.9,26484.072949945163,14008.221507681876
IN_D10,2026-10-01,29579.375310799398,28153.236,27548.3187085728,14315.783010594521
IN_D11,2025-01-01,15209.842689453704,14938.25,14735.690352493937,14311.362413600753
IN_D11,2025-04-01,14543.579353796717,15220.513,14425.677540514696,13105.354538429507
IN_D11,2025-07-01,14992.707655720344,14324.252,14201.949032633263,11681.579792082162
IN_D11,2025-10-01,14505.585473530758,14570.32,13829.844813608399,10385.315445183438
IN_D11,2026-01-01,15089.66451598535,14509.993,14397.579210862446,10260.782742600244
IN_D11,2026-04-01,14334.175463223848,14309.396,13829.502130035238,8992.55673842952
IN_D11,2026-07-01,14284.179200940163,14463.705,13937.867462448687,7532.183713931448
IN_D11,2026-10-01,13596.17984091452,14455.542,13664.336189530544,5943.9869734404
IN_G01,2025-01-01,16900.0277091605,11094.903,11423.789350384217,7085.20170280325
IN_G01,2025-04-01,20846.878431135905,13140.553,13586.338135150067,8072.742516934773
IN_G01,2025-07-01,20268.334093288035,12776.123,14679.800063568217,9628.082984116894
IN_G01,2025-10-01,21810.917561635382,12799.871,14256.513832677987,11026.635315005553
IN_G01,2026-01-01,20349.08201515835,12983.132,14497.908795368392,13690.073192920132
IN_G01,2026-04-01,20875.85586208637,12009.224,13931.564223670877,15417.395338151211
IN_G01,2026-07-01,20589.184882611917,10787.465,13851.33876766262,16944.885796806593
IN_G01,2026-10-01,20266.145988122833,11824.695,13792.213693303132,18153.87373853497
IN_G02,2025-01-01,15507.508852645993,7999.2505,12656.438597122095,14950.61870306927
IN_G02,2025-04-01,17933.897660508985,12584.401,12770.840654632164,13928.468247747332
IN_G02,2025-07-01,17796.548709334762,11632.899,13156.695099099072,15908.299432087304
IN_G02,2025-10-01,18391.52845243496,12452.849,13762.067545064472,16248.302161699903
IN_G02,2026-01-01,18104.985248553396,12758.258,14282.59948070183,18905.73486342721
IN_G02,2026-04-01,18547.068622667764,12270.077,13674.58986691035,19519.915216777674
IN_G02,2026-07-01,18497.07236038408,10735.496,13874.485905704352,20095.626387111384
IN_G02,2026-10-01,18251.185623285135,11382.668,13720.082739970094,20105.593200177096
IN_G03,2025-01-01,81687.47026701266,83527.83,75619.19079512934,69686.82020614116
IN_G03,2025-04-01,87937.18557838026,85894.125,75680.6815243649,68407.53580705721
IN_G03,2025-07-01,85443.44871154575,87960.88,77858.79057504694,66681.34072171382
IN_G03,2025-10-01,84670.98380464035,88724.98,77850.29472081088,65392.291166171955
IN_G03,2026-01-01,89615.74933754496,92148.914,79959.60223553206,66315.90794458601
IN_G03,2026-04-01,88782.58243317601,93609.59,81161.30173528167,66640.07709301294
IN_G03,2026-07-01,88671.82218292574,94490.91,81188.50992556168,67133.98575979612
IN_G03,2026-10-01,88237.86744404618,91051.48,80638.84771100558,67819.32189933692
IN_G04,2025-01-01,32614.085630499234,32657.521,32732.869564792178,31073.95592382442
IN_G04,2025-04-01,33668.67282756491,33247.555,33668.597805509286,31120.519048340728
IN_G04,2025-07-01,33568.49580270839,32173.752,33257.17865224108,31027.76852859121
IN_G04,2025-10-01,32096.494310559578,32897.16,33301.28024575638,30339.037287662795
IN_G04,2026-01-01,33491.16300151929,31839.598,33356.875232381986,31501.800629931007
IN_G04,2026-04-01,34553.36619948581,31722.914,33136.779272620595,31402.346357972747
IN_G04,2026-07-01,33902.05458424969,31434.678,32819.25570186122,31043.023549947095
IN_G04,2026-10-01,33404.408592402455,30676.299,32789.99792425719,30416.067674507314
IN_H01,2025-01-01,4423.5335579820885,3783.3086,3767.848118463727,4349.336206941374
IN_H01,2025-04-01,4279.642758898135,3526.0754,3693.7937509295357,4284.9108128872085
IN_H01,2025-07-01,4984.416317993664,3526.0754,3738.2063610027944,3943.464800788477
IN_H01,2025-10-01,5469.175269431631,3312.7026,3643.409751693017,3311.3332608714545
IN_H01,2026-01-01,6364.368470561985,3834.731,3764.8396709419617,3857.073739541691
IN_H01,2026-04-01,5232.321204687313,3407.736,3744.690757437239,3355.092192619605
IN_H01,2026-07-01,5299.887859610277,3644.0488,3765.800864032022,2570.74463509988
IN_H01,2026-10-01,5422.21001915182,3338.4905,3695.315984892321,1523.0709186641152
IN_H02,2025-01-01,40104.07890925015,45497.73,41132.27056983527,49065.91877111504
IN_H02,2025-04-01,40482.266764109925,33701.332,39824.710469580255,45837.8729908772
IN_H02,2025-07-01,37467.69478835735,34020.94,39231.961484947446,42875.37237057811
IN_H02,2025-10-01,34006.64500660131,37496.457,38766.1754294098,39588.443917077195
IN_H02,2026-01-01,30578.33664953374,34362.625,37208.91384060461,38026.394241570946
IN_H02,2026-04-01,30054.781793803795,36586.703,38190.74000005536,34449.85135516993
IN_H02,2026-07-01,31044.413509106023,34903.13,38311.222989764756,30639.398500994204
IN_H02,2026-10-01,30029.583858554008,36426.844,38223.84560127046,26675.672673284706
IN_H03,2025-01-01,52248.89232626384,50847.87,53731.09243231531,53881.18676928469
IN_H03,2025-04-01,53414.73489517676,55547.293,53102.86661607733,55036.90885881977
IN_H03,2025-07-01,53846.17148938647,55540.883,54724.64562424008,56093.63911517485
IN_H03,2025-10-01,55970.33063579696,54959.52,55295.56475441125,56675.04001836117
IN_H03,2026-01-01,57191.9069208592,52082.836,56858.110734016314,60132.42110823501
IN_H03,2026-04-01,57367.74001366508,50504.21,57370.40247149693,61976.56224986045
IN_H03,2026-07-01,57225.24311284559,54746.66,57192.347145529304,63537.280975185524
IN_H03,2026-10-01,58112.413734476795,58088.81,57389.38420901507,64786.26642354112
IN_H04,2025-01-01,2227.9446855600468,1710.8972,1569.4476499747284,2351.6896180223002
IN_H04,2025-04-01,2344.429319923472,1911.0117,1627.9852192253686,2141.648538859711
IN_H04,2025-07-01,2314.915066920019,2152.9634,1789.279140446615,1676.3662648947738
IN_H04,2025-10-01,2318.1235563072887,1902.8494,1680.5524222824235,891.9604098099235
IN_H04,2026-01-01,2631.041334684111,2064.0847,1719.2023684169396,1239.54341662534
IN_H04,2026-04-01,1928.2772941074352,1958.2279,1743.9102168272007,569.6955363595298
IN_H04,2026-07-01,1878.2810318237534,2032.714,1756.9653156012744,-370.28405890124577
IN_H04,2026-10-01,1861.785668390188,1878.8215,1746.8513623736933,-1562.2265707899087
IN_H05,2025-01-01,2481.0068365423076,1903.0842,1476.8584007825016,3177.1198464815006
IN_H05,2025-04-01,3015.011395035299,2190.953,1557.3518013413993,3671.533160934001
IN_H05,2025-07-01,3337.676199522711,2087.0432,1672.5722389307277,3928.454407452691
IN_H05,2025-10-01,3660.9061589712974,2069.7996,1746.8051690719433,3907.427132365805
IN_H05,2026-01-01,4068.39672061743,2399.555,1893.5787291469005,5177.186271343995
IN_H05,2026-04-01,3781.4673650404716,2346.2766,2070.7399640957137,5255.035069180984
IN_H05,2026-07-01,3849.515995365704,2420.763,2158.7413016802448,4993.596406854287
IN_H05,2026-10-01,4007.3940599453636,2213.0076,2273.4927442938133,4420.081279740358
IN_J01,2025-01-01,291143.1257780653,307788.1,282430.0980991456,276115.38945293945
IN_J01,2025-04-01,314836.88879162405,328893.62,287574.78453532484,267223.28629918926
IN_J01,2025-07-01,333289.8093523074,347571.38,289227.0177909836,262245.593842772
IN_J01,2025-10-01,343317.312406507,335640.34,289587.3411233949,261183.67742904235
IN_J01,2026-01-01,349613.1826382157,315598.2,289040.74221173546,257969.44489742554
IN_J01,2026-04-01,334706.8247634634,277988.56,288922.10283014766,254552.41905809887
IN_J01,2026-07-01,337364.0302868439,299634.72,289468.7017418071,251962.18426418654
IN_J01,2026-10-01,332089.1492356845,284947.2,288703.3609850498,250176.59596768976
IN_J02,2025-01-01,20522.08699548346,24107.904,21323.109783365806,17014.413990190285
IN_J02,2025-04-01,20754.647155768278,21477.984,21406.16576122744,16837.589800911268
IN_J02,2025-07-01,20287.46396645856,22979.31,21761.439301985323,14868.44833430872
IN_J02,2025-10-01,20173.801190867234,22239.299,22087.485600404845,12855.74273745767
IN_J02,2026-01-01,19844.59852273585,20815.29,22091.696749653882,11605.26897379159
IN_J02,2026-04-01,18833.7904097862,22846.912,22642.683301329896,10015.49852716246
IN_J02,2026-07-01,18783.794147502518,23175.0,22803.66807905395,8220.49240754319
IN_J02,2026-10-01,18251.185623285135,21799.941,22584.995163215117,6431.5953545300745
IN_J04,2025-01-01,1188.6338493394871,758.6273,425.50118366894924,1237.4833722225276
IN_J04,2025-04-01,1364.6577239528935,749.4969,428.07403323582787,1079.4119022879904
IN_J04,2025-07-01,1292.526688724754,912.5075,388.4699380424407,640.5091035181567
IN_J04,2025-10-01,1295.7351781120242,752.99695,380.66731389155285,-74.77608758210499
IN_J04,2026-01-01,1352.1385866965559,886.3111,390.94502237638363,316.87788457123224
IN_J04,2026-04-01,916.1631879794287,614.31055,376.7294570219934,-307.1537401584919
IN_J04,2026-07-01,646.4573113283535,894.66656,372.582094443776,-1207.8793485719452
IN_J04,2026-10-01,861.7516274821772,500.68442,385.8189246523369,-2363.0235559054827
IN_J05,2025-01-01,27603.70161826977,28787.71,28294.98833499795,24017.150407717283
IN_J05,2025-04-01,29925.967098457575,27714.354,30910.516629538437,21949.8630408347
IN_J05,2025-07-01,30554.645008484356,28476.953,30401.46202195492,21802.222331368335
IN_J05,2025-10-01,30988.978827346124,29955.959,29914.967236955454,21201.373561042918
IN_J05,2026-01-01,31062.97685419019,28164.959,30088.06737745477,22940.80374917044
IN_J05,2026-04-01,30927.19354959058,26795.113,30243.72712688077,23233.417662045
IN_J05,2026-07-01,30879.426398493648,27443.271,30343.7563984652,23621.65643599826
IN_J05,2026-10-01,29944.3434674685,27590.158,30379.49655572521,23885.179254712628
IN_J06,2025-01-01,1898.4278271943401,1676.5739,1815.867830687775,1932.9305967356286
IN_J06,2025-04-01,2854.8467759325113,1736.8156,1834.3699206181304,1668.8582058716065
IN_J06,2025-07-01,2913.3026371144056,1988.5089,1900.981546805087,1289.0650359414685
IN_J06,2025-10-01,2998.534494543312,1775.136,1920.022879113407,602.2007580617219
IN_J06,2026-01-01,3210.890692743998,2186.362,2194.207604658766,1147.0064167377113
IN_J06,2026-04-01,2949.6004768600174,2008.5834,2205.9835082401887,655.0468591997296
IN_J06,2026-07-01,2978.6479901856574,2154.991,2239.853810945724,-78.57324335048452
IN_J06,2026-10-01,2877.526657864693,1947.236,2280.5209028979684,-1054.182289752539
IN_L01,2025-01-01,20318.76848761973,18626.734,19133.53694803552,18497.515732356933
IN_L01,2025-04-01,20539.634412638075,20165.541,20233.284915747172,18087.88824695727
IN_L01,2025-07-01,20472.675212222053,21478.5,19644.25327715041,16845.35087788503
IN_L01,2025-10-01,20359.01243663073,21660.645,19488.845055611688,16011.425519307395
IN_L01,2026-01-01,20714.550450795094,20197.777,19156.702501944135,16668.430264252398
IN_L01,2026-04-01,20792.222943997884,20490.053,19650.76761924952,16338.460237165371
IN_L01,2026-07-01,20797.528210880442,22101.01,19904.48669998234,15832.411247516502
IN_L01,2026-10-01,20481.143067190565,22046.463,19632.00037909814,15265.17639571834
IN_L02,2025-01-01,15449.139659054616,11488.241,12138.23016471998,10495.234647852545
IN_L02,2025-04-01,17033.81153991761,11181.262,13077.359965426995,11300.750201589572
IN_L02,2025-07-01,17588.01231658121,11678.567,13692.720309121798,12559.019603623143
IN_L02,2025-10-01,19395.512305528366,14265.034,14276.676851030481,12614.469586881823
IN_L02,2026-01-01,17958.264169906863,13556.007,14146.42699844482,15270.376579216536
IN_L02,2026-04-01,18547.068622667764,12222.5205,13786.893058048958,16231.97959995181
IN_L02,2026-07-01,18497.07236038408,10885.652,13883.20490676095,16879.125610832154
IN_L02,2026-10-01,18251.185623285135,12234.785,13782.26881413515,17060.511911083013
IN_L03,2025-01-01,1476.8729196657061,1328.0975,1084.5428248019743,1709.1774363317036
IN_L03,2025-04-01,2008.0080134523166,1260.7086,1101.973386910917,1645.3926143297685
IN_L03,2025-07-01,2232.891698878385,1455.5355,1303.7303580036437,1271.5507897933985
IN_L03,2025-10-01,2236.1001882656547,1479.7065,1409.1831347136992,655.9968773314313
IN_L03,2026-01-01,2631.041334684111,1593.4569,1310.8079559505452,1198.8555437770165
IN_L03,2026-04-01,1928.2772941074352,1415.6779,1310.4907137709693,697.7120462774519
IN_L03,2026-07-01,1878.2810318237534,1351.7443,1365.0515978753574,-87.49218734961141
IN_L03,2026-10-01,1861.785668390188,1197.8508,1366.983833239432,-1131.1328078573379
IN_L04,2025-01-01,20020.01265441118,19169.602,21467.901798804818,20000.582236228416
IN_L04,2025-04-01,18926.124338153848,18663.904,21209.22013355303,18901.204776998646
IN_L04,2025-07-01,18690.031854842968,19185.924,21788.65538033061,17852.525603225673
IN_L04,2025-10-01,18360.145698724136,18960.754,21499.00743333324,16152.433783078075
IN_L04,2026-01-01,18523.61875472802,17928.584,22070.199225937882,15873.330392851138
IN_L04,2026-04-01,18722.85779950036,19420.055,22279.505094115255,14745.131003593768
IN_L04,2026-07-01,18672.86153721668,20143.875,22873.365845124317,13528.552862292701
IN_L04,2026-10-01,18426.974800117732,20936.16,22539.101317719436,12197.277486047282
IN_M01,2025-01-01,63595.1174086537,61693.008,59540.64226273378,63052.892715847585
IN_M01,2025-04-01,63061.126013061046,53926.99,56098.61472997302,65042.68571998518
IN_M01,2025-07-01,69692.22066730604,59477.477,56554.100212504476,65406.04184722139
IN_M01,2025-10-01,67881.70500033553,55215.473,57602.20548665898,62730.64055373144
IN_M01,2026-01-01,64557.84362117557,51837.625,57394.13781058696,65385.519901187334
IN_M01,2026-04-01,59182.63107583387,49587.027,57350.696888466126,65821.00010716195
IN_M01,2026-07-01,56806.155826773,51609.203,57199.592051205946,65713.76597613208
IN_M01,2026-10-01,57542.62514919083,53919.266,57201.947130354165,65063.86955753458
IN_M02,2025-01-01,18542.633705393844,19428.467,16819.72086766865,-1567.078360345115
IN_M02,2025-04-01,26801.529797529667,23240.076,18473.94303867482,-2382.341101867745
IN_M02,2025-07-01,29474.765243634592,21458.465,19291.028627653144,-2005.7030411159049
IN_M02,2025-10-01,31639.90010021055,25063.732,20413.233386579403,-871.2171101208905
IN_M02,2026-01-01,31560.967490515726,25804.975,23109.991545496912,1710.0334487577165
IN_M02,2026-04-01,31038.718570754438,24443.14,23649.29464163808,4476.9479464019805
IN_M02,2026-07-01,31064.532866956568,26059.77,24214.692041212013,7683.505596604959
IN_M02,2026-10-01,29944.3434674685,26144.521,24546.631134738967,11137.923518419784
IN_M03,2025-01-01,92334.04762941253,91452.766,84622.46602935506,83148.60231762542
IN_M03,2025-04-01,95467.10104149819,90517.336,83537.16633750968,81993.56946413322
IN_M03,2025-07-01,95938.30559111947,94727.12,84762.66690579549,80775.77105816691
IN_M03,2025-10-01,96621.77637973826,92847.375,84798.27045290907,78964.15834376986
IN_M03,2026-01-01,103312.96825719542,92617.5,85079.12645942018,80247.76465536038
IN_M03,2026-04-01,100443.31744196177,92915.73,86199.10130821845,80367.47175129704
IN_M03,2026-07-01,105083.9901635886,93711.34,86850.21926758495,80557.97318881127
IN_M03,2026-10-01,101879.26873326197,91248.92,87944.87906840516,80763.84316076609
IN_M04,2025-01-01,8044.586457750123,7335.904,7898.276756220379,7077.321848435226
IN_M04,2025-04-01,7677.599631873309,7191.5894,6979.46811162157,7067.2508925092025
IN_M04,2025-07-01,8510.162110992445,7772.2534,6986.2548584479055,6800.269847487014
IN_M04,2025-10-01,9294.078834245089,7866.2944,6923.4070787324645,6231.968242385758
IN_M04,2026-01-01,10471.742386725999,7043.619,7445.069037002261,6961.301962190639
IN_M04,2026-04-01,10038.29329502013,6775.2144,6794.699363660035,6613.5861787224785
IN_M04,2026-07-01,9525.457515061917,7000.2144,6811.419241959559,5991.041407321434
IN_M04,2026-10-01,9455.83318644205,6346.7397,6608.841379087859,5111.92370964532
IN_M05,2025-01-01,4638.512330040489,5307.188,3808.6883267751637,4384.531954820188
IN_M05,2025-04-01,4279.642758898135,4352.099,3582.6425828154,4255.734155060949
IN_M05,2025-07-01,4984.416317993664,5282.813,3653.14559010594,3837.9563701534244
IN_M05,2025-10-01,5469.175269431631,5252.441,3599.3125115389375,3121.245118239126
IN_M05,2026-01-01,6364.368470561985,5540.6587,3764.6747047404933,3669.4157837266557
IN_M05,2026-04-01,5232.321204687313,5288.5986,3732.4545495065377,3186.8917511067093
IN_M05,2026-07-01,5299.887859610277,5134.4614,3771.764359745349,2445.3643357315304
IN_M05,2026-10-01,5422.21001915182,4980.567,3690.4394409870188,1463.192222747859
IN_N01,2025-01-01,4129.9380793788305,3743.703,3980.163269701657,4761.476538290128
IN_N01,2025-04-01,4279.642758898135,3526.0754,3825.7921928638457,4993.062503821837
IN_N01,2025-07-01,4984.416317993664,3447.7197,3795.4825398709486,4934.785484543427
IN_N01,2025-10-01,5469.175269431631,3312.7026,3682.830858391575,4433.212163950489
IN_N01,2026-01-01,6364.368470561985,3834.731,3820.7431946285687,5124.354468771917
IN_N01,2026-04-01,5232.321204687313,3407.736,3779.5517481321444,4719.276727015227
IN_N01,2026-07-01,5299.887859610277,3644.0488,3752.9357542722237,3984.9140705617283
IN_N01,2026-10-01,5422.21001915182,3338.4905,3705.4087618146095,2932.243777182196
IN_N02,2025-01-01,443101.29216817947,403288.0,410273.29427578044,352258.1331277211
IN_N02,2025-04-01,425890.3733593738,388144.9,392790.5351458863,346995.99666566245
IN_N02,2025-07-01,441950.0844558288,377596.66,404398.1258520944,333557.7428081046
IN_N02,2025-10-01,430168.6655889019,388229.5,400922.3763576487,312385.1393922036
IN_N02,2026-01-01,447541.36860169045,360710.12,402317.1730538124,306360.56332372123
IN_N02,2026-04-01,424573.2553073766,340627.16,402317.17305381224,299607.1828107624
IN_N02,2026-07-01,438527.2477396497,370992.78,402317.17305381235,294270.0702570586
IN_N02,2026-10-01,425408.7201297968,370880.72,402317.1730538126,290852.9224363516
IN_N03,2025-01-01,146347.4954069731,151104.9,141240.4080401804,140938.93844469328
IN_N03,2025-04-01,135838.6819179445,145782.97,140204.67481627534,142186.9972529718
IN_N03,2025-07-01,150982.3758294042,148598.39,143833.64400215232,143497.09668113122
IN_N03,2025-10-01,138397.8630922496,149831.72,143920.9695369331,143955.30526083516
IN_N03,2026-01-01,148171.70974491144,158352.28,144085.7801527433,148428.22317728284
IN_N03,2026-04-01,141081.64789210705,163381.58,144313.53914180497,151084.55422373116
IN_N03,2026-07-01,149558.50242527432,170292.58,144385.49298442714,153558.09312593867
IN_N03,2026-10-01,153564.17467170843,172588.11,144177.76620353805,155753.59984393517
IN_N04,2025-01-01,22101.471655699934,21067.227,21593.512409817235,19494.63954071337
IN_N04,2025-04-01,22613.400264486896,23372.123,21881.709470427373,19625.81560230798
IN_N04,2025-07-01,24687.046737731383,21018.35,23131.656630032023,19502.40610904238
IN_N04,2025-10-01,23977.081366359682,21743.148,22239.27648767614,19053.66435860081
IN_N04,2026-01-01,24996.34095139666,21020.5,22763.06642944071,20170.363459471675
IN_N04,2026-04-01,24645.878969933678,23171.53,23478.09397178813,20150.195191265128
IN_N04,2026-07-01,25422.922364989077,23709.105,23245.68875165727,19868.91190614458
IN_N04,2026-10-01,24956.393691753805,22418.168,23582.74810625617,19350.53953880444
IN_N05,2025-01-01,289799.8032946111,340015.88,336285.34114383213,315538.87120183354
IN_N05,2025-04-01,295497.86239585635,348406.9,352485.294438075,307492.80659606616
IN_N05,2025-07-01,281895.4779983009,338303.66,355045.3733989519,300904.6149558935
IN_N05,2025-10-01,289357.88973098586,312484.9,357945.56657926197,292987.2100263848
IN_N05,2026-01-01,284497.33272069617,300696.28,360786.8405490957,291858.59997957986
IN_N05,2026-04-01,269392.8881262373,334297.25,363129.8483130955,290654.07834296144
IN_N05,2026-07-01,265423.4280180964,338252.47,367451.1648664971,291185.4065201491
IN_N05,2026-10-01,253748.34620205782,320667.5,379796.98522735137,293215.34010422486
IN_N06,2025-01-01,620739.5429402391,578451.6,620686.2679391315,576931.953085597
IN_N06,2025-04-01,620739.5429402391,578451.6,624740.7903212827,566832.9414575682
IN_N06,2025-07-01,594497.3390642114,612693.3,624810.4019428386,559318.8628038496
IN_N06,2025-10-01,612296.6288212186,606651.5,624810.4019428384,551044.0724056194
IN_N06,2026-01-01,619592.020246807,569349.44,624810.4019428386,554067.0301648746
IN_N06,2026-04-01,578134.6466175052,589814.2,624810.4019428384,556986.7770387057
IN_N06,2026-07-01,598864.4781999908,566412.75,624810.4019428384,562612.0772462374
IN_N06,2026-10-01,597682.924682992,558431.6,624810.4019428383,570149.0799784036
IN_N07,2025-01-01,54250.20603681152,56251.414,54629.2382866804,54657.898640056475
IN_N07,2025-04-01,57829.62296222656,55605.06,55423.610235671666,54843.13843664235
IN_N07,2025-07-01,57458.81446164497,53668.402,56474.95998040983,54454.804345272925
IN_N07,2025-10-01,58118.03486813166,55272.914,57005.32399088546,56037.3297108808
IN_N07,2026-01-01,57909.458784988135,53162.62,57231.27000603228,57448.05652140328
IN_N07,2026-04-01,56683.92711908305,54166.83,57234.33107211462,58151.41771367524
IN_N07,2026-07-01,56387.85939098133,56240.625,57206.25940227694,58611.42641927296
IN_N07,2026-10-01,57058.12697100537,57957.59,57082.044309801786,59093.889347178
IN_P01,2025-01-01,7516.18694560255,6165.6177,6139.320108610968,6143.279571419776
IN_P01,2025-04-01,6833.805724413648,5847.399,6210.50981025707,6510.789745569362
IN_P01,2025-07-01,6876.731871685782,6375.72,6419.5261755554375,6663.87772935292
IN_P01,2025-10-01,6579.141431761576,6177.016,6654.300554678071,6587.449938937978
IN_P01,2026-01-01,7843.23126889834,6762.5493,7399.487747842212,7769.1719598243835
IN_P01,2026-04-01,6660.038769236012,6571.4585,6871.910222125637,7820.543138334997
IN_P01,2026-07-01,6796.439906308807,6472.2915,6996.194040696195,7565.3477031061375
IN_P01,2026-10-01,6426.016648377454,6492.05,6747.48752794927,7028.738668087333
IN_P02,2025-01-01,1179.148048176042,687.8022,251.9695080175479,1084.7608170367084
IN_P02,2025-04-01,1364.6577239528935,739.6219,268.93874015764607,914.4639724979897
IN_P02,2025-07-01,1292.526688724754,846.26917,291.83149976350984,493.94476338347886
IN_P02,2025-10-01,1295.7351781120242,752.99695,304.79415536299075,-184.5273215390671
IN_P02,2026-01-01,1352.1385866965559,902.5308,319.7228077955474,217.59074191971285
IN_P02,2026-04-01,916.1631879794287,614.31055,315.05457268701264,-392.0384813340197
IN_P02,2026-07-01,646.4573113283535,894.66656,328.5975102927401,-1276.273566135952
IN_P02,2026-10-01,861.7516274821772,500.68442,326.0890331478282,-2415.2644312443954
IN_P03,2025-01-01,5350.046569238823,5744.2515,3922.870437349078,5117.098411508154
IN_P03,2025-04-01,5344.927035958708,5116.1177,3729.703443018124,5481.229019183274
IN_P03,2025-07-01,5805.930674116408,5187.2075,3745.770455138869,5589.849248977065
IN_P03,2025-10-01,6151.455131858701,5915.8394,3767.0825682142895,5246.928968634384
IN_P03,2026-01-01,6612.8533328464555,5806.9097,3897.639144156927,6321.56639030989
IN_P03,2026-04-01,5642.193976667991,5140.448,3948.4531285387307,6210.349211174533
IN_P03,2026-07-01,5736.239465463417,5278.9575,3948.7304282443597,5774.536538063276
IN_P03,2026-10-01,5656.014380119557,5314.817,3895.7760418317243,5027.344496002921
IN_R01,2025-01-01,62740.67340524047,62142.727,60868.36956146659,64793.37016458575
IN_R01,2025-04-01,58639.81539504251,63927.52,60427.203308319695,63808.393119287575
IN_R01,2025-07-01,68372.35233086081,60837.055,59557.241158676974,67070.12605457379
IN_R01,2025-10-01,67146.05636147922,60390.48,57385.594069145685,64434.810222679895
IN_R01,2026-01-01,64657.61354974726,57013.15,56171.82478055101,66502.33133422463
IN_R01,2026-04-01,60507.103912110906,56957.934,56530.04227904179,65950.48860246403
IN_R01,2026-07-01,58962.50117905606,60332.09,56761.65654753723,65335.096906338906
IN_R01,2026-10-01,56844.30993665973,59774.5,57484.45278161963,63686.01449106254
IN_R02,2025-01-01,17839.490005272004,27840.242,17713.32651651838,17135.469328173334
IN_R02,2025-04-01,23365.34221874538,26503.852,18105.13729177593,19586.33549586437
IN_R02,2025-07-01,19589.235220423463,24051.408,18559.694208919103,17015.14620778313
IN_R02,2025-10-01,19676.329517227463,22446.312,18801.9273830753,16412.326710664194
IN_R02,2026-01-01,18564.05295842293,22285.146,18698.799691905835,16773.870746036762
IN_R02,2026-04-01,18833.7904097862,23770.523,19909.617259794588,16412.347424948788
IN_R02,2026-07-01,18497.07236038408,23127.045,19915.73627002483,15390.566508013602
IN_R02,2026-10-01,18251.185623285135,21467.566,19756.092389956142,14361.764314339911
IN_R03,2025-01-01,223387.90130725884,242921.78,231258.3279640955,215911.8531018332
IN_R03,2025-04-01,236081.354348197,241482.4,235748.68691464342,213040.3913943366
IN_R03,2025-07-01,246140.82030768524,244238.27,239103.89105393537,213807.23034615308
IN_R03,2025-10-01,246457.06074977157,236648.5,230882.96374062428,212772.8102960902
IN_R03,2026-01-01,256881.05252168316,244033.58,236732.6715493857,218627.98073077138
IN_R03,2026-04-01,255888.07646450266,233113.97,238796.89715105906,223203.2775660283
IN_R03,2026-07-01,256918.80299447195,244459.1,240419.85703283106,228770.7843288926
IN_R03,2026-10-01,253409.3579902694,230541.36,239384.9720392713,234639.54685378284
IN_R05,2025-01-01,54744.731160423275,57442.574,54002.41747010357,55501.833033611714
IN_R05,2025-04-01,57565.361766018155,56035.09,55476.20643859154,55188.10052184197
IN_R05,2025-07-01,57866.239839517955,58372.99,56631.64559364863,56338.49730781423
IN_R05,2025-10-01,58132.67731009773,56756.473,57527.14060322488,57350.34228690442
IN_R05,2026-01-01,57894.81634302207,56055.29,57471.824771105516,59219.77591833431
IN_R05,2026-04-01,56683.92711908305,57592.195,57323.65549732744,59843.86368098592
IN_R05,2026-07-01,56387.85939098133,56027.266,57331.436066711045,60340.60408875057
IN_R05,2026-10-01,57058.12697100537,59235.254,57160.852805711,60510.4899348739
IN_R06,2025-01-01,115052.14171170394,111773.27,116075.91349577757,104129.56582888079
IN_R06,2025-04-01,107774.9786984042,106395.58,113798.48806437709,103434.79302132374
IN_R06,2025-07-01,114958.22934615929,105493.13,115843.61793961552,105576.84248468162
IN_R06,2025-10-01,117352.44656655248,110114.24,117079.47903539204,103251.26968174067
IN_R06,2026-01-01,122774.46935113409,104979.414,119729.14605496202,107895.24365578662
IN_R06,2026-04-01,117541.57482960905,102103.25,118783.75285045944,110761.76354913738
IN_R06,2026-07-01,117813.50991683801,106251.51,118146.19044056894,114067.94792768863
IN_R06,2026-10-01,120436.97452613218,99559.59,117079.45263290725,117005.91208646985
IN_R07,2025-01-01,1227.3011718988248,850.8128,755.6011656159516,1480.2797413024928
IN_R07,2025-04-01,1414.3385818370973,811.5661,761.0047454643792,1275.4262144528984
IN_R07,2025-07-01,1302.800960792011,932.7145,755.3282668757072,793.3208774234463
IN_R07,2025-10-01,1306.0094501792812,848.67255,747.786169205474,57.63554137504616
IN_R07,2026-01-01,1352.1385866965559,961.78033,747.1868500496656,386.0890345494181
IN_R07,2026-04-01,916.1631879794287,810.9275,747.7896097486401,-279.8879849736477
IN_R07,2026-07-01,646.4573113283535,970.13586,739.5534645142357,-1216.952364913699
IN_R07,2026-10-01,861.7516274821772,731.52014,717.8875732735687,-2400.7445781215274
IN_S01,2025-01-01,124637.20621995143,128667.28,124506.1033424676,132835.6625097458
IN_S01,2025-04-01,129828.76296128944,126567.89,128862.53364811714,135556.91148117115
IN_S01,2025-07-01,131693.97363698357,131590.64,129235.65535960333,133554.70176506054
IN_S01,2025-10-01,131333.80394723912,126433.54,128388.20096690033,135911.91565934912
IN_S01,2026-01-01,135295.5486126811,124509.92,129692.04897338331,137582.16153591388
IN_S01,2026-04-01,131807.28577341506,128744.91,129052.96623298101,137921.9672443075
IN_S01,2026-07-01,131692.07297092106,126749.734,129318.88603238309,137250.47145100345
IN_S01,2026-10-01,132119.93790345013,127732.36,128771.15857786979,136657.80167552998
IN_S02,2025-01-01,17024.706000233873,18547.564,16751.16148775366,17703.92705089393
IN_S02,2025-04-01,16107.079011656668,21801.902,17192.250283816586,16991.805914362973
IN_S02,2025-07-01,16456.908733189528,21508.084,16707.394141757846,17112.991429963782
IN_S02,2025-10-01,15747.492842995753,21641.518,17221.49801182212,14812.261626284671
IN_S02,2026-01-01,16120.924880759001,20918.207,16551.13857502781,14703.658717269387
IN_S02,2026-04-01,15792.455490406612,22217.662,17064.318489086734,13418.890869833147
IN_S02,2026-07-01,15228.429985706347,23080.254,17535.043725346513,11970.991166993052
IN_S02,2026-10-01,15117.022606243827,23330.541,17715.102711190375,10140.613693086054
IN_S03,2025-01-01,9066.544462734515,7647.3076,8632.442851557546,8491.61246933129
IN_S03,2025-04-01,10656.532610078748,10923.458,9565.40233823809,7310.931268309376
IN_S03,2025-07-01,10120.24602130715,9410.608,12582.06900862622,7302.088101851166
IN_S03,2025-10-01,9742.398964181288,10790.799,12243.533849332864,7120.986510196037
IN_S03,2026-01-01,9926.469869679984,11260.97,13339.802083981549,7545.33028523571
IN_S03,2026-04-01,9570.869542393168,11231.769,13163.06655757041,7025.920420852823
IN_S03,2026-07-01,9525.457515061917,11406.185,12610.967749255715,6389.2862746749615
IN_S03,2026-10-01,9918.67270411658,10539.718,12161.882255387232,5508.666028566364
IN_V03,2025-01-01,33774.67020546456,29753.504,28964.775008332617,26332.53962210321
IN_V03,2025-04-01,37716.544161269405,25641.996,31107.925273354416,22810.351731903946
IN_V03,2025-07-01,32692.9124641171,25171.457,30233.247139586234,20805.626190269584
IN_V03,2025-10-01,35042.22823597261,28190.008,32578.29163032453,22682.63890664368
IN_V03,2026-01-01,30732.407775261112,29662.555,28997.803540551802,19339.689816443
IN_V03,2026-04-01,31195.614183330123,26403.09,29105.069345319574,17413.332520200674
IN_V03,2026-07-01,29968.028796862076,27688.875,28684.297438113856,15725.503493032542
IN_V03,2026-10-01,30023.718855315634,26484.97,28703.714040245108,14435.8956419651
IN_V04,2025-01-01,10845.174916891678,12730.786,12344.784124103475,13653.17718089811
IN_V04,2025-04-01,10127.763213192407,10350.457,12497.337333310337,13763.536754677734
IN_V04,2025-07-01,9739.190474794015,10665.52,13026.978205767207,12332.487103320658
IN_V04,2025-10-01,10087.545244053157,11331.709,12919.174673864525,11911.287243662075
IN_V04,2026-01-01,9921.88563472755,12003.104,12940.18832502099,11680.046639535478
IN_V04,2026-04-01,10536.77413214393,11676.86,12646.513370438453,10545.192450133234
IN_V04,2026-07-01,10486.777869860245,10880.598,12738.904896871865,8984.936040076775
IN_V04,2026-10-01,10417.15354124038,10726.704,12952.502763422264,7259.512573293632
IN_V07,2025-01-01,1726.682624455084,1439.1023,1065.2204657406303,1797.7879065827337
IN_V07,2025-04-01,2018.0983628227266,1500.7972,1275.7242014746191,1611.8569449822435
IN_V07,2025-07-01,2232.891698878385,1639.2169,1134.3963928617684,1177.8682730349128
IN_V07,2025-10-01,2236.1001882656547,1479.7065,1196.036508502245,475.3283926985223
IN_V07,2026-01-01,2631.041334684111,1593.4569,1185.736357264242,825.9461510783649
IN_V07,2026-04-01,1928.2772941074352,1463.1642,1260.4886080357476,179.6744775370389
IN_V07,2026-07-01,1878.2810318237534,1537.6503,1271.7071860622289,-740.2917953443466
IN_V07,2026-10-01,1861.785668390188,1336.2705,1382.5608836955043,-1914.0115259641443
