cl1,cl2,unique_id,ds,LightGBM,XGBoost,RandomForest,Ridge,Ensemble,,model
IN_N06,SARIMAX,IN_A01,1/1/2025,1568429.936225439,1.5454229e+06,1684629.3111955507,1002409.7526371289,1475388.9929186138,,#N/A
IN_N02,Naive,IN_A01,4/1/2025,1836732.4705235292,1.8708846e+06,1885454.2588661946,1071267.1649902458,1696273.291,,#N/A
IN_A06,LightGBM,IN_A01,7/1/2025,1897598.5768815493,1.8795015e+06,2049652.3260022858,1000470.1749183065,1745551.0410137337,,#N/A
IN_N05,RandomForest,IN_A01,10/1/2025,1974283.6793865154,1.8765429e+06,2130400.053188797,1020973.1652844422,1791265.2775194426,,#N/A
IN_J01,Ridge,IN_A01,1/1/2026,2029244.5344077314,1.9981755e+06,2178167.328968117,1135658.1900201598,1873767.2598622171,,#N/A
IN_B05,HistoricAverage,IN_A01,4/1/2026,2039132.9756847145,2.0497951e+06,2189185.024465972,1162419.8666111575,1898142.5794599205,,#N/A
IN_N03,RandomForest,IN_A01,7/1/2026,2011707.7805386044,2.042384e+06,2206126.907342649,1166257.2718705493,1895197.812912833,,#N/A
IN_R03,RandomForest,IN_A01,10/1/2026,1991693.9683149494,2.1757425e+06,2288047.5819786307,1161326.606308403,1946529.670840736,,#N/A
IN_A12,RandomForest,IN_A02,1/1/2025,6796918.604748965,7.0789015e+06,7008380.445244086,7050177.902,6983059.88,,7050177.902
IN_A10,SARIMAX,IN_A02,4/1/2025,6379291.381530135,6.7970555e+06,6898603.595881719,7055075.212463437,6778323.526072223,,7055075.212463437
IN_A02,Ridge,IN_A02,7/1/2025,5615545.152065976,6.6416645e+06,6888462.972638151,6944581.596357249,6524404.0447096005,,6944581.596357249
IN_C07,SARIMAX,IN_A02,10/1/2025,5648731.431847115,6.6232655e+06,6950614.453223779,6930611.471303964,6542804.417076939,,6930611.471303964
IN_R06,ARIMAX,IN_A02,1/1/2026,5673858.168044079,7.0921485e+06,6931039.556359778,7002235.386180118,6677357.079867774,,7002235.386180118
IN_C10,SARIMAX,IN_A02,4/1/2026,5630456.855256652,7.0798665e+06,6956834.880691881,6989397.618090903,6668235.1538454145,,6989397.618090903
IN_C09,SARIMAX,IN_A02,7/1/2026,5371414.127162108,7.054186e+06,6953205.312713077,6954888.322316935,6589532.835346743,,6954888.322316935
IN_M03,Naive,IN_A02,10/1/2026,5222904.111689549,7.009638e+06,6971375.805171674,6910450.641917866,6537427.302734472,,6910450.641917866
IN_S01,SARIMAX,IN_A03,1/1/2025,1836060.666,1.8881088e+06,1809114.1238391597,1671414.9607124052,1806411.965164014,,#N/A
IN_C03,ARIMAX,IN_A03,4/1/2025,1964452.570504028,1.9234764e+06,1708861.9790956997,1724027.8146357704,1829389.7231756782,,#N/A
IN_R05,SeasonalNaive,IN_A03,7/1/2025,2034222.4458923128,1.9346179e+06,1781013.613215512,1706753.8650209277,1866450.8489281703,,#N/A
IN_B02,Naive,IN_A03,10/1/2025,2042737.478214644,1.9882994e+06,1779636.9717663894,1698135.640173201,1879908.9453052408,,#N/A
IN_H03,XGBoost,IN_A03,1/1/2026,2012947.6859250008,1.9791049e+06,1917331.708799574,1804070.1547271525,1932389.6769204407,,#N/A
IN_M01,RandomForest,IN_A03,4/1/2026,2014412.8333765133,2.0589826e+06,2025436.0712111956,1835653.5859524482,1990775.562601198,,#N/A
,,IN_A03,7/1/2026,2027769.6597315974,2.182555e+06,2060042.7397058622,1831456.6045704784,2034407.137594572,,#N/A
,,IN_A03,10/1/2026,2007755.8475079425,2.2221285e+06,2095964.5765774332,1821091.9209870338,2047613.5103941797,,#N/A
,,IN_A04,1/1/2025,1339216.0102294565,1.4312319e+06,1422095.6225614282,1480842.7733299304,1416513.6425488554,,#N/A
,,IN_A04,4/1/2025,1307919.764206155,1.4054631e+06,1377481.2650296947,1533160.1498629167,1400606.2814065265,,#N/A
,,IN_A04,7/1/2025,1305214.711368246,1.3637285e+06,1378276.981466597,1517610.2862371695,1386287.5054320595,,#N/A
,,IN_A04,10/1/2025,1292240.027960534,1.3489694e+06,1355327.9510880827,1510160.5097791394,1371171.644228975,,#N/A
,,IN_A04,1/1/2026,1300827.7736001064,1.3969219e+06,1372575.8601096165,1617206.494,1413195.9964330592,,#N/A
,,IN_A04,4/1/2026,1286406.5632731288,1.3727909e+06,1366978.5990990957,1650140.8474760652,1408942.9111452461,,#N/A
,,IN_A04,7/1/2026,1283701.5104352199,1.3564265e+06,1369840.4856409521,1647189.8150830166,1404326.6366793392,,#N/A
,,IN_A04,10/1/2026,1270726.8270275083,1.2723709e+06,1368994.5070917907,1638042.7423130798,1377654.6554151147,,#N/A
,,IN_A05,1/1/2025,63577.00041,104202.4,56990.26256,168053.73580564905,94233.35702012118,,#N/A
,,IN_A05,4/1/2025,53057.48534523444,84520.99,58075.14940798135,213277.78857082763,96607.14259222368,,#N/A
,,IN_A05,7/1/2025,50352.432507325575,84520.99,57365.65272137635,219048.6448,96966.65615053722,,#N/A
,,IN_A05,10/1/2025,49380.54235,69761.79,58296.02191837323,219188.46304565363,93287.22469399348,,#N/A
,,IN_A05,1/1/2026,67971.75770908376,120565.21,58764.94505942041,332014.0540291879,134906.6766673092,,#N/A
,,IN_A05,4/1/2026,57452.24264731745,92028.37,58158.355251671106,375467.5738922962,134174.743,,#N/A
,,IN_A05,7/1/2026,54747.189809408585,92028.37,57986.390740525756,381033.7185076799,134645.12093529012,,#N/A
,,IN_A05,10/1/2026,49380.54235,69761.79,57585.76800571534,379925.5006,127333.81450144562,,#N/A
,,IN_A06,1/1/2025,19481549.464572992,1.836024e+07,19801628.546689678,19981565.58277691,19396154.37630995,,19481549.464572992
,,IN_A06,4/1/2025,20335035.026084945,1.8012944e+07,19580873.312515564,20257394.173538636,19513761.426439997,,20335035.026084945
,,IN_A06,7/1/2025,24694001.200348217,1.8065232e+07,19678008.20331891,19615563.78352509,20491781.816452328,,24694001.200348217
,,IN_A06,10/1/2025,24493696.284992065,1.9987082e+07,19649295.123239126,19627736.917439684,20923426.35912418,,24493696.284992065
,,IN_A06,1/1/2026,24259766.00488631,2.1348686e+07,19657795.40222873,19684517.996348552,21225127.68313788,,24259766.00488631
,,IN_A06,4/1/2026,24460070.920242462,2.4982284e+07,19775398.46864295,19517310.63878136,22192708.870280378,,24460070.920242462
,,IN_A06,7/1/2026,24372072.911874343,2.4231724e+07,19832049.03,19412547.551982492,21974940.395972766,,24372072.911874343
,,IN_A06,10/1/2026,24372072.911874343,2.3630866e+07,19987708.79136785,19297053.83697266,21842921.595580578,,24372072.911874343
,,IN_A07,1/1/2025,1666560.089807845,1.7617969e+06,1573009.7537508707,1360848.8989556022,1598646.606457606,,#N/A
,,IN_A07,4/1/2025,1820651.3036905408,1.8575485e+06,1784211.7842249495,1407375.5810046727,1731458.4984913813,,#N/A
,,IN_A07,7/1/2025,1811626.8511454475,1.8489041e+06,1693938.8940292539,1367408.6781498787,1692586.3354460993,,#N/A
,,IN_A07,10/1/2025,1767823.091831062,1.8134609e+06,1756387.3542829477,1375119.0872852274,1692413.1021733235,,#N/A
,,IN_A07,1/1/2026,1806363.0212328911,1.9122162e+06,1802990.1306870312,1483134.1910031317,1763321.7719090215,,#N/A
,,IN_A07,4/1/2026,1799169.9055691955,1.9214025e+06,1961936.0364577733,1512775.5007026582,1815872.9595173257,,#N/A
,,IN_A07,7/1/2026,1796464.8527312865,1.904885e+06,2062176.6473589707,1512857.1315909936,1839850.5204625262,,#N/A
,,IN_A07,10/1/2026,1783490.169323575,1.9085986e+06,2068572.165502006,1504771.3205479707,1837710.2415039123,,#N/A
,,IN_A09,1/1/2025,620136.3926321774,674799.94,545083.0582183397,682885.1830275683,625778.6551729107,,#N/A
,,IN_A09,4/1/2025,623862.3390417132,646648.3,550122.2223375494,729262.056,630898.4712547552,,#N/A
,,IN_A09,7/1/2025,647521.3860154158,678031,552392.2421576846,722533.8687745761,643891.0131938565,,#N/A
,,IN_A09,10/1/2025,663014.5106524547,666018.7,537594.1918546997,722309.3150634154,640364.5810344297,,#N/A
,,IN_A09,1/1/2026,705716.3434063774,675241.9,529345.5845,832793.0392516198,674389.4694958281,,#N/A
,,IN_A09,4/1/2026,712808.3340124261,651110.9,515445.3106070697,871439.3866398493,674266.0233580449,,#N/A
,,IN_A09,7/1/2026,710103.2811745172,644575.44,513293.01488818077,874077.1041787034,671888.379,,#N/A
,,IN_A09,10/1/2026,690450.9776336369,629816.2,521441.83918105566,869849.8502091274,664751.8984544047,,#N/A
,,IN_A10,1/1/2025,9281308.837638723,1.0803948e+07,10427881.12863939,8760667.139,9885442.626976402,,#N/A
,,IN_A10,4/1/2025,8345005.411250848,1.1547687e+07,10140290.7,8835040.461172443,9776347.641000144,,#N/A
,,IN_A10,7/1/2025,8664184.998794751,1.205641e+07,10829712.004624695,8616309.093509713,10135307.689925887,,#N/A
,,IN_A10,10/1/2025,8235387.382002267,1.2899936e+07,10741795.488323115,8614920.436087882,10217722.685762843,,#N/A
,,IN_A10,1/1/2026,8860142.894,1.1908972e+07,10724188.20235893,8690908.835772967,10131808.40118283,,#N/A
,,IN_A10,4/1/2026,8472421.693440663,1.125815e+07,10697166.426105382,8651684.255407205,9855390.125708584,,#N/A
,,IN_A10,7/1/2026,8746022.805,1.1446715e+07,10775881.026489912,8608976.734781312,9984048.323982788,,#N/A
,,IN_A10,10/1/2026,8252461.286361292,1.0786809e+07,10770002.334335826,8556243.714544566,9682458.972900253,,#N/A
,,IN_A11,1/1/2025,493409.8800720371,511137.94,623564.1513246499,721536.1074963638,583915.2388914293,,#N/A
,,IN_A11,4/1/2025,464121.2210735056,506801.56,647532.0404403801,763845.0133263823,591507.0285007281,,#N/A
,,IN_A11,7/1/2025,412017.32046197506,491742.66,652869.8859,761432.2138095347,575880.4877859855,,#N/A
,,IN_A11,10/1/2025,396028.24216076086,491448.75,683307.6107120768,759845.9926877598,580277.6244902493,,#N/A
,,IN_A11,1/1/2026,414619.4575201893,454355.38,686474.6738922489,869327.9944446711,599703.3810327597,,#N/A
,,IN_A11,4/1/2026,404099.94245842303,415864.94,707021.9648549688,908434.5271869518,601604.3533432755,,#N/A
,,IN_A11,7/1/2026,388470.9679121918,449320.62,707867.4333020083,910683.9808226267,606948.6304884645,,#N/A
,,IN_A11,10/1/2026,383104.32045243855,434561.44,744775.5615054624,906074.0402843455,611514.5719233262,,#N/A
,,IN_A12,1/1/2025,8358207.15,1.1407952e+07,10705528.401498362,6910483.064958772,9496569.349467186,,10705528.401498362
,,IN_A12,4/1/2025,7674761.318516182,1.1529608e+07,9472779.744252618,9707435.904166836,9600739.915,,9472779.744252618
,,IN_A12,7/1/2025,6958792.933945573,1.0547418e+07,11125932.058245549,7767030.910898592,9237330.479,,11125932.058245549
,,IN_A12,10/1/2025,6458567.718658873,1.3210132e+07,10623350.87567725,7830739.999752305,9657493.402563259,,10623350.87567725
,,IN_A12,1/1/2026,5970115.513715391,1.207152e+07,10814221.056021906,8379048.502,9420566.044,,10814221.056021906
,,IN_A12,4/1/2026,5514182.340701253,1.1025448e+07,10968039.398572024,8086822.704951808,9025326.550444195,,10968039.398572024
,,IN_A12,7/1/2026,5561030.194854972,1.165583e+07,10896786.90739609,8040843.227,9166211.250226988,,10896786.90739609
,,IN_A12,10/1/2026,5423190.894151863,1.0224494e+07,11230803.406377425,8070132.866,8872063.89,,11230803.406377425
,,IN_A16,1/1/2025,401695.5358,402662.2,371169.78378091427,391310.4927795462,390954.37951261335,,#N/A
,,IN_A16,4/1/2025,404099.94245842303,445532.2,336673.33582828427,434930.3893162908,401782.42946043285,,#N/A
,,IN_A16,7/1/2025,401394.8896205141,445532.2,401634.5401501204,441213.89960441453,421124.77637107566,,#N/A
,,IN_A16,10/1/2025,396028.24216076086,430773,375468.4367704725,438872.0308522353,408046.6352915943,,#N/A
,,IN_A16,1/1/2026,397300.77850978397,444401.75,408961.6042904782,550130.4428692879,445144.4445167482,,#N/A
,,IN_A16,4/1/2026,386781.2634480177,415864.94,396207.0617459782,592444.3791137575,440678.3951170726,,#N/A
,,IN_A16,7/1/2026,388470.9679121918,415864.94,415226.1035544795,596404.1183453687,447404.3626535785,,#N/A
,,IN_A16,10/1/2026,378709.56315035553,401105.75,411126.14883622836,593819.3068585544,439533.7654110613,,#N/A
,,IN_B01,1/1/2025,3038586.5639237184,3.158502e+06,2903199.846942489,3101427.905013088,3043431.5365937552,,#N/A
,,IN_B01,4/1/2025,2823482.5866848733,3.092188e+06,2907820.048,3057244.405394976,2965572.018822844,,#N/A
,,IN_B01,7/1/2025,2960230.51,3.1483432e+06,2759401.3918344094,3097594.191576868,2979415.5664038863,,#N/A
,,IN_B01,10/1/2025,3011770.807547266,3.19265e+06,2742701.1404411765,3072079.9839304294,2993092.9333647806,,#N/A
,,IN_B01,1/1/2026,2776572.7808219595,3.1605628e+06,2775659.178457449,3153296.5653742426,2953816.0165175395,,#N/A
,,IN_B01,4/1/2026,2953583.912635952,3.2293732e+06,2774165.4223151286,3185869.2443973366,3021349.6932150302,,#N/A
,,IN_B01,7/1/2026,3053179.4243695703,3.203584e+06,2728862.067,3171970.957211398,3023368.6392574715,,#N/A
,,IN_B01,10/1/2026,2794969.4706067857,3.0750802e+06,2730834.7052557636,3149921.3702786937,2923100.1655072877,,#N/A
,,IN_B02,1/1/2025,2294170.9514813516,2.382202e+06,2313236.820920218,2080598.0444435594,2276431.8345802096,,#N/A
,,IN_B02,4/1/2025,2397351.331958396,2.480208e+06,2392412.344465032,2128775.600236389,2359682.7435913603,,#N/A
,,IN_B02,7/1/2025,2615869.4521067543,2.5177792e+06,2535595.6363779777,2104726.516574248,2459044.0995035293,,#N/A
,,IN_B02,10/1/2025,2606310.1357347593,2.5348038e+06,2687783.4728450594,2096232.7564783145,2502928.9237862383,,#N/A
,,IN_B02,1/1/2026,2700671.729,2.575997e+06,2747215.3514139336,2199302.7955771317,2575644.4968147175,,#N/A
,,IN_B02,4/1/2026,2795560.360093539,2.8752978e+06,2736833.542437491,2227506.962176209,2677829.091733881,,#N/A
,,IN_B02,7/1/2026,2958856.9870133717,2.8282222e+06,2717152.7025277014,2221086.025190481,2699105.070331117,,#N/A
,,IN_B02,10/1/2026,2985378.656,2.7420458e+06,2717522.6970080445,2208090.679657168,2681153.6055865763,,#N/A
,,IN_B03,1/1/2025,747021.6855,843389,869476.5531841022,828486.7366,823975.4205746072,,#N/A
,,IN_B03,4/1/2025,734993.5398,833666.56,816728.9074,921294.6184419587,823167.4654384741,,#N/A
,,IN_B03,7/1/2025,732288.4869254282,836804.44,855383.3454082538,886960.6371,827088.8665715093,,#N/A
,,IN_B03,10/1/2025,690450.9776336369,784910.3,802572.5146987757,884620.2559997193,787967.4426121316,,#N/A
,,IN_B03,1/1/2026,705716.3434063774,855029.1,829145.5400589883,1002096.1047437927,842151.7955,,#N/A
,,IN_B03,4/1/2026,699884.4123041037,846213.5,802122.4982536514,1035764.4496506375,837891.0142026779,,#N/A
,,IN_B03,7/1/2026,697179.3594661949,846213.5,813556.6393969835,1036872.7880026677,840747.0642594199,,#N/A
,,IN_B03,10/1/2026,690450.9776336369,804014.2,792784.8764403218,1032882.0712622408,821584.2867058236,,#N/A
,,IN_B05,1/1/2025,15973198.353828732,1.3738887e+07,14998452.791526912,16257641.767571501,15187911.466681942,,#N/A
,,IN_B05,4/1/2025,15420679.508103857,1.4678768e+07,15683106.528249852,14539224.708647415,15120413.060940828,,#N/A
,,IN_B05,7/1/2025,14198162.701367468,1.5975394e+07,14343818.013190782,15298483.998726614,14924505.02304871,,#N/A
,,IN_B05,10/1/2025,15284685.15,1.4858787e+07,15498135.06375533,15252679.719009805,15231366.929766022,,#N/A
,,IN_B05,1/1/2026,15573265.044370782,1.3318581e+07,15193893.120219057,14988537.941041166,14768721.051294455,,#N/A
,,IN_B05,4/1/2026,14730884.483460028,1.5293793e+07,15063918.798442515,15057150.431994652,15038656.27355837,,#N/A
,,IN_B05,7/1/2026,14498262.999263847,1.4968503e+07,14983769.997121997,14981469.202563707,14859831.652777674,,#N/A
,,IN_B05,10/1/2026,15349773.303381301,1.4259663e+07,15047747.70027491,14836746.076586312,14877622.541651733,,#N/A
,,IN_B06,1/1/2025,67971.75770908376,99042.875,65784.26031946283,153779.49032716735,93495.07992327666,,#N/A
,,IN_B06,4/1/2025,57452.24264731745,117976.54,59985.80772515241,201755.04309720275,104254.77489283544,,#N/A
,,IN_B06,7/1/2025,54747.189809408585,117976.54,57299.62290026206,204060.15473532863,103307.69369531114,,#N/A
,,IN_B06,10/1/2025,49380.54235,103217.32,56144.30216458975,205274.33095782966,98175.32206177687,,#N/A
,,IN_B06,1/1/2026,67971.75770908376,153679.72,56561.16832263962,318723.64135066944,139826.36692276204,,#N/A
,,IN_B06,4/1/2026,57452.24264731745,143783.83,56974.360514006476,361710.6493348031,144008.2537427331,,#N/A
,,IN_B06,7/1/2026,54747.189809408585,143783.83,57653.123080622914,367496.47206159896,144769.93865452026,,#N/A
,,IN_B06,10/1/2026,49380.54235,129024.65,57595.45038028632,366577.5456158577,139498.50309487834,,#N/A
,,IN_C01,1/1/2025,2548947.862925296,2.516497e+06,2762232.1899363487,3060272.4794620457,2710984.0518881464,,#N/A
,,IN_C01,4/1/2025,2603193.930568742,2.5928665e+06,2550690.0275377873,3067433.675461349,2684412.0607065833,,#N/A
,,IN_C01,7/1/2025,2698589.6657116464,2.5853878e+06,2637149.3225332834,3157930.253147819,2750146.3621543497,,#N/A
,,IN_C01,10/1/2025,2431081.56,2.483566e+06,2757068.3038145415,3092823.7579821013,2679066.654832286,,#N/A
,,IN_C01,1/1/2026,2538725.9296684037,2.667363e+06,2665691.275667049,3179413.916,2744309.3503212184,,#N/A
,,IN_C01,4/1/2026,2540191.077119916,2.632512e+06,2735586.1282975497,3220538.085608131,2764696.0359077845,,#N/A
,,IN_C01,7/1/2026,2513197.2282758825,2.6328342e+06,2737969.9095057445,3200383.527583366,2754519.3689791686,,#N/A
,,IN_C01,10/1/2026,2469168.6595733934,2.6606862e+06,2751969.3025035164,3178655.0062870635,2750120.836969891,,#N/A
,,IN_C02,1/1/2025,2759007.4651458454,3.0211272e+06,2731684.8867927464,2819844.8838559175,2830490.8335281573,,#N/A
,,IN_C02,4/1/2025,2774936.256782808,3.0534232e+06,2824800.379685737,2826769.071942929,2870828.5653686747,,#N/A
,,IN_C02,7/1/2025,2801805.35,2.9771068e+06,2747209.4976062183,2761383.315640188,2821889.968921011,,#N/A
,,IN_C02,10/1/2025,2976710.9158476554,3.0819272e+06,2760733.9003459825,2776099.0622195834,2898534.4168285932,,#N/A
,,IN_C02,1/1/2026,2980885.296,3.023963e+06,2751429.776074734,2870898.9891468897,2902411.7042195746,,#N/A
,,IN_C02,4/1/2026,2959829.8188686282,3.0625155e+06,2775788.9706864804,2888285.238300436,2917693.192964532,,#N/A
,,IN_C02,7/1/2026,2935517.792990589,3.0950078e+06,2727238.032562471,2881658.612543506,2904567.100570533,,#N/A
,,IN_C02,10/1/2026,2729174.1135622333,3.0387975e+06,2729931.2395849847,2863883.2889022743,2836497.095870851,,#N/A
,,IN_C03,1/1/2025,4200301.265884956,4.469466e+06,4198563.855,4154841.520873292,4258271.254266599,,#N/A
,,IN_C03,4/1/2025,4230784.915247496,4.533965e+06,4358173.022486414,4229269.061743589,4343842.179721477,,#N/A
,,IN_C03,7/1/2025,4311594.394008097,4.5939975e+06,4426911.093596507,4112907.119283288,4373907.083,,#N/A
,,IN_C03,10/1/2025,4181987.72,4.5537245e+06,4439350.505029006,4116425.1910658735,4336111.457065836,,#N/A
,,IN_C03,1/1/2026,4299504.053372141,4.640534e+06,4407540.445983986,4215198.739185868,4398942.588996721,,#N/A
,,IN_C03,4/1/2026,4293145.579784237,4.7610485e+06,4315186.318343212,4217489.783697975,4401838.1936864415,,#N/A
,,IN_C03,7/1/2026,4275855.504494588,4.7370375e+06,4332236.171368305,4201150.479295382,4392918.129888976,,#N/A
,,IN_C03,10/1/2026,4232417.487236427,4.721139e+06,4377091.0162596535,4176619.272893701,4385857.370776793,,#N/A
,,IN_C04,1/1/2025,49579.88688406528,88144.125,21581.62820938074,130631.65561183647,68569.19360419389,,#N/A
,,IN_C04,4/1/2025,43455.12912438203,102731.29,21813.792472928424,175247.6128028205,80328.04437243902,,#N/A
,,IN_C04,7/1/2025,40750.076286473166,96532.84,22122.12948027608,182148.4159310721,79651.32665170974,,#N/A
,,IN_C04,10/1/2025,35383.42882671996,81773.625,22238.601518951527,182366.12827601813,74672.13316411187,,#N/A
,,IN_C04,1/1/2026,67971.75770908376,120565.21,21134.94364866628,295276.47208539234,116263.6667995663,,#N/A
,,IN_C04,4/1/2026,57452.24264731745,92028.37,21042.005397509383,339111.88877629547,115760.7319759713,,#N/A
,,IN_C04,7/1/2026,54747.189809408585,92028.37,22538.541221288917,344903.1755527516,116758.60717381598,,#N/A
,,IN_C04,10/1/2026,49380.54235,77269.164,22775.047913173385,344009.6395871595,111577.12446566625,,#N/A
,,IN_C05,1/1/2025,504281.4007440373,534995.4,476837.5207439008,549832.9649457838,513877.6599163095,,#N/A
,,IN_C05,4/1/2025,445283.17939866846,502076.88,478113.61768932414,614826.5264901035,505226.7093132938,,#N/A
,,IN_C05,7/1/2025,441657.98507074034,510247.38,489271.2236181866,607074.5230185325,507957.52313291066,,#N/A
,,IN_C05,10/1/2025,436291.33761098713,491106.2,480088.3295113727,603544.3751040114,498397.52280365373,,#N/A
,,IN_C05,1/1/2026,454882.5529704155,500946.56,475702.04255018546,717472.8049904074,528484.2000322876,,#N/A
,,IN_C05,4/1/2026,432359.25769034604,472409.8,490545.6862731462,756759.3321454632,528348.1454844492,,#N/A
,,IN_C05,7/1/2026,428734.0633624179,472409.8,473730.5283596176,759470.3495553157,523200.2914605399,,#N/A
,,IN_C05,10/1/2026,423367.41590266465,450800.2,482846.62463017175,756412.5396010302,518374.9920023913,,#N/A
,,IN_C07,1/1/2025,6488064.602976258,7.006514e+06,6391555.631082693,6432645.602064334,6579797.535946946,,#N/A
,,IN_C07,4/1/2025,6698081.323074841,7.261198e+06,6499722.984794129,6519802.720952088,6745673.829,,#N/A
,,IN_C07,7/1/2025,6932054.596765745,7.168218e+06,6368883.619452924,6356807.859886391,6707423.668649113,,#N/A
,,IN_C07,10/1/2025,6866749.761,7.2841775e+06,6446489.968114084,6352142.295,6742011.187683786,,#N/A
,,IN_C07,1/1/2026,7119880.605417142,7.597817e+06,6427727.761247573,6441281.452,6897377.999160906,,#N/A
,,IN_C07,4/1/2026,7102173.770015717,8.2173545e+06,6388933.288256814,6423745.5838162955,7035005.922,,#N/A
,,IN_C07,7/1/2026,7274244.293364848,8.298226e+06,6374051.959842061,6393377.143155893,7087117.321422592,,#N/A
,,IN_C07,10/1/2026,7484325.797,8.402396e+06,6374724.797354518,6355039.821539801,7157262.635513486,,#N/A
,,IN_C08,1/1/2025,3007813.812080437,2.9581378e+06,2836607.6119813537,2973234.4958800627,2938662.5778312935,,#N/A
,,IN_C08,4/1/2025,2926928.637373633,3.1434848e+06,2817138.3453974673,3025323.5252238065,2971176.642022498,,#N/A
,,IN_C08,7/1/2025,2629627.3582489206,3.0529712e+06,2740674.6101064365,2956599.777988989,2838411.5260851057,,#N/A
,,IN_C08,10/1/2025,2690471.824192865,3.133584e+06,2754931.1224032096,2957531.5217259577,2878105.8094740855,,#N/A
,,IN_C08,1/1/2026,2794230.3730503656,3.215478e+06,2767659.4171331176,3058024.9574806467,2949470.2943916544,,#N/A
,,IN_C08,4/1/2026,2804510.4030773286,3.2217595e+06,2772020.619671332,3074283.7898406726,2958310.7828969755,,#N/A
,,IN_C08,7/1/2026,2968943.078889111,3.2170482e+06,2729755.0511840736,3064313.684440489,2983346.6917163134,,#N/A
,,IN_C08,10/1/2026,2961089.8597894944,3.1888248e+06,2731658.2594329435,3046328.9164393726,2970980.539529793,,#N/A
,,IN_C09,1/1/2025,5886544.3670008555,6.250809e+06,5782297.852876291,5626462.386,5893401.208379403,,#N/A
,,IN_C09,4/1/2025,5878786.285091086,6.154505e+06,5665347.412286347,5697456.2477208115,5848621.358058945,,#N/A
,,IN_C09,7/1/2025,6092285.110571583,6.3548815e+06,5792234.564665814,5567066.185388587,5960627.827631771,,#N/A
,,IN_C09,10/1/2025,6148789.949627093,6.335592e+06,5833775.268875039,5560799.490352148,5980264.146562296,,#N/A
,,IN_C09,1/1/2026,6187121.659,6.7655575e+06,6032271.547212524,5650993.239576628,6174844.808,,#N/A
,,IN_C09,4/1/2026,6156412.626058138,6.9719045e+06,6225462.865866095,5643003.487497231,6273351.014817344,,#N/A
,,IN_C09,7/1/2026,6101897.643407012,6.80928e+06,6311511.727853613,5617014.635559015,6237937.538956711,,#N/A
,,IN_C09,10/1/2026,6023726.165550479,6.817619e+06,6278219.899201431,5583129.448377848,6204006.702,,#N/A
,,IN_C10,1/1/2025,6915237.854555705,7.242414e+06,6765175.113229765,6863644.599771349,6943961.830543635,,#N/A
,,IN_C10,4/1/2025,6624266.764821609,6.9385925e+06,6717418.258867048,6956758.712703073,6801478.932160648,,#N/A
,,IN_C10,7/1/2025,6531383.589,6.933512e+06,6676623.963820375,6784858.039744044,6728961.277803169,,#N/A
,,IN_C10,10/1/2025,6614972.459,6.9894535e+06,6706344.517,6777637.081610382,6770717.693028543,,#N/A
,,IN_C10,1/1/2026,7150787.556804542,7.323275e+06,6667535.231851171,6865458.577885816,6994778.754251285,,#N/A
,,IN_C10,4/1/2026,7086940.207,7.420335e+06,6705205.995314125,6844175.374460859,7009921.144550095,,#N/A
,,IN_C10,7/1/2026,7262152.197364836,7.5147745e+06,6712037.031,6810968.0560017135,7071877.079013785,,#N/A
,,IN_C10,10/1/2026,7311982.517949582,8.2084385e+06,6721782.395212318,6770076.461289827,7253882.979301572,,#N/A
,,IN_D01,1/1/2025,1339216.0102294565,1.3748074e+06,1417931.2262771768,1573081.4713102917,1420684.0873413025,,#N/A
,,IN_D01,4/1/2025,1327187.8644490272,1.3744286e+06,1374444.8941113597,1611004.5019200875,1413208.5878008064,,#N/A
,,IN_D01,7/1/2025,1324482.8116111183,1.3593171e+06,1364747.150437836,1574375.3647086043,1398123.644969513,,#N/A
,,IN_D01,10/1/2025,1279316.1062522118,1.3373765e+06,1345749.6743060376,1581020.7767395487,1377399.4832212199,,#N/A
,,IN_D01,1/1/2026,1313751.6953084285,1.3160325e+06,1348921.6598495238,1686250.7058194156,1403811.0781263066,,#N/A
,,IN_D01,4/1/2026,1286406.5632731288,1.2919015e+06,1344832.5611662734,1715169.5157614993,1395952.5424628775,,#N/A
,,IN_D01,7/1/2026,1283701.5104352199,1.2901411e+06,1340908.5314771088,1713973.9323234686,1393458.0107754872,,#N/A
,,IN_D01,10/1/2026,1234986.7977601828,1.26808e+06,1329711.0217013347,1704299.9368947255,1370593.7256460104,,#N/A
,,IN_D02,1/1/2025,518763.8255,497132.53,464938.9392060664,529938.9417053901,500198.60124427255,,#N/A
,,IN_D02,4/1/2025,427205.28969935304,464213.66,434201.2609790948,608413.389,477199.73013854824,,#N/A
,,IN_D02,7/1/2025,472978.9431450466,453536.84,428874.0478717543,576941.7435817288,477533.25125026936,,#N/A
,,IN_D02,10/1/2025,396948.3836507801,434561.44,425027.21432699746,581249.2117335747,453814.1163304477,,#N/A
,,IN_D02,1/1/2026,414619.4575201893,477857.44,431856.96369400964,698273.5107400591,496028.71864272084,,#N/A
,,IN_D02,4/1/2026,404099.94245842303,415864.94,424838.48581805784,733934.7599325955,483322.1796692503,,#N/A
,,IN_D02,7/1/2026,401394.8896205141,449320.62,422927.1315889318,737838.7756747098,491409.92344684247,,#N/A
,,IN_D02,10/1/2026,383104.32045243855,434561.44,426232.2910429891,735495.3048068001,483618.2002632341,,#N/A
,,IN_D04,1/1/2025,718640.2651146997,741319,720975.9436,854143.0018487776,753927.7503651548,,#N/A
,,IN_D04,4/1/2025,712808.3340124261,717188,719472.8477926697,910695.6556736107,757999.5868416696,,#N/A
,,IN_D04,7/1/2025,710103.2811745172,717188,713849.3206,902917.4633115616,754059.7160381011,,#N/A
,,IN_D04,10/1/2025,690450.9776336369,652877.1,712838.5502296943,898170.8463599976,731632.9660993232,,#N/A
,,IN_D04,1/1/2026,705716.3434063774,702162,727151.4770831428,1009119.9169803862,775627.5989067206,,#N/A
,,IN_D04,4/1/2026,699884.4123041037,684566.44,726631.8221,1046710.7771239269,777596.4519151513,,#N/A
,,IN_D04,7/1/2026,697179.3594661949,712533.9,720030.6955292171,1047617.4684378935,782307.9777345713,,#N/A
,,IN_D04,10/1/2026,690450.9776336369,697774.6,724066.4210130343,1042460.0789163174,776974.4121476321,,#N/A
,,IN_D05,1/1/2025,87128.69187966455,120565.21,106206.87295134603,199715.61322401083,125068.92247864598,,#N/A
,,IN_D05,4/1/2025,59655.99083916997,92028.37,83260.51586097173,245589.5477046235,114256.7214162643,,#N/A
,,IN_D05,7/1/2025,56950.93800126111,92028.37,89642.28591496819,250370.86797555338,116443.3915315282,,#N/A
,,IN_D05,10/1/2025,49380.54235,77269.164,86975.78291655015,250425.5155393708,110086.84424727014,,#N/A
,,IN_D05,1/1/2026,67971.75770908376,125978.51,91693.38925455857,363198.8745058486,152385.9772032809,,#N/A
,,IN_D05,4/1/2026,57452.24264731745,92028.37,92051.70768629134,406324.1101191541,150490.68445036048,,#N/A
,,IN_D05,7/1/2026,54747.189809408585,92028.37,93173.80103277035,411695.5974970854,151291.4927019245,,#N/A
,,IN_D05,10/1/2026,49380.54235,77269.164,93484.86655975165,410408.2294,146047.5181394812,,#N/A
,,IN_D06,1/1/2025,462995.8321978478,488874.3,601446.5498037997,319325.08018537535,478724.8601717469,,#N/A
,,IN_D06,4/1/2025,467468.38514957926,555346,628977.4641658727,346785.42744270497,510421.7192531786,,#N/A
,,IN_D06,7/1/2025,464763.33231167035,559751.94,681274.5327912009,366956.1790768984,530199.2343429859,,#N/A
,,IN_D06,10/1/2025,419133.5894016909,499681.1,635290.9711,363330.5948399886,489761.59085192654,,#N/A
,,IN_D06,1/1/2026,401695.5358,529173.06,649261.8765365188,472141.99425396044,520135.6331730236,,#N/A
,,IN_D06,4/1/2026,404099.94245842303,545948.3,623930.8699028307,517009.4563,527256.099,,#N/A
,,IN_D06,7/1/2026,401394.8896205141,560284,610502.0387450597,521313.58314170357,527277.5536006079,,#N/A
,,IN_D06,10/1/2026,383104.32045243855,549930.7,593786.2787,518726.0698792556,514795.49945612904,,#N/A
,,IN_D07,1/1/2025,2402021.438078796,2.5792258e+06,2358216.9140390283,2797530.627152425,2518579.8799774735,,#N/A
,,IN_D07,4/1/2025,2375561.2023045267,2.6296688e+06,2521845.4906710857,2603454.554977175,2530507.1705195876,,#N/A
,,IN_D07,7/1/2025,2411155.653621039,2.7099205e+06,2663079.6467974046,2703992.3546568295,2621608.4998061154,,#N/A
,,IN_D07,10/1/2025,2421475.8182113655,2.5247455e+06,2811420.227808006,2696641.511087322,2618327.9326686254,,#N/A
,,IN_D07,1/1/2026,2289606.568,2.6301018e+06,2822425.117132423,2755868.8198219244,2628308.9479539488,,#N/A
,,IN_D07,4/1/2026,2327703.2036504373,2.6032475e+06,2779066.3683372736,2799052.619482748,2627633.0504162926,,#N/A
,,IN_D07,7/1/2026,2297024.9255404924,2.572221e+06,2753455.427386419,2790904.960791249,2603123.9027121393,,#N/A
,,IN_D07,10/1/2026,2290715.6697387174,2.657167e+06,2782322.1428899537,2767510.5413859473,2626390.5605865237,,#N/A
,,IN_D08,1/1/2025,983313.6858602219,1.1408642e+06,786131.1499652374,876227.5964565215,943719.3602927239,,#N/A
,,IN_D08,4/1/2025,300913.0256,184344.48,841104.7595076598,497072.4247180599,468444.7327152738,,#N/A
,,IN_D08,7/1/2025,519289.6251767647,569173.6,678919.1980243437,486987.13371206616,570914.8817674574,,#N/A
,,IN_D08,10/1/2025,398817.07617157086,471249.44,665108.0607,613137.7499,539357.8933294549,,#N/A
,,IN_D08,1/1/2026,536045.7108173607,613699.2,661969.0682063156,662120.0582967277,618763.2771127389,,#N/A
,,IN_D08,4/1/2026,427205.28969935304,531280,656961.3994569121,696970.9129979231,577072.8578296544,,#N/A
,,IN_D08,7/1/2026,450793.73739413585,556495.5,645392.9884780017,721472.1214763205,591163.7994,,#N/A
,,IN_D08,10/1/2026,396028.24216076086,546142.2,645759.4390132207,709207.8051797635,572545.2412612786,,#N/A
,,IN_D10,1/1/2025,971823.3967054936,1.0592211e+06,995497.5351348644,892551.5801947722,983865.9114473352,,#N/A
,,IN_D10,4/1/2025,959795.2509250646,1.0605796e+06,836692.5596703772,968944.1607163142,951885.2981263889,,#N/A
,,IN_D10,7/1/2025,937822.0978442829,1.0729846e+06,980105.0482785567,965299.9368669963,990054.2155715383,,#N/A
,,IN_D10,10/1/2025,924847.4144,1.0582254e+06,924912.2208180487,951984.4973405224,964421.6498245288,,#N/A
,,IN_D10,1/1/2026,933435.1600761431,1.217438e+06,1005629.8435812409,1065392.726348338,1054215.3332706487,,#N/A
,,IN_D10,4/1/2026,927603.2289738695,1.2271079e+06,964319.1854034963,1103554.9689071507,1051486.676570689,,#N/A
,,IN_D10,7/1/2026,924898.1761359606,1.2271079e+06,986418.2405010754,1102771.431270073,1057004.6649280705,,#N/A
,,IN_D10,10/1/2026,907528.7354261657,1.2123488e+06,976582.8785377678,1097628.1841282495,1045066.7137670919,,#N/A
,,IN_D11,1/1/2025,760442.5295457125,809406,953084.7414732242,791226.1671679355,834765.1685388426,,#N/A
,,IN_D11,4/1/2025,736768.5747920506,852229.94,901736.0542425867,781053.4816,822852.6650749492,,#N/A
,,IN_D11,7/1/2025,714795.4217,829809.56,866420.2340213441,795726.0172584713,804740.2688540013,,#N/A
,,IN_D11,10/1/2025,708067.0399,794286.75,823065.9597996686,799377.8644470276,782406.4312439701,,#N/A
,,IN_D11,1/1/2026,710408.4839431291,829663.56,900895.3363927668,900549.1974660129,835867.1282109185,,#N/A
,,IN_D11,4/1/2026,704576.5528408554,806818.94,911901.9625941691,941872.8930305243,840614.8931,,#N/A
,,IN_D11,7/1/2026,697476.7427008636,856878.06,936418.3988214607,945001.1048,859254.3794449384,,#N/A
,,IN_D11,10/1/2026,695143.1181703886,863449.75,935957.6768739974,938885.5145785807,858908.0774501115,,#N/A
,,IN_G01,1/1/2025,728785.2359989204,771827,922433.1854817093,368843.31252680614,718639.5527010901,,#N/A
,,IN_G01,4/1/2025,794045.4892253525,810071.5,846313.2108085626,408973.2376928693,731071.8263,,#N/A
,,IN_G01,7/1/2025,900708.1203,907607.25,933832.218,433636.01500211883,812448.6037548161,,#N/A
,,IN_G01,10/1/2025,937796.115,925120.44,894227.1151763073,423565.2402134498,812489.7438909486,,#N/A
,,IN_G01,1/1/2026,946359.0817844654,985722.7,984270.6792339752,533651.3837222464,879280.1883940275,,#N/A
,,IN_G01,4/1/2026,940527.1506821917,972589.9,967827.1191869895,579020.2478599367,879459.9614391935,,#N/A
,,IN_G01,7/1/2026,924898.1761359606,1.03844956e+06,983385.5479774671,581953.9265332394,897383.6297362999,,#N/A
,,IN_G01,10/1/2026,911923.4927282487,1.0399452e+06,981124.2993638885,579174.3519993277,893324.4742867929,,#N/A
,,IN_G02,1/1/2025,940505.3924709458,959106.25,1056913.6208362407,518471.9589325279,888741.6483972255,,#N/A
,,IN_G02,4/1/2025,886751.3627167636,927463,949265.3684867531,654680.1075807768,865575.4713207185,,#N/A
,,IN_G02,7/1/2025,957090.1980871557,997320.56,874871.9713373192,644910.3987567052,877126.7921987307,,#N/A
,,IN_G02,10/1/2025,944115.5146794438,982561.3,851915.5056569756,620284.3870984946,858348.7736371951,,#N/A
,,IN_G02,1/1/2026,946359.0817844654,1.062581e+06,1006025.3086738074,744968.6604952492,950022.6018648382,,#N/A
,,IN_G02,4/1/2026,940527.1506821917,1.0670782e+06,957195.0818018703,784591.3219894737,944134.2839830957,,#N/A
,,IN_G02,7/1/2026,924898.1761359606,1.150896e+06,986461.2107889901,783661.8006,969721.5380687398,,#N/A
,,IN_G02,10/1/2026,911923.4927282487,1.1820614e+06,975736.4578048344,782039.8395951668,970989.4445458316,,#N/A
,,IN_G03,1/1/2025,3017965.8150642975,2.8666675e+06,2812276.770800983,2794552.029952605,2872934.243270727,,#N/A
,,IN_G03,4/1/2025,2827032.3189083426,2.8181835e+06,2801183.018705973,2790863.599165999,2809655.632330323,,#N/A
,,IN_G03,7/1/2025,2717401.8761060582,2.7145785e+06,2744384.692677003,2777569.4390822113,2737262.530105332,,#N/A
,,IN_G03,10/1/2025,2955196.294856644,2.7286118e+06,2770412.804213456,2769872.962377986,2805225.9789535906,,#N/A
,,IN_G03,1/1/2026,3017963.4914218253,2.7398945e+06,2766364.052851966,2861079.8231848488,2841813.947348929,,#N/A
,,IN_G03,4/1/2026,2965013.9311612416,2.8766962e+06,2769095.4565577046,2886938.4415678233,2869707.438778537,,#N/A
,,IN_G03,7/1/2026,2947903.891096361,2.8418812e+06,2742474.396550549,2877124.814659403,2846935.5843076124,,#N/A
,,IN_G03,10/1/2026,2732983.3762695016,2.6826198e+06,2741763.271049685,2858548.072010476,2749509.9074996635,,#N/A
,,IN_G04,1/1/2025,2883358.8899779795,2.7757162e+06,2720040.1511318604,2800150.2871759324,2791434.3545802734,,#N/A
,,IN_G04,4/1/2025,2801999.3021446387,2.8712272e+06,2828446.573905816,2865302.918155488,2840618.695778956,,#N/A
,,IN_G04,7/1/2025,2395169.8179496047,2.7919418e+06,2781902.4210547786,2740556.714411226,2680380.7044911357,,#N/A
,,IN_G04,10/1/2025,2986536.8743556538,2.761764e+06,2734133.6424296102,2767666.270285707,2810443.145576968,,#N/A
,,IN_G04,1/1/2026,2870011.039206918,2.8343585e+06,2758274.2550513046,2873400.895390639,2829592.752,,#N/A
,,IN_G04,4/1/2026,2732074.5113795246,2.840028e+06,2780811.264037127,2881633.699139879,2805285.493278698,,#N/A
,,IN_G04,7/1/2026,2767365.880544319,2.8520015e+06,2734246.1992672454,2876504.939078026,2802534.1481888806,,#N/A
,,IN_G04,10/1/2026,2804581.010275603,2.8372422e+06,2728861.453199272,2860696.377,2803046.979790348,,#N/A
,,IN_H01,1/1/2025,280160.21266201366,218060.12,174023.20519693554,276730.5291877473,233201.2992749858,,#N/A
,,IN_H01,4/1/2025,282564.61930856976,189523.27,177081.33334208187,321775.3608351837,237044.88918521622,,#N/A
,,IN_H01,7/1/2025,279859.56647066085,189523.27,209479.16888694474,325116.23668311833,246401.5734078789,,#N/A
,,IN_H01,10/1/2025,274492.9190109076,174764.06,188645.11737906846,325191.0390984104,235370.80013837933,,#N/A
,,IN_H01,1/1/2026,275765.45535993064,218060.12,189596.33498054527,437456.0977748036,270842.8044897566,,#N/A
,,IN_H01,4/1/2026,265245.9402981644,189523.27,212075.46469720732,479927.3723169991,276536.34644949326,,#N/A
,,IN_H01,7/1/2026,266935.6447623385,189523.27,196397.54652024523,484880.96259171434,273502.2701125451,,#N/A
,,IN_H01,10/1/2026,257174.24000050226,174764.06,221423.68855400928,483104.8405971634,274174.75191231736,,#N/A
,,IN_H02,1/1/2025,1031188.1178452971,1.0798089e+06,886809.2884164971,1270404.0902436152,1052978.8677901994,,#N/A
,,IN_H02,4/1/2025,1165007.112870008,1.1057375e+06,985607.6604648745,1355485.8610844642,1139028.5134182875,,#N/A
,,IN_H02,7/1/2025,1197986.2818430285,1.1491362e+06,1007881.2805098873,1298468.6692778482,1152392.4069289211,,#N/A
,,IN_H02,10/1/2025,1157010.6490859634,1.1113671e+06,1000550.6493963936,1304354.1867582141,1131883.6206285723,,#N/A
,,IN_H02,1/1/2026,1142925.8570483096,1.1502572e+06,1005566.4302751647,1419091.0468177032,1164152.2585024291,,#N/A
,,IN_H02,4/1/2026,1124170.0042377135,1.1188242e+06,1009025.5015721429,1446664.3706986657,1158442.9767536079,,#N/A
,,IN_H02,7/1/2026,1134388.8731081267,1.1188242e+06,1006437.3460686299,1446636.6954435185,1160210.193637859,,#N/A
,,IN_H02,10/1/2026,1108490.267992093,1.1040651e+06,999156.3212601253,1440010.6631837722,1146589.5981617132,,#N/A
,,IN_H03,1/1/2025,2740158.872460866,2.9327975e+06,2734980.183054226,2742565.5604125126,2787962.073412609,,2.9327975e+06
,,IN_H03,4/1/2025,2804510.4030773286,3.0589472e+06,2781420.6098435093,2800254.1328035756,2861394.348966575,,3.0589472e+06
,,IN_H03,7/1/2025,2801805.35,2.915103e+06,2722202.8042760887,2735330.747224194,2793451.498858195,,2.915103e+06
,,IN_H03,10/1/2025,2976710.9158476554,3.0199235e+06,2724291.502761774,2735514.8127191234,2863712.802640812,,3.0199235e+06
,,IN_H03,1/1/2026,2980885.296,3.0005352e+06,2733131.135226609,2837998.156011863,2884209.8463786086,,3.0005352e+06
,,IN_H03,4/1/2026,2959829.8188686282,3.010642e+06,2754720.0268651154,2856150.13,2891655.4467938943,,3.010642e+06
,,IN_H03,7/1/2026,2935517.792990589,3.0339175e+06,2715431.1617206135,2847300.455116165,2878383.739,,3.0339175e+06
,,IN_H03,10/1/2026,2729174.1135622333,2.9907125e+06,2712377.5112124654,2830837.873770166,2812234.9531896156,,2.9907125e+06
,,IN_H04,1/1/2025,33537.06931301678,73368.45,1976.8489625063316,114490.4330033136,51802.56762504415,,#N/A
,,IN_H04,4/1/2025,27412.31155333352,81757.19,1724.283791,159667.03929144944,61972.04911614122,,#N/A
,,IN_H04,7/1/2025,40750.076286473166,88175.39,1738.0347306779552,166713.9545931368,68387.91012009408,,#N/A
,,IN_H04,10/1/2025,35383.42882671996,73416.19,1637.161728551668,166887.9583369667,63336.94245628908,,#N/A
,,IN_H04,1/1/2026,67971.75770908376,120565.21,1992.7085485668567,279966.98235320335,107500.00793412403,,#N/A
,,IN_H04,4/1/2026,57452.24264731745,92028.37,1664.8579024905368,323916.4941245098,106953.87187435523,,#N/A
,,IN_H04,7/1/2026,54747.189809408585,92028.37,1718.0814613121784,329786.0321047605,107553.61694670827,,#N/A
,,IN_H04,10/1/2026,49380.54235,77269.164,1619.098273400258,329003.5979055066,102299.38945474106,,#N/A
,,IN_H05,1/1/2025,37931.826615099795,73368.45,144075.7816,135126.38347020367,98121.10725704333,,#N/A
,,IN_H05,4/1/2025,43455.12912438203,88175.39,169632.54829016502,178393.6693404531,119795.41163208579,,#N/A
,,IN_H05,7/1/2025,40750.076286473166,88175.39,168408.13291101216,187897.79227158998,120802.44345431967,,#N/A
,,IN_H05,10/1/2025,49380.54235,103217.32,137196.85209721173,187194.13032460888,117616.99433612317,,#N/A
,,IN_H05,1/1/2026,63577.00041,120565.21,122335.9894388541,299768.2373543122,145223.27811691206,,#N/A
,,IN_H05,4/1/2026,57452.24264731745,92028.37,143518.30093768003,343989.07014409016,151999.3673212267,,#N/A
,,IN_H05,7/1/2026,54747.189809408585,92028.37,121272.56058137464,349625.9837339581,146140.87740072625,,#N/A
,,IN_H05,10/1/2026,49380.54235,77269.164,113453.99830196782,348640.96300190955,138624.89406639943,,#N/A
,,IN_J01,1/1/2025,16202220.749474207,1.465767e+07,15573327.929453412,15798159.622890662,15544277.725370526,,15798159.622890662
,,IN_J01,4/1/2025,14544242.133726444,1.4288239e+07,15014740.35,15512808.119718818,14821025.839324392,,15512808.119718818
,,IN_J01,7/1/2025,15398790.350482078,1.4059107e+07,15123556.624021083,15700713.578744752,15044798.26,,15700713.578744752
,,IN_J01,10/1/2025,16111564.583736178,1.4068572e+07,14978517.073548647,15517523.32275661,15142034.401628157,,15517523.32275661
,,IN_J01,1/1/2026,14865892.82,1.3262589e+07,14862896.050336191,15483968.63884361,14590756.095875753,,15483968.63884361
,,IN_J01,4/1/2026,14896848.012186924,1.3144157e+07,14721250.781691914,15470319.45835934,14524774.785068661,,15470319.45835934
,,IN_J01,7/1/2026,15223196.463680148,1.2502107e+07,14867223.91680159,15363908.529270817,14461857.507172618,,15363908.529270817
,,IN_J01,10/1/2026,15292677.766119082,1.1286196e+07,14861217.169270867,15253808.442049732,14145898.952509224,,15253808.442049732
,,IN_J02,1/1/2025,293084.1344,337640.38,201656.42106676596,275450.32949251734,274332.7793,,#N/A
,,IN_J02,4/1/2025,282564.61930856976,311189.6,201266.9047822936,328728.47103879345,276284.93030265474,,#N/A
,,IN_J02,7/1/2025,279859.56647066085,312402.75,255613.4003688397,336252.5826,293148.1781,,#N/A
,,IN_J02,10/1/2025,274492.9190109076,297643.56,339141.93424880895,331867.5684395962,311160.6354085954,,#N/A
,,IN_J02,1/1/2026,280160.21266201366,311272.38,333755.03931978624,445118.05054348893,338591.3533881758,,#N/A
,,IN_J02,4/1/2026,265245.9402981644,282735.56,343335.7512759585,488305.67141481926,339648.1329605604,,#N/A
,,IN_J02,7/1/2026,266935.6447623385,282735.56,349186.63538585167,492513.99397766317,342642.57457797806,,#N/A
,,IN_J02,10/1/2026,261568.9973025852,267976.38,368012.4091640383,490812.31050574547,342631.39994284784,,#N/A
,,IN_J04,1/1/2025,49579.88688406528,88144.125,26554.949720626166,130117.05169916555,69888.85911789461,,#N/A
,,IN_J04,4/1/2025,43455.12912438203,102731.29,23405.438861826588,175703.58485316436,80882.64052,,#N/A
,,IN_J04,7/1/2025,40750.076286473166,102731.29,23414.697500310755,181839.88024711152,81526.59229809802,,#N/A
,,IN_J04,10/1/2025,35383.42882671996,81773.625,26355.29292418121,182153.0685310951,75809.85999813644,,#N/A
,,IN_J04,1/1/2026,67971.75770908376,120565.21,24251.826385046184,295237.55186891695,117151.1577273698,,#N/A
,,IN_J04,4/1/2026,57452.24264731745,92028.37,23567.232677219054,338957.70204738656,116453.62100369626,,#N/A
,,IN_J04,7/1/2026,54747.189809408585,92028.37,22819.40229,344758.0893465323,116808.41018723554,,#N/A
,,IN_J04,10/1/2026,49380.54235,77269.164,22896.448678588516,343895.1874563191,111587.62666284226,,#N/A
,,IN_J05,1/1/2025,1104878.6476280051,1.2460094e+06,1334502.782795143,797294.0270714524,1141066.4638195743,,#N/A
,,IN_J05,4/1/2025,1045201.1451127311,1.2124208e+06,1393829.7495549023,873661.7538173536,1151185.8587913394,,#N/A
,,IN_J05,7/1/2025,1042496.0922748223,1.2626688e+06,1444642.3583272663,852588.9637,1173356.1756214078,,#N/A
,,IN_J05,10/1/2025,1029521.4088671104,1.2474999e+06,1429394.2427813562,848007.5293753489,1160960.9897923581,,#N/A
,,IN_J05,1/1/2026,1155615.7443375268,1.2855858e+06,1392431.4046801724,963018.8343238166,1215546.5470672874,,#N/A
,,IN_J05,4/1/2026,1149783.8132352529,1.2924399e+06,1387303.2040922372,999005.0849505281,1222039.997,,#N/A
,,IN_J05,7/1/2026,1147078.760397344,1.2760755e+06,1368168.104068305,1000099.8921867928,1211963.9530715581,,#N/A
,,IN_J05,10/1/2026,1134104.0769896323,1.2466956e+06,1363350.7627182293,995886.7035481007,1199046.6070233276,,#N/A
,,IN_J06,1/1/2025,132155.28107875006,99042.875,40116.32440247529,143957.03644925868,99833.78651961139,,#N/A
,,IN_J06,4/1/2025,134559.68772530626,117976.54,54797.39612601043,186440.31023178945,118492.12834236206,,#N/A
,,IN_J06,7/1/2025,134058.3830792499,117976.54,86807.39780789157,191841.10071405524,128719.07876515595,,#N/A
,,IN_J06,10/1/2025,131647.80807528936,87972.07,101640.18591217526,193248.552,125090.61986381022,,#N/A
,,IN_J06,1/1/2026,146917.45794724772,120565.21,125214.8191236046,305848.8863038047,167873.3927438238,,#N/A
,,IN_J06,4/1/2026,140792.70018756448,125142.85,97557.82947027707,349362.58027811506,168847.54581550913,,#N/A
,,IN_J06,7/1/2026,138087.6473496556,143783.83,90394.53100294384,355280.1453096083,172103.66486550978,,#N/A
,,IN_J06,10/1/2026,132720.99988990242,129024.65,97154.00130588165,354290.3621194825,168776.36051820495,,#N/A
,,IN_L01,1/1/2025,720657.5857321544,679136.9,631983.1007586984,779681.0152169269,697236.1832382903,,#N/A
,,IN_L01,4/1/2025,734993.5398,729786.3,659582.8063899848,782231.5716882931,722067.8765955388,,#N/A
,,IN_L01,7/1/2025,710103.2811745172,680777.94,640136.5279622598,794558.6830745342,700565.6402228734,,#N/A
,,IN_L01,10/1/2025,703374.8993419593,669807.2,675315.4800830563,796751.2479282093,706708.0244256433,,#N/A
,,IN_L01,1/1/2026,705716.3434063774,736664.9,683307.3040543365,899615.3235,748429.6581752921,,#N/A
,,IN_L01,4/1/2026,699884.4123041037,712533.9,693567.0242999536,940582.4515872416,752561.0505088064,,#N/A
,,IN_L01,7/1/2026,692784.6021641119,712533.9,692700.4615606314,943428.0796,751169.6560393014,,#N/A
,,IN_L01,10/1/2026,690450.9776336369,697774.6,704381.2847941071,937580.5164091414,748968.6506115157,,#N/A
,,IN_L02,1/1/2025,451114.15717668785,492449.53,355404.42513671884,289477.5635951889,399631.7010574116,,#N/A
,,IN_L02,4/1/2025,426285.1482093338,505652.22,460873.1444964997,392390.9337130032,449100.10294498934,,#N/A
,,IN_L02,7/1/2025,423580.0953714249,480150.53,431361.7745576338,352645.2012319552,425025.7431503658,,#N/A
,,IN_L02,10/1/2025,418213.44791167165,490893.1,545484.4854,356698.2222059831,460086.29476688517,,#N/A
,,IN_L02,1/1/2026,401695.5358,444401.75,513522.70722180634,478971.4436237045,461114.5432936675,,#N/A
,,IN_L02,4/1/2026,391176.0207501007,449320.62,499922.58099771227,514731.2933900122,463480.33267164236,,#N/A
,,IN_L02,7/1/2026,388470.9679121918,415864.94,457828.5698773707,519722.99618599814,443308.5771684599,,#N/A
,,IN_L02,10/1/2026,383104.32045243855,434561.44,459706.64131049404,519452.5427063467,447203.0872206599,,#N/A
,,IN_L03,1/1/2025,33537.06931301678,73368.45,1918.8903447696382,114097.6720778468,51702.21884752826,,#N/A
,,IN_L03,4/1/2025,27412.31155333352,81757.19,1643.9836405901935,159295.26720690832,61869.75185387963,,#N/A
,,IN_L03,7/1/2025,40750.076286473166,88175.39,1757.332851,166286.49416390568,68302.37077739116,,#N/A
,,IN_L03,10/1/2025,35383.42882671996,73416.19,1643.3907297480541,166485.9291106105,63253.06609943391,,#N/A
,,IN_L03,1/1/2026,67971.75770908376,120565.21,2012.8538106100643,279572.83620909625,107421.8108453155,,#N/A
,,IN_L03,4/1/2026,57452.24264731745,92028.37,1659.8662834119743,323515.6988877487,106867.0336846193,,#N/A
,,IN_L03,7/1/2026,54747.189809408585,92028.37,1716.4377918289217,329391.13247419224,107468.99721683271,,#N/A
,,IN_L03,10/1/2026,49380.54235,77269.164,1617.415738355394,328612.4557220979,102215.55921210958,,#N/A
,,IN_L04,1/1/2025,756937.1420177994,899677.94,873807.1465806721,878542.9699,852581.6113213031,,#N/A
,,IN_L04,4/1/2025,717500.4745491778,874420.5,835505.4093703763,939532.4259524463,838460.8447,,#N/A
,,IN_L04,7/1/2025,714795.4217,905649.06,882444.3060427398,938216.0658797985,858911.6887547863,,#N/A
,,IN_L04,10/1/2025,708067.0399,863449.75,889455.4552281492,928636.3226552705,846542.7103480318,,#N/A
,,IN_L04,1/1/2026,710408.4839431291,896324.4,949590.6755087643,1039798.7411986685,896413.5119492058,,#N/A
,,IN_L04,4/1/2026,700181.7955387725,872193.4,956830.3293,1078320.3930067387,898073.4052818983,,#N/A
,,IN_L04,7/1/2026,701871.5000029466,872193.4,967234.1947138087,1078315.6439800356,901478.6182514948,,#N/A
,,IN_L04,10/1/2026,690748.3608683057,857434.1,970429.1984,1072973.7479053573,894781.6714536045,,#N/A
,,IN_M01,1/1/2025,3278125.9900660347,3.2377265e+06,2776573.7735552215,2833501.705549255,3029008.455170854,,2776573.7735552215
,,IN_M01,4/1/2025,3119973.338709255,2.9704335e+06,2668343.497264298,3076709.8852526266,2943091.713314041,,2668343.497264298
,,IN_M01,7/1/2025,2820423.6776565737,2.6779058e+06,2817004.2184131667,2806221.7595193237,2780327.2233194765,,2817004.2184131667
,,IN_M01,10/1/2025,3006549.2740955786,2.9745482e+06,2773564.988460611,2852764.0623707296,2898717.6489578094,,2773564.988460611
,,IN_M01,1/1/2026,2886269.0682095895,2.982987e+06,2747532.694742472,2989734.2439111997,2892933.7517506965,,2747532.694742472
,,IN_M01,4/1/2026,2787523.953935013,3.0196075e+06,2756898.8963529943,2975185.218967743,2877476.932272547,,2756898.8963529943
,,IN_M01,7/1/2026,2920203.4559070566,3.087253e+06,2720487.2263733717,2971291.3323201854,2915990.759,,2720487.2263733717
,,IN_M01,10/1/2026,2994637.765914098,3.0321635e+06,2713610.3818249526,2960327.4257469564,2916062.1810164144,,2713610.3818249526
,,IN_M02,1/1/2025,1241801.0777538768,1.2929384e+06,1303133.3770291724,511392.3466680087,1116737.0434198936,,#N/A
,,IN_M02,4/1/2025,1503456.4310214894,1.566151e+06,1804495.3741106433,553646.6305867633,1403458.784,,#N/A
,,IN_M02,7/1/2025,1753681.5196887937,1.667827e+06,1915521.192458826,532238.466,1518182.5984847867,,#N/A
,,IN_M02,10/1/2025,1822544.137709779,1.84763e+06,2086643.4512995074,542571.4371063163,1632054.1786926044,,#N/A
,,IN_M02,1/1/2026,1804431.307811929,1.9115604e+06,2239089.497317849,654118.4374334782,1711362.6339304405,,#N/A
,,IN_M02,4/1/2026,1856552.1028160697,1.9403715e+06,2431220.4636508203,691316.9821931289,1794639.9675965665,,#N/A
,,IN_M02,7/1/2026,1935424.1500746256,1.9936275e+06,2503617.247,696555.6852107779,1849474.5007091071,,#N/A
,,IN_M02,10/1/2026,1981667.4492061862,1.9772328e+06,2609257.2001026226,693596.0131721176,1886443.0072469388,,#N/A
,,IN_M03,1/1/2025,5518462.346882053,5.506722e+06,5122152.825897749,4990217.249057062,5289029.867375482,,#N/A
,,IN_M03,4/1/2025,5224210.807,5.2891595e+06,5062168.462396169,5049721.184768492,5156904.864341883,,#N/A
,,IN_M03,7/1/2025,5679982.988,5.5384145e+06,5115400.800467395,4940268.608784389,5324254.005344944,,#N/A
,,IN_M03,10/1/2025,5625952.310467577,5.530015e+06,5126819.634712279,4934846.539547559,5310945.564,,#N/A
,,IN_M03,1/1/2026,5687319.929991787,5.725027e+06,5173767.827390026,5026229.438000388,5408405.5289274305,,#N/A
,,IN_M03,4/1/2026,5816428.389,5.6166995e+06,5158797.890972011,5024997.863403374,5408210.645293337,,#N/A
,,IN_M03,7/1/2026,5925353.011048059,5.7105445e+06,5217003.140470786,5002774.558803406,5470794.619675077,,#N/A
,,IN_M03,10/1/2026,5886071.212787907,5.795644e+06,5261263.019964645,4972492.008301621,5488935.032983807,,#N/A
,,IN_M04,1/1/2025,414619.4575201893,477857.44,384569.88885858055,458505.15704662504,431347.39815821586,,#N/A
,,IN_M04,4/1/2025,404099.94245842303,445532.2,369596.9315928053,506114.2119,426412.82095101196,,#N/A
,,IN_M04,7/1/2025,401394.8896205141,445532.2,389957.97799993574,503684.64289999224,431080.56473667873,,#N/A
,,IN_M04,10/1/2025,396028.24216076086,430773,393202.2038522739,503649.41275340796,426946.38928882615,,#N/A
,,IN_M04,1/1/2026,401695.5358,444401.75,407750.9134881324,615456.0850523914,459798.8794632198,,#N/A
,,IN_M04,4/1/2026,386781.2634480177,415864.94,405549.93858902494,656023.728,456911.34502119746,,#N/A
,,IN_M04,7/1/2026,388470.9679121918,415864.94,427444.2945723487,659927.8193864229,464451.8128851345,,#N/A
,,IN_M04,10/1/2026,383104.32045243855,401105.75,417533.72038601857,657106.3814,455943.2807986358,,#N/A
,,IN_M05,1/1/2025,63577.00041,99042.875,38902.84625249504,143551.32162790943,82507.51156,,#N/A
,,IN_M05,4/1/2025,57452.24264731745,117976.54,38093.00340462801,189744.94981247216,95403.66254512232,,#N/A
,,IN_M05,7/1/2025,54747.189809408585,117976.54,37519.79374490254,195193.09294843226,95733.57919988962,,#N/A
,,IN_M05,10/1/2025,49380.54235,103217.32,36711.19855455586,195506.5993020177,90508.93602189173,,#N/A
,,IN_M05,1/1/2026,67971.75770908376,153679.72,38931.640061493374,308626.98847979226,132608.23559426118,,#N/A
,,IN_M05,4/1/2026,57452.24264731745,143783.83,38266.339383442035,352166.1204475865,136597.81583330373,,#N/A
,,IN_M05,7/1/2026,54747.189809408585,143783.83,37596.79838010454,357886.5993272339,136958.07787151742,,#N/A
,,IN_M05,10/1/2026,49380.54235,129024.65,37141.26134828013,356957.0092540126,131570.02484062698,,#N/A
,,IN_N01,1/1/2025,172377.72424936498,184861.53,184540.69743206713,242599.52248133498,193997.63795129934,,#N/A
,,IN_N01,4/1/2025,161858.20918759872,215676.83,157005.70559660584,291527.91890940495,201721.93508758434,,#N/A
,,IN_N01,7/1/2025,159153.15634968985,222978.75,170943.02845003596,296230.4150714581,207912.2050227728,,#N/A
,,IN_N01,10/1/2025,153786.5088899366,208219.53,183741.37038576612,294863.8846650375,206240.1700495303,,#N/A
,,IN_N01,1/1/2026,172377.72424936498,218060.12,189948.0450140812,407830.8304206688,239166.41034721484,,#N/A
,,IN_N01,4/1/2026,161858.20918759872,189523.27,186125.1964730006,450728.7741130844,237391.74688610117,,#N/A
,,IN_N01,7/1/2026,159153.15634968985,189523.27,214807.4648439396,455619.03259601834,246010.73725937842,,#N/A
,,IN_N01,10/1/2026,153786.5088899366,174764.06,189843.2114824071,454106.2012078756,233454.65279259812,,#N/A
,,IN_N02,1/1/2025,24460070.920242462,2.373153e+07,23976753.111820906,22567601.767454237,23733432.61282427,,#N/A
,,IN_N02,4/1/2025,24460070.920242462,2.373153e+07,23406409.56260794,22935282.252511498,23647864.652614973,,#N/A
,,IN_N02,7/1/2025,24694001.200348217,2.471441e+07,23721293.305557463,22198175.999870338,23887791.225241516,,#N/A
,,IN_N02,10/1/2025,24984252.623614643,2.4780342e+07,23680913.528073255,22200775.17348298,23964924.47434373,,#N/A
,,IN_N02,1/1/2026,24340943.229325198,2.4545934e+07,23554884.24049266,22258951.46942226,23723296.119500037,,#N/A
,,IN_N02,4/1/2026,24340943.229325198,2.4572946e+07,23697175.809314582,22062639.974906784,23729198.746253647,,#N/A
,,IN_N02,7/1/2026,24372072.911874343,2.4622226e+07,23695409.947270587,21941220.727901418,23722964.424493514,,#N/A
,,IN_N02,10/1/2026,24372072.911874343,2.4687256e+07,23695409.947270583,21811869.036369532,23711867.968328763,,#N/A
,,IN_N03,1/1/2025,14068589.282678505,1.3179042e+07,14762019.361552516,14124421.343370257,14054530.79473979,,14762019.361552516
,,IN_N03,4/1/2025,12422083.043576766,1.3905795e+07,15145643.037870586,14143975.532845797,13947433.440410618,,15145643.037870586
,,IN_N03,7/1/2025,12593595.414234463,1.3987555e+07,15073499.966214808,13938168.78,13945792.14170946,,15073499.966214808
,,IN_N03,10/1/2025,11901074.662582599,1.3230126e+07,14428393.419415105,13882742.40141213,13386218.037155092,,14428393.419415105
,,IN_N03,1/1/2026,11173418.416537754,1.2673105e+07,14957123.983821223,13918469.256197365,13225516.941428665,,14957123.983821223
,,IN_N03,4/1/2026,10997528.993513042,1.1850758e+07,15070557.182750616,13851787.54112714,12992357.022433177,,15070557.182750616
,,IN_N03,7/1/2026,11031902.623639386,1.1418116e+07,15026145.36114906,13771475.137292054,12861395.122788286,,15026145.36114906
,,IN_N03,10/1/2026,10884451.526702035,1.1040122e+07,14924946.390673595,13682968.574749712,12681420.362073109,,14924946.390673595
,,IN_N04,1/1/2025,1191355.7736048524,1.3207688e+06,1386932.4061365547,1307976.033792123,1305183.197,,#N/A
,,IN_N04,4/1/2025,1342455.7685970159,1.3538904e+06,1467558.922485922,1356632.5021328125,1384326.3436577693,,#N/A
,,IN_N04,7/1/2025,1422760.2089910517,1.344828e+06,1484301.7598646055,1339127.2813797763,1402892.6343937658,,#N/A
,,IN_N04,10/1/2025,1393313.5965588868,1.3300689e+06,1469207.316388701,1336014.216443256,1386901.157354543,,#N/A
,,IN_N04,1/1/2026,1421021.4785849366,1.3557832e+06,1513879.7504229192,1443592.4147935745,1435999.044409704,,#N/A
,,IN_N04,4/1/2026,1434054.5410536642,1.4614921e+06,1522789.3350353292,1477114.755539482,1475679.7533224714,,#N/A
,,IN_N04,7/1/2026,1418425.566507433,1.5450388e+06,1538284.4244641615,1475815.8083869612,1497161.9010542992,,#N/A
,,IN_N04,10/1/2026,1405450.8830997215,1.5345726e+06,1544677.7448530386,1467748.7378921497,1491434.4525537698,,#N/A
,,IN_N05,1/1/2025,17146225.045926157,1.5316427e+07,16064395.961231029,16874995.247469734,16314185.224692103,,16064395.961231029
,,IN_N05,4/1/2025,17105337.60303593,1.4139578e+07,15181936.567716975,16988847.410043817,15776763.876432553,,15181936.567716975
,,IN_N05,7/1/2025,16941876.360142514,1.4512268e+07,15527657.465125006,16631629.543375604,15854114.451885834,,15527657.465125006
,,IN_N05,10/1/2025,16304469.814573169,1.550444e+07,15117054.617687862,16589526.14532393,15821372.37617961,,15117054.617687862
,,IN_N05,1/1/2026,16170414.265261075,1.4224412e+07,15093177.834434448,16629059.789390745,15465795.436083365,,15093177.834434448
,,IN_N05,4/1/2026,16188394.337768285,1.2838467e+07,14838405.02808215,16523591.374672782,15023589.149039488,,14838405.02808215
,,IN_N05,7/1/2026,16292572.990911588,1.4367484e+07,14929380.272659874,16429208.692226756,15442450.954226475,,14929380.272659874
,,IN_N05,10/1/2026,16081768.106186863,1.6049246e+07,14963525.603761096,16326781.184425117,15804361.443738433,,14963525.603761096
,,IN_N06,1/1/2025,24460070.920242462,2.4392638e+07,27016621.233900644,26345589.304385837,25579518.52701401,,#N/A
,,IN_N06,4/1/2025,24460070.920242462,2.356709e+07,26581642.753616486,26466892.424956124,25271314.729280904,,#N/A
,,IN_N06,7/1/2025,24694001.200348217,2.3888866e+07,26575372.58806179,25908230.566342264,25289565.870534528,,#N/A
,,IN_N06,10/1/2025,24372072.911874343,2.5269074e+07,26477648.275479402,25848924.515390247,25519038.322397884,,#N/A
,,IN_N06,1/1/2026,24340943.229325198,2.4734468e+07,26497862.83520533,25842397.26153084,25380420.222903755,,#N/A
,,IN_N06,4/1/2026,24340943.229325198,2.4897686e+07,26497862.83520534,25653108.258346695,25381414.5,,#N/A
,,IN_N06,7/1/2026,24372072.911874343,2.4607268e+07,26477648.275479402,25503397.988381505,25277833.16622576,,#N/A
,,IN_N06,10/1/2026,24372072.911874343,2.4687256e+07,26477648.27547941,25343005.742915228,25263909.92,,#N/A
,,IN_N07,1/1/2025,2127566.003410279,2.3103332e+06,2238775.7987850844,2206259.8334319536,2222575.0419256543,,#N/A
,,IN_N07,4/1/2025,2290504.4436117853,2.4292445e+06,2444335.068892131,2186102.969818491,2347599.3760268334,,#N/A
,,IN_N07,7/1/2025,2389925.9311499037,2.3528645e+06,2537900.5498862793,2202374.5848726174,2383104.529059919,,#N/A
,,IN_N07,10/1/2025,2387547.271392907,2.3461532e+06,2629003.7659770986,2192131.245,2404819.4107745714,,#N/A
,,IN_N07,1/1/2026,2418714.9587146197,2.3939852e+06,2772035.0840960303,2283172.8675814695,2485114.2906692727,,#N/A
,,IN_N07,4/1/2026,2325075.0065880674,2.3747998e+06,2772366.309830419,2316897.374213344,2464473.8333018376,,#N/A
,,IN_N07,7/1/2026,2322369.9537501587,2.4043602e+06,2747369.8545315857,2310106.729742955,2462661.7887199745,,#N/A
,,IN_N07,10/1/2026,2307757.785782981,2.3591548e+06,2756883.486657352,2294612.232655637,2447048.6156160957,,#N/A
,,IN_P01,1/1/2025,414619.4575201893,477857.44,357491.86231272924,432322.93504151015,417986.1923538064,,#N/A
,,IN_P01,4/1/2025,404099.94245842303,445532.2,333468.12876216695,476206.9725745795,409656.6980225831,,#N/A
,,IN_P01,7/1/2025,401394.8896205141,445532.2,382175.91394811193,476062.3599807477,422958.11406389996,,#N/A
,,IN_P01,10/1/2025,396028.24216076086,430773,366017.76239167736,476342.67838210985,413314.98294492695,,#N/A
,,IN_P01,1/1/2026,401695.5358,444401.75,382893.9089147412,587669.6528550982,446734.1560254106,,#N/A
,,IN_P01,4/1/2026,386781.2634480177,415864.94,388682.3047024137,628726.3548748032,446246.958,,#N/A
,,IN_P01,7/1/2026,388470.9679121918,415864.94,395462.91962138936,632855.9328,449491.82255185547,,#N/A
,,IN_P01,10/1/2026,383104.32045243855,401105.75,394843.0392927942,630107.9559481131,443669.06601199805,,#N/A
,,IN_P02,1/1/2025,33537.06931301678,73368.45,2270.529529587964,113379.50591104661,51650.24834397987,,#N/A
,,IN_P02,4/1/2025,27412.31155333352,81757.19,1724.7827108314639,158496.96612716097,61722.867003234285,,#N/A
,,IN_P02,7/1/2025,40750.076286473166,88175.39,1778.4132352272663,165668.76934577175,68176.80109040413,,#N/A
,,IN_P02,10/1/2025,35383.42882671996,73416.19,1732.0968632134275,165809.8749537861,63134.502752613706,,#N/A
,,IN_P02,1/1/2026,67971.75770908376,120565.21,2086.6113404380603,278882.24751969567,107295.85421081354,,#N/A
,,IN_P02,4/1/2026,57452.24264731745,92028.37,1873.9782669209728,322857.81288954883,106788.38303286536,,#N/A
,,IN_P02,7/1/2026,54747.189809408585,92028.37,1874.0270261189557,328729.0435617474,107373.20648950618,,#N/A
,,IN_P02,10/1/2026,49380.54235,77269.164,1776.7620720937034,327951.0255178878,102120.41383184803,,#N/A
,,IN_P03,1/1/2025,534671.1557,567628.2,600407.4550927943,445350.03245487134,542875.7433388389,,#N/A
,,IN_P03,4/1/2025,525071.7821237558,565669.75,583657.5117557864,508419.2302072012,548640.7108,,#N/A
,,IN_P03,7/1/2025,593950.7828103795,542296.4,544184.7770484166,495141.3976253818,545513.7217122127,,#N/A
,,IN_P03,10/1/2025,548484.9524184336,533085.44,573795.2837916707,496137.17148130166,540705.1535338813,,#N/A
,,IN_P03,1/1/2026,513983.69009547884,562215.75,546899.1481,610660.0841,556256.8522342115,,#N/A
,,IN_P03,4/1/2026,504384.31652373186,538084.75,541702.8112350346,649621.3389202601,554590.8559879189,,#N/A
,,IN_P03,7/1/2026,483671.1553226833,533678.8,535188.5782170842,653621.5107317085,547353.6790573867,,#N/A
,,IN_P03,10/1/2026,437211.47910100635,518920.06,525126.8579,651294.8676190074,528785.9007336367,,#N/A
,,IN_R01,1/1/2025,2070332.836789717,1.9152279e+06,2180976.0402319017,1883705.8803788458,2023089.2384004532,,#N/A
,,IN_R01,4/1/2025,2066701.6506933714,1.9803765e+06,2251424.826777372,1964237.004243914,2076098.1747465704,,#N/A
,,IN_R01,7/1/2025,2117472.9871818665,2.0203556e+06,2415432.696982829,1986277.7868837398,2150558.6334750354,,#N/A
,,IN_R01,10/1/2025,2048858.1943048819,2.0725851e+06,2516140.5792156765,1947193.8965572491,2167498.741234007,,#N/A
,,IN_R01,1/1/2026,2284483.7822514144,2.194412e+06,2655252.638419279,2054184.8838930526,2319161.077454402,,#N/A
,,IN_R01,4/1/2026,2231157.6912378184,2.277821e+06,2812510.5333860116,2091090.654142411,2380206.5895947255,,#N/A
,,IN_R01,7/1/2026,2410462.351525487,2.3498545e+06,2791965.8464684696,2080824.0634685096,2434517.6207026276,,#N/A
,,IN_R01,10/1/2026,2386048.8725036024,2.3653655e+06,2741532.186722615,2068939.4553270736,2415405.176335025,,#N/A
,,IN_R02,1/1/2025,1259800.909764938,1.4166338e+06,1508202.830594739,1142979.4994213434,1346010.2517147178,,#N/A
,,IN_R02,4/1/2025,1441909.852277481,1.5724315e+06,1724489.7616879563,1085607.6752560453,1480249.673919513,,#N/A
,,IN_R02,7/1/2025,1477884.9841794877,1.5520202e+06,1545696.626572815,1039497.1591763261,1422731.895,,#N/A
,,IN_R02,10/1/2025,1496778.1460172217,1.5942601e+06,1738654.701645542,1084300.419649264,1503083.6205416133,,#N/A
,,IN_R02,1/1/2026,1530805.427750456,1.6799392e+06,1673292.1063317573,1178978.5131134859,1534549.258482238,,#N/A
,,IN_R02,4/1/2026,1543838.490219184,1.6829865e+06,1709120.527104768,1208238.0429571762,1555062.7179483785,,#N/A
,,IN_R02,7/1/2026,1541133.437381275,1.660052e+06,1624559.6268216916,1216078.7719252221,1525957.296196006,,#N/A
,,IN_R02,10/1/2026,1519500.4908583553,1.6430545e+06,1598578.115,1207806.9331526998,1507095.3960379167,,#N/A
,,IN_R03,1/1/2025,11214042.938826509,1.154474e+07,11758329.538022805,10952593.072090598,11398495.282430327,,11758329.538022805
,,IN_R03,4/1/2025,12271411.062326869,1.1521221e+07,12187296.53144916,10924431.29705675,11770256.703782415,,12187296.53144916
,,IN_R03,7/1/2025,12436094.604470659,1.1616029e+07,12891077.647713633,10896777.415322572,12031197.62532544,,12891077.647713633
,,IN_R03,10/1/2025,12952584.91316794,1.1676585e+07,12980602.99755349,10805420.591251144,12180007.316146998,,12980602.99755349
,,IN_R03,1/1/2026,13092267.44161473,1.1726702e+07,12951947.721873485,10845453.190585086,12227396.773802485,,12951947.721873485
,,IN_R03,4/1/2026,12700633.17192132,1.1547909e+07,12859877.212376427,10824451.811925262,12054727.201523988,,12859877.212376427
,,IN_R03,7/1/2026,12886471.469437243,1.2230722e+07,12910295.76708785,10756713.907531118,12273453.537627313,,12910295.76708785
,,IN_R03,10/1/2026,12469908.22540947,1.2248705e+07,13074802.355743296,10685212.121696707,12207448.83440259,,13074802.355743296
,,IN_R05,1/1/2025,3573548.2409198363,3.736816e+06,3685710.3633003216,3938592.8358223443,3724910.595701648,,#N/A
,,IN_R05,4/1/2025,3606445.977457555,3.8436772e+06,3706525.7124321307,3853948.836482148,3748018.0533037717,,#N/A
,,IN_R05,7/1/2025,3724268.6408155942,3.9192528e+06,3644719.3857336636,3908887.9580696067,3790118.6825626055,,#N/A
,,IN_R05,10/1/2025,3565111.823699923,3.8019512e+06,3702805.203265004,3878394.495,3731411.4281218834,,#N/A
,,IN_R05,1/1/2026,3632553.765714517,3.7227782e+06,3671580.7065165713,3948205.0253092395,3733876.6915164255,,#N/A
,,IN_R05,4/1/2026,3605614.820530453,3.8296395e+06,3662673.9844212914,3978331.391774026,3758160.0034159124,,#N/A
,,IN_R05,7/1/2026,3610657.3808832616,3.8393105e+06,3674450.090434174,3959359.9739618837,3761192.7075252263,,#N/A
,,IN_R05,10/1/2026,3630611.5568185262,3.8057398e+06,3694095.6066074306,3931012.102169907,3757212.483456845,,#N/A
,,IN_R06,1/1/2025,6027512.287052906,6.1594645e+06,4814014.310339838,4862857.361222399,5463997.1476126565,,#N/A
,,IN_R06,4/1/2025,6104321.598731702,5.69956e+06,5055127.784131676,4966699.256031528,5457884.023972672,,#N/A
,,IN_R06,7/1/2025,5740211.617231965,5.76706e+06,5144777.754786205,4800075.833070446,5375554.484,,#N/A
,,IN_R06,10/1/2025,5789851.140160924,5.8880195e+06,5268208.500404736,4810981.665564563,5456207.058181487,,#N/A
,,IN_R06,1/1/2026,6283308.950527199,6.580528e+06,5468913.336376704,4911983.295667397,5832304.12,,#N/A
,,IN_R06,4/1/2026,6278776.759100007,6.5336195e+06,5500788.004057896,4902510.32,5826452.096798563,,#N/A
,,IN_R06,7/1/2026,6204409.429800926,6.548953e+06,5602587.0796365775,4883109.039016204,5837140.455,,#N/A
,,IN_R06,10/1/2026,6113058.321910052,6.6283565e+06,5593251.225324174,4855251.947623445,5826127.314357758,,#N/A
,,IN_R07,1/1/2025,63577.00041,113057.836,58572.83866837996,172643.5907343466,97908.53286566539,,#N/A
,,IN_R07,4/1/2025,53057.48534523444,117976.54,57593.622528146225,216624.71540681762,105653.33263960693,,#N/A
,,IN_R07,7/1/2025,50352.432507325575,117976.54,59152.78950066821,223784.88059995812,106960.89586890684,,#N/A
,,IN_R07,10/1/2025,49380.54235,103217.32,58144.96065109061,223561.8187370346,102647.10281798473,,#N/A
,,IN_R07,1/1/2026,67971.75770908376,153679.72,59175.085025397144,336120.7221201209,144284.66381901954,,#N/A
,,IN_R07,4/1/2026,57452.24264731745,143783.83,59670.64782621348,379765.42135664716,148630.36814462912,,#N/A
,,IN_R07,7/1/2026,54747.189809408585,143783.83,58489.06714954139,385261.17314944713,148795.5852,,#N/A
,,IN_R07,10/1/2026,49380.54235,129024.65,59157.813651131175,384081.58001165325,143677.37643575564,,#N/A
,,IN_S01,1/1/2025,5491237.527209443,5.7552355e+06,5480446.890630489,5505722.519404313,5558070.629778805,,#N/A
,,IN_S01,4/1/2025,5417052.752065054,5.7897615e+06,5485588.629239649,5439861.798876654,5535984.923070253,,#N/A
,,IN_S01,7/1/2025,5596748.3244476905,5.9743265e+06,5547398.069657327,5442222.472679947,5645245.854356132,,#N/A
,,IN_S01,10/1/2025,5423665.257409143,5.9627515e+06,5540018.183081584,5413510.742336692,5591444.873048827,,#N/A
,,IN_S01,1/1/2026,5524301.097914462,6.324811e+06,5558528.809262788,5478928.315949354,5727169.772487139,,#N/A
,,IN_S01,4/1/2026,5494904.636582504,6.0817645e+06,5580824.858320292,5492133.580640672,5667608.247783231,,#N/A
,,IN_S01,7/1/2026,5468455.2784052985,6.0035435e+06,5583874.046998012,5464554.675834412,5636286.72,,#N/A
,,IN_S01,10/1/2026,5503882.370944998,5.966184e+06,5565345.770192827,5427170.894794673,5622261.744930769,,#N/A
,,IN_S02,1/1/2025,1155145.3573138735,1.2685152e+06,784099.7077,823437.7053896132,1006532.4898425529,,#N/A
,,IN_S02,4/1/2025,774616.6185558739,335121.2,646832.4097923514,1509934.2291236906,783290.9782027961,,#N/A
,,IN_S02,7/1/2025,559524.4768589986,163625.86,1145971.885712934,1067467.4821850532,736056.3080712872,,#N/A
,,IN_S02,10/1/2025,840636.1768,743068.9,1275892.1224833413,1091930.851099547,994569.499,,#N/A
,,IN_S02,1/1/2026,931249.3200361001,810116.5,1360348.603,1311124.5503197967,1104844.7510269454,,#N/A
,,IN_S02,4/1/2026,951904.6737744679,827334.44,1379563.1868413682,1282058.3520174078,1113620.690808757,,#N/A
,,IN_S02,7/1/2026,949199.6209,899769.94,1357615.444982988,1282144.509487577,1125006.7161017044,,#N/A
,,IN_S02,10/1/2026,916956.8372859743,903060,1349965.4175963465,1293907.9434949262,1118206.3158222444,,#N/A
,,IN_S03,1/1/2025,1001791.3668481841,1.3128122e+06,649688.5565575308,1947133.8786124247,1180791.3011139212,,#N/A
,,IN_S03,4/1/2025,783133.1638620901,1.1401636e+06,701682.9917,1901040.221384307,1088339.1989886803,,#N/A
,,IN_S03,7/1/2025,534696.0033424713,702177.06,672490.1251915524,2224730.8523965045,976827.8984364241,,#N/A
,,IN_S03,10/1/2025,515638.90016136755,772099.3,861983.0909884529,2072020.5149390302,1011758.7915455559,,#N/A
,,IN_S03,1/1/2026,582725.4992140499,800112.3,688776.2301887276,2147982.942874805,1001783.0066667637,,#N/A
,,IN_S03,4/1/2026,548250.8337043975,806427.1,714595.3899376054,2232579.7288685557,1020337.4603319799,,#N/A
,,IN_S03,7/1/2026,501679.26368582295,732401.2,677542.2594039612,2205721.191368636,973750.2203938116,,#N/A
,,IN_S03,10/1/2026,496312.6162260698,694046.5,696320.8807286674,2186828.095696347,964087.5444811934,,#N/A
,,IN_V03,1/1/2025,929624.4565296815,983075,1092023.549,1268187.3344210498,1061974.739740071,,#N/A
,,IN_V03,4/1/2025,762278.8764225002,911060.94,1003970.3835839425,1222363.6796949548,967451.3857948998,,#N/A
,,IN_V03,7/1/2025,725969.0872182434,874543.2,872840.1356776292,1367484.0801458238,942497.9097006565,,#N/A
,,IN_V03,10/1/2025,763570.0138777146,1.02262544e+06,912976.4974,1313380.1934483263,989261.9294627099,,#N/A
,,IN_V03,1/1/2026,718640.2651146997,917441.56,888605.8721228933,1400503.115041342,963122.1551396593,,#N/A
,,IN_V03,4/1/2026,699884.4123041037,877055.8,906393.0270791538,1459836.3677948655,966031.3367998654,,#N/A
,,IN_V03,7/1/2026,710103.2811745172,877055.8,885764.3055823236,1451770.3041147725,960900.8772359923,,#N/A
,,IN_V03,10/1/2026,703374.8993419593,862296.56,885438.6492,1439912.8350226216,952886.1568,,#N/A
,,IN_V04,1/1/2025,452703.1673006972,555620.8,488509.4831842078,689643.4353,539542.4614850892,,#N/A
,,IN_V04,4/1/2025,485386.28533439717,529888.44,466969.995,696129.9141922516,536268.4266973429,,#N/A
,,IN_V04,7/1/2025,402315.03111053334,477134.44,482378.68394296616,700324.3817,507771.8506394095,,#N/A
,,IN_V04,10/1/2025,396028.24216076086,438943.5,466966.69713839306,706680.2911148764,493477.9088,,#N/A
,,IN_V04,1/1/2026,414619.4575201893,477857.44,479336.12906018796,810925.2311675247,533678.5476,,#N/A
,,IN_V04,4/1/2026,404099.94245842303,449320.62,458652.87951258075,851071.1207431837,526471.8364562929,,#N/A
,,IN_V04,7/1/2026,388470.9679121918,415864.94,439502.7677890608,855016.1216361385,509487.8555177166,,#N/A
,,IN_V04,10/1/2026,383104.32045243855,434561.44,422092.2022922178,849928.2306300772,506812.33426582266,,#N/A
,,IN_V07,1/1/2025,414619.4575201893,477857.44,372847.7640618042,498894.29464652593,436584.82428226573,,#N/A
,,IN_V07,4/1/2025,404099.94245842303,445532.2,406827.84234440967,530227.0536,442250.98540893797,,#N/A
,,IN_V07,7/1/2025,401394.8896205141,445532.2,404406.0245157622,547416.5951183715,444551.5372314495,,#N/A
,,IN_V07,10/1/2025,383104.32045243855,434561.44,426431.40482395916,542088.3864,442463.23563920724,,#N/A
,,IN_V07,1/1/2026,401695.5358,444401.75,420609.7200603935,650478.1411296155,470957.1567445535,,#N/A
,,IN_V07,4/1/2026,391176.0207501007,415864.94,422860.4180217949,693893.524,471038.27790018613,,#N/A
,,IN_V07,7/1/2026,388470.9679121918,415864.94,430925.25466912385,696903.8887,473331.2923565229,,#N/A
,,IN_V07,10/1/2026,383104.32045243855,401105.75,423153.7552953668,693256.7581045174,465261.58196452155,,#N/A
