unique_id,ds,LightGBM,XGBoost,RandomForest,Ridge,Ensemble
MI_A01,2025-01-01,2482838.397566001,2.8316058e+06,2049911.0337941581,1757040.4473955217,2322055.915148793
MI_A01,2025-04-01,2515624.5290784114,2.8771922e+06,2532056.2638589907,1847863.3629192119,2497070.358770218
MI_A01,2025-07-01,2665353.9708495946,2.9783242e+06,2674120.4132427657,1869094.8451826894,2608329.0841103317
MI_A01,2025-10-01,2757960.948779104,3.1559262e+06,2563715.6087345434,1908770.2318246518,2656291.719619606
MI_A01,2026-01-01,3467168.0598570346,3.3825448e+06,2814982.0829728385,1995792.095563252,2992507.288077517
MI_A01,2026-04-01,3323289.2219727566,3.4309015e+06,2948192.899733518,2066389.7980060382,3018213.8209111947
MI_A01,2026-07-01,3352678.6603706926,3.3926022e+06,3157346.626514325,2129311.416754307,3086765.509911765
MI_A01,2026-10-01,3352678.6603706926,3.292433e+06,3108226.5962330233,2194663.2265268145,3057577.700051222
MI_A02,2025-01-01,10756580.23052398,1.1214555e+07,11250558.882941222,11798347.144112635,11208994.511052443
MI_A02,2025-04-01,12444619.749577636,1.1414999e+07,11517870.303540938,11825830.067232974,11791140.013047379
MI_A02,2025-07-01,11846923.488523673,1.1328644e+07,11178986.802158179,11854549.078587491,11518082.166417394
MI_A02,2025-10-01,11980861.991379214,1.1212633e+07,10760864.010448618,11920216.378355134,11414787.206792153
MI_A02,2026-01-01,11057578.878432326,1.029183e+07,10443022.409445154,11959622.694373094,10838860.982447285
MI_A02,2026-04-01,11381770.318774054,1.0541337e+07,9953293.546967335,12000387.202312745,10859379.374186162
MI_A02,2026-07-01,10481687.795446489,1.0014627e+07,9646917.956405431,12043748.759869188,10399660.95955955
MI_A02,2026-10-01,11523080.159718731,1.0099316e+07,9580488.607151661,12089303.878229618,10687421.48391807
MI_A03,2025-01-01,2105927.8510157494,2.0084519e+06,2007011.226209271,1881910.8484442947,2010999.3184791084
MI_A03,2025-04-01,2131261.5718249884,1.981706e+06,2062472.4334397395,1960301.3583932295,2040496.8090395688
MI_A03,2025-07-01,2056157.3094020782,1.9857076e+06,2100856.3021643544,2013414.7527451357,2042239.7248942924
MI_A03,2025-10-01,2077377.9321425133,2.017104e+06,2153223.0737413554,2070260.024993545,2081524.666388283
MI_A03,2026-01-01,2280944.359918185,2.2029868e+06,2376056.100889694,2142444.5431873794,2262110.504503403
MI_A03,2026-04-01,2241427.6326555344,2.1525405e+06,2494936.294401827,2210497.4629994896,2284300.7903300575
MI_A03,2026-07-01,2259320.7777887257,2.1583485e+06,2483084.967813274,2275971.4442160637,2299039.168410595
MI_A03,2026-10-01,2240481.448081186,2.159467e+06,2488348.1037308443,2342147.2038513636,2307803.7789446316
MI_A04,2025-01-01,1624766.453780103,1.6253705e+06,1539486.8891622,1869674.5340738227,1644799.2369492908
MI_A04,2025-04-01,1507850.030654657,1.5482872e+06,1507238.7325665415,1930472.1605935,1594867.1149119213
MI_A04,2025-07-01,1456236.4699971268,1.49672e+06,1515325.4187423436,1988727.9454459362,1580149.6244673103
MI_A04,2025-10-01,1422128.9425356055,1.4674166e+06,1494317.6324659388,2059469.2997257295,1570006.6862445176
MI_A04,2026-01-01,1514959.675340404,1.5582422e+06,1530458.852227221,2126583.6621225444,1641468.1083398552
MI_A04,2026-04-01,1426107.4756535618,1.5197182e+06,1546588.9454572129,2192436.5339850322,1624070.9047794081
MI_A04,2026-07-01,1388202.4400938475,1.4946599e+06,1551393.1391370608,2258636.6390466467,1620615.2580926726
MI_A04,2026-10-01,1388202.4400938475,1.4927985e+06,1545970.7629033546,2325797.634909704,1630692.380970316
MI_A05,2025-01-01,193261.46871078352,163803.05,160765.17537108285,267271.9425454247,189416.7023012204
MI_A05,2025-04-01,167569.80195319917,180115.69,156533.64734494107,338846.70300281374,198720.80862537984
MI_A05,2025-07-01,134926.33945391243,169047.7,156029.49389922406,401435.7306761411,198256.25871850943
MI_A05,2025-10-01,145526.33265670092,162106.5,159439.72486102083,469131.2100030206,212390.80330154198
MI_A05,2026-01-01,210194.12219404598,175878.31,165697.90046397355,541788.740479775,248124.09483688266
MI_A05,2026-04-01,182534.13952330855,169876.11,159029.23005989208,612329.8652389811,250018.13377643356
MI_A05,2026-07-01,134926.33945391243,158808.11,157426.86335294726,682097.21692391,246574.3215250987
MI_A05,2026-10-01,145526.33265670092,158808.11,160415.13649026258,752478.6080021432,262941.7003021338
MI_A06,2025-01-01,28073174.53177166,2.8910826e+07,29333601.676713526,27874143.441437583,28622592.921314493
MI_A06,2025-04-01,28995517.061108153,2.7327474e+07,28590246.875524193,27365741.529871896,28136549.808416188
MI_A06,2025-07-01,27670424.52403942,2.6992996e+07,28219210.941920206,27352288.08728302,27587333.169825904
MI_A06,2025-10-01,28418180.679207817,2.9414928e+07,29462032.102081664,27449675.441287354,28809651.027305804
MI_A06,2026-01-01,29408390.397013728,2.9892018e+07,29911635.789258946,27430644.5527184,29325162.928395327
MI_A06,2026-04-01,28795092.684227288,2.8336138e+07,29912285.717559975,27425648.56851013,28743282.428771745
MI_A06,2026-07-01,28535953.236700434,2.9192662e+07,29885618.757312395,27432926.981513962,28898925.249042302
MI_A06,2026-10-01,28747182.584202148,2.787073e+07,29914551.76155917,27445726.431593843,28609597.51644495
MI_A07,2025-01-01,3505473.412503344,3.3411618e+06,2941638.638155196,2763687.028543958,3166321.781676981
MI_A07,2025-04-01,3206211.3096330436,3.4405138e+06,3199846.1742002033,2839726.2701974353,3201289.5466793445
MI_A07,2025-07-01,3115122.026019125,3.4261942e+06,3128768.715896811,2889589.0707301195,3162028.0009938083
MI_A07,2025-10-01,3280621.4802747862,3.5152162e+06,3178399.359810118,2946141.5681843883,3254187.4156649867
MI_A07,2026-01-01,3424170.422260112,3.48757e+06,3151018.1662640856,3015913.3074141997,3289529.937963038
MI_A07,2026-04-01,3373955.307108448,3.5057935e+06,3203876.4468188933,3081754.493404566,3308121.250332153
MI_A07,2026-07-01,3323034.8696857523,3.3698395e+06,3216934.9908181117,3145169.7015552055,3273224.1772891292
MI_A07,2026-10-01,3323034.8696857523,3.3982498e+06,3254216.4076132826,3209428.812466877,3303118.5948072295
MI_A09,2025-01-01,692110.1359591626,641121.5,589588.5276659506,659282.9633563778,643185.8044177553
MI_A09,2025-04-01,875631.5696556399,682343.2,594406.8698356121,738893.3383116077,718618.3168193747
MI_A09,2025-07-01,769224.3510645725,716627.8,631364.0447149749,797757.8745817032,720856.1574379462
MI_A09,2025-10-01,691636.9961370601,633611.75,635208.100805906,859445.2509608024,690205.3472079706
MI_A09,2026-01-01,765415.5743443542,668279.1,650804.566575674,933009.6720170963,736805.2115516914
MI_A09,2026-04-01,731098.1365937464,718386.3,642193.8467242048,1003596.5268846238,751493.3378693635
MI_A09,2026-07-01,723038.4543379135,699677.5,651991.8759618244,1072157.5709548218,759500.4613806964
MI_A09,2026-10-01,723038.4543379135,699677.5,645232.3377080559,1141272.0600480537,770049.5050746528
MI_A10,2025-01-01,14548946.289436117,1.4091785e+07,13894461.177403025,13399456.778179877,14031472.124139924
MI_A10,2025-04-01,14002492.801464899,1.4002398e+07,14615505.2641494,13402696.11434874,14069201.277004518
MI_A10,2025-07-01,14269035.522850687,1.4179893e+07,14716415.145735014,13413241.94324575,14218260.80942071
MI_A10,2025-10-01,14168409.950533045,1.5004515e+07,15025022.662396317,13445722.980156705,14507563.125628907
MI_A10,2026-01-01,14153488.816168359,1.524776e+07,14275130.380213398,13500525.313467808,14364867.636498438
MI_A10,2026-04-01,14681880.470171979,1.5813312e+07,14964341.45491081,13539372.859959476,14860789.318573067
MI_A10,2026-07-01,14424379.342866892,1.5199832e+07,14619865.571130248,13576853.169461258,14535897.184486596
MI_A10,2026-10-01,14211585.011266043,1.5188815e+07,15002589.123307899,13617025.333172154,14593125.784321595
MI_A11,2025-01-01,949933.2807216865,983876.3,922352.3538059889,1046107.4027812162,968559.4782124102
MI_A11,2025-04-01,930795.6955850391,964054.7,936642.492158855,1111687.5080289585,974078.5870917155
MI_A11,2025-07-01,907556.1607152459,946947.0,938330.6170817148,1172135.4779898291,974717.3792244813
MI_A11,2025-10-01,907556.1607152459,945820.8,924265.6326742764,1241845.8229850444,982984.9856562365
MI_A11,2026-01-01,949933.2807216865,982750.2,897116.0983104085,1311688.3046963525,1009003.0944245127
MI_A11,2026-04-01,930795.6955850391,962928.56,914241.8304614229,1379861.9199345962,1015800.1153579917
MI_A11,2026-07-01,907556.1607152459,945820.8,929721.5578911119,1447904.5822834251,1021748.0455458779
MI_A11,2026-10-01,907556.1607152459,945820.8,939457.3269811305,1516757.8239012437,1036959.7654377433
MI_A12,2025-01-01,10699133.223220162,6.7435465e+06,7892955.826413078,7114059.679942673,8185866.553425498
MI_A12,2025-04-01,9348972.101247542,8.568772e+06,8128293.232797501,6721060.00795,8315943.871817557
MI_A12,2025-07-01,11089418.783973163,8.538645e+06,8134737.952279017,7058337.781132429,8831352.718618555
MI_A12,2025-10-01,10944629.330354968,7.7382795e+06,8007227.884529668,7103400.539321175,8549315.46528221
MI_A12,2026-01-01,9813508.153455658,8.96573e+06,7993446.66345787,7118473.837533834,8579031.134758152
MI_A12,2026-04-01,12835887.438183531,8.459263e+06,8012416.694735073,7154647.381810449,9254823.412321903
MI_A12,2026-07-01,10331140.355428198,8.587153e+06,8017700.250324853,7229626.696009436,8641166.530720968
MI_A12,2026-10-01,11646624.039732277,8.402493e+06,8037724.165050225,7286058.850390532,8955640.621258138
MI_A16,2025-01-01,380159.68662701047,290005.9,261726.12707241657,402608.7638459719,326130.517706211
MI_A16,2025-04-01,572926.3770199993,339107.2,290587.31903800595,481808.00598415756,412922.26964144566
MI_A16,2025-07-01,739520.450135982,287127.38,299049.06291741686,542847.7914332603,456473.6017204192
MI_A16,2025-10-01,842933.6593526608,295183.12,295054.8199765437,605836.2464248836,496252.9435274127
MI_A16,2026-01-01,873688.8636682915,310846.6,300583.22089241847,679386.1365017865,523469.8636469069
MI_A16,2026-04-01,755679.8473327791,302669.94,303312.5893297294,750439.0151161922,503634.6473737751
MI_A16,2026-07-01,751892.0473169611,296251.7,306753.7937804771,819724.4446456754,514396.72978304705
MI_A16,2026-10-01,755007.0536908245,293776.47,306730.1695762871,889477.4155762063,527142.779556135
MI_B01,2025-01-01,4454664.645908182,4.4431465e+06,4655219.640961394,4913858.666706413,4591738.531677807
MI_B01,2025-04-01,4896142.7614511745,4.5570645e+06,4809320.650658317,4900535.162919745,4780876.492991361
MI_B01,2025-07-01,4453302.852449504,4.361292e+06,4616203.522548608,4974641.457040712,4569179.969499596
MI_B01,2025-10-01,4923762.838173638,4.312174e+06,4542985.476247448,5060428.5143135525,4675096.040111485
MI_B01,2026-01-01,4579998.926919588,4.378149e+06,4442764.796806824,5112211.475278124,4582577.734367826
MI_B01,2026-04-01,4699209.0830683345,4.3114405e+06,4384800.447138183,5165801.0684048375,4589308.139067851
MI_B01,2026-07-01,4410525.12293816,4.365179e+06,4362749.401482943,5226870.780714423,4532074.684981659
MI_B01,2026-10-01,4713015.704168067,4.307475e+06,4419852.877340743,5288823.871492809,4624117.00547169
MI_B02,2025-01-01,1093110.327248858,1.0663454e+06,1036642.7458813722,1107022.4654998481,1072294.9863457887
MI_B02,2025-04-01,1119177.7674416266,1.02321244e+06,1024867.1084767545,1176376.3563730298,1076746.2741573248
MI_B02,2025-07-01,1084387.7382557758,987122.75,1034365.9367498761,1233221.0738535933,1070797.3049575416
MI_B02,2025-10-01,1084387.7382557758,987122.75,1039525.4985080879,1299276.5374627209,1084197.2397172372
MI_B02,2026-01-01,1167648.1656310277,1.04636225e+06,1104942.0918261262,1370946.6522016432,1153804.40337566
MI_B02,2026-04-01,1122292.77381549,1.0173652e+06,1085318.762126316,1439525.9396043913,1140771.0048752488
MI_B02,2026-07-01,1176779.310967619,987122.75,1132804.4125673447,1507084.4763624133,1172812.4192180166
MI_B02,2026-10-01,1084387.7382557758,987122.75,1111145.0264033834,1575558.3928649263,1154530.9932074316
MI_B03,2025-01-01,1103632.9827786784,1.1402728e+06,1131397.516967778,911401.0604076481,1086714.0528990487
MI_B03,2025-04-01,1405187.9820832268,1.3121664e+06,1093933.9523176088,981057.9704047146,1214698.7966339474
MI_B03,2025-07-01,1120297.1502372455,1.1610122e+06,1094607.4629150515,1057149.626297751,1112519.6188873728
MI_B03,2025-10-01,1291184.229488742,1.1604974e+06,1050036.2751528674,1116637.293782199,1155637.7186015244
MI_B03,2026-01-01,1236451.5717704208,1.2374532e+06,1143291.5760748093,1186540.5278948802,1201109.8028469814
MI_B03,2026-04-01,1220625.6161125903,1.2128098e+06,1129382.4953078772,1256122.7313903633,1198878.7363349625
MI_B03,2026-07-01,1182720.580552876,1.1901605e+06,1196824.7329588153,1325306.2371448507,1214495.0475346525
MI_B03,2026-10-01,1182720.580552876,1.197516e+06,1218825.9856903786,1393804.280511027,1235124.6287623823
MI_B05,2025-01-01,6346837.606599055,1.0032295e+07,7182482.827904549,7947718.357372523,7866495.960609802
MI_B05,2025-04-01,8088709.072357556,1.0778372e+07,6673523.380264961,8097970.545216794,8410281.82147222
MI_B05,2025-07-01,8598461.060718909,9.114662e+06,7100335.700270526,7564276.695748131,8122923.083407856
MI_B05,2025-10-01,11023014.673197897,1.1688221e+07,8039095.7117020665,7378030.816310908,9691954.11417532
MI_B05,2026-01-01,9685050.791050717,1.1864057e+07,8218676.034171621,7598298.662268238,9476105.948678654
MI_B05,2026-04-01,14063272.87315748,1.4025394e+07,8090405.81974628,7647219.584641123,11189205.66435442
MI_B05,2026-07-01,12785684.441022627,1.5450339e+07,8138869.257829425,7678853.124413264,11254066.059387818
MI_B05,2026-10-01,15419239.6946506,1.5689164e+07,8054733.830258128,7722005.60347574,11999348.352979328
MI_B06,2025-01-01,116771.79322213485,121178.67,79265.05873071546,209298.6218134322,123955.14498489455
MI_B06,2025-04-01,94123.84021136297,112496.46,86173.15705456764,284762.0928546309,131220.02301614528
MI_B06,2025-07-01,91355.38928423893,119597.9,95589.82554652305,345057.5113316943,145974.00238926432
MI_B06,2025-10-01,57268.353777752796,108124.11,96357.51341326299,410807.06918630295,145951.8390786703
MI_B06,2026-01-01,98174.56587923516,133496.67,96707.36532641122,484683.5552327272,177049.9602955462
MI_B06,2026-04-01,94123.84021136297,132407.81,100407.86897834727,555756.5855473669,189573.74112449243
MI_B06,2026-07-01,88865.328838239,123461.41,103544.6145027598,625438.324099187,199250.58033587615
MI_B06,2026-10-01,57268.353777752796,127004.555,104770.68650668653,695802.3733586732,204893.8052562127
MI_C01,2025-01-01,4082789.1343148276,5.8643935e+06,6681559.132981969,8395186.778755363,6082990.406248178
MI_C01,2025-04-01,5352653.964824834,6.5513105e+06,7174052.310926112,7831798.161934549,6642977.897051124
MI_C01,2025-07-01,4298528.031889696,6.6393445e+06,6788548.933934167,7789238.6157651385,6269840.066860137
MI_C01,2025-10-01,3963249.936574597,3.8111635e+06,5613667.5208203755,7988883.993841047,5120405.287849763
MI_C01,2026-01-01,4234740.191830608,4.949396e+06,5577046.061533245,8020149.8263629405,5493847.40821706
MI_C01,2026-04-01,3970930.027999881,4.0120868e+06,5133377.402902427,8050978.161333027,5050596.751957795
MI_C01,2026-07-01,4168429.0115127545,4.1413992e+06,5040520.419483443,8099656.503587973,5119967.336712006
MI_C01,2026-10-01,4024368.2742342143,4.50397e+06,4971783.611389494,8163345.598973527,5171293.434779001
MI_C02,2025-01-01,3524165.1523276647,3.4029212e+06,3406283.2533564083,3477229.636932175,3449397.1491960944
MI_C02,2025-04-01,3268936.3507264303,3.4445545e+06,3463969.225993448,3552504.4744465733,3423094.3692278564
MI_C02,2025-07-01,3315017.2321187747,3.3726292e+06,3517022.064498014,3588937.585308467,3437660.4256624193
MI_C02,2025-10-01,3423084.896932806,3.3728695e+06,3615211.2766562933,3635010.9763797666,3502690.2439949065
MI_C02,2026-01-01,3497724.6103184572,3.453016e+06,3642470.256540846,3709990.826150746,3565345.175711535
MI_C02,2026-04-01,3461233.8454053737,3.4210272e+06,3661525.8782289308,3775084.681255944,3564267.9359050086
MI_C02,2026-07-01,3410313.407982678,3.404117e+06,3664735.649390376,3835681.534799929,3558092.7807138353
MI_C02,2026-10-01,3423084.896932806,3.3889035e+06,3641465.210733919,3897768.194231363,3561944.835416776
MI_C03,2025-01-01,5163432.718906292,5.5661005e+06,5642649.37156573,5198258.269901676,5414935.262554642
MI_C03,2025-04-01,5264287.836171803,5.018982e+06,5427058.904394947,5270226.547974354,5245806.921638188
MI_C03,2025-07-01,5002967.053414144,5.5602855e+06,5609946.55835611,5299607.90011877,5379848.94632032
MI_C03,2025-10-01,5010637.0831958195,5.122265e+06,5625685.137537047,5340079.234045967,5275779.216286652
MI_C03,2026-01-01,5562217.359599029,5.6255645e+06,5598764.73648974,5412493.349483794,5562669.998735534
MI_C03,2026-04-01,5457363.912482299,5.467229e+06,5593019.280045859,5473793.488019021,5501718.888113458
MI_C03,2026-07-01,5458739.724148529,5.588428e+06,5516714.617412436,5530159.791960358,5523096.4371299865
MI_C03,2026-10-01,5458739.724148529,5.681952e+06,5470430.176572565,5588196.479581326,5545533.6576068215
MI_C04,2025-01-01,79031.99062884193,59687.457,31476.49115244889,156840.9059675947,74295.60001642985
MI_C04,2025-04-01,74832.74088401781,61892.45,31408.58792245839,229367.26487768884,86853.08812358501
MI_C04,2025-07-01,55855.001215535536,58316.035,30179.710897923316,291745.51819623855,91778.02747305381
MI_C04,2025-10-01,50827.99139613012,58316.035,30092.72130361377,359331.0937168618,102625.31264259852
MI_C04,2026-01-01,95199.12002129949,69062.414,31090.067096641287,432442.00533356133,130750.50253618736
MI_C04,2026-04-01,76246.09344623509,69111.945,30945.750352590298,503309.7919490603,138500.48691211233
MI_C04,2026-07-01,55855.001215535536,61983.81,30057.231144127734,573290.0485265602,143565.0031854237
MI_C04,2026-10-01,50827.99139613012,62084.81,30026.80832798438,643898.2963405347,155001.3883519133
MI_C05,2025-01-01,1461123.151491721,1.3501029e+06,1343870.3575429884,1392811.3212414926,1385427.0424062104
MI_C05,2025-04-01,1310213.4976624507,1.3355266e+06,1282330.0017699858,1465548.3009613468,1337112.2395137562
MI_C05,2025-07-01,1313796.672033753,1.3339836e+06,1273640.1917403317,1540989.7927953273,1348785.816598426
MI_C05,2025-10-01,1274963.7994471006,1.3367331e+06,1252830.1129509795,1598935.5758056995,1343765.6347414914
MI_C05,2026-01-01,1337149.232122157,1.4069844e+06,1289437.2765548117,1667245.9381472617,1401924.7512198733
MI_C05,2026-04-01,1297672.726622613,1.3875019e+06,1259147.5393122968,1735962.805469262,1389988.1087433628
MI_C05,2026-07-01,1274963.7994471006,1.3738172e+06,1254097.9668843863,1804099.9205170264,1391153.2722411864
MI_C05,2026-10-01,1239782.2305312096,1.3679386e+06,1252186.7958341993,1871440.2652710131,1391869.7160215336
MI_C07,2025-01-01,9261919.756305724,8.411156e+06,8230087.211772795,8720352.824529517,8640521.854379307
MI_C07,2025-04-01,9978612.312040849,8.632218e+06,8331703.552810767,8762249.658100255,8926346.871290777
MI_C07,2025-07-01,10760359.596271964,8.579293e+06,8327974.947416164,8784763.13144409,9122067.707952049
MI_C07,2025-10-01,10674240.772021595,8.761283e+06,8361822.754149436,8822054.982178353,9164651.626864746
MI_C07,2026-01-01,10219512.098842012,9.067453e+06,8335547.227260274,8886686.491036091,9130841.775293138
MI_C07,2026-04-01,9709486.209880162,9.024494e+06,8333757.600146857,8938239.896589622,8993047.365830205
MI_C07,2026-07-01,9673521.170120837,9.223032e+06,8346960.429639519,8986570.444684908,9049462.084925009
MI_C07,2026-10-01,9759594.17317175,9.089791e+06,8372214.917376743,9036957.979870968,9052693.885094779
MI_C08,2025-01-01,5610459.601199037,5.132351e+06,5127060.32273113,4886780.980400625,5213079.562292957
MI_C08,2025-04-01,5466821.2227895865,4.95257e+06,4931293.241398321,4942763.305942394,5080871.346994128
MI_C08,2025-07-01,5518068.672863467,5.418742e+06,5060170.425320828,4986054.100646185,5264532.297255492
MI_C08,2025-10-01,5488889.153750749,4.918653e+06,5017917.415443628,5040753.099099791,5120010.603852694
MI_C08,2026-01-01,5176921.101224147,5.526985e+06,5130681.101853438,5106688.474824129,5245263.671982792
MI_C08,2026-04-01,5055251.460717598,5.0029825e+06,5053227.482269324,5166580.183833163,5060705.501557084
MI_C08,2026-07-01,5249851.670376805,5.5874335e+06,5103810.0821987055,5224950.528776887,5294523.386418853
MI_C08,2026-10-01,5235450.960972671,5.057774e+06,5071061.4899544595,5284617.418644689,5149565.604937557
MI_C09,2025-01-01,8830727.518984841,8.561937e+06,8269159.115628383,8552074.920799445,8547722.342808273
MI_C09,2025-04-01,9578183.30867664,8.634651e+06,8333282.651925344,8587084.595881727,8789812.415220985
MI_C09,2025-07-01,9335443.306858547,8.614352e+06,8300487.166012018,8610913.016160056,8715022.06594013
MI_C09,2025-10-01,9696314.748570537,8.720814e+06,8302052.946533272,8650890.831469659,8846883.735281538
MI_C09,2026-01-01,10492914.976886207,8.978847e+06,8266987.798775936,8715596.013866957,9128907.689883238
MI_C09,2026-04-01,11237001.716332378,8.807259e+06,8252373.892098294,8766967.186894871,9284819.866326286
MI_C09,2026-07-01,11373227.83046401,8.990104e+06,8211416.920453243,8815765.340538941,9367218.271895202
MI_C09,2026-10-01,10935589.450882478,8.877999e+06,8183200.339283439,8866721.0694395,9222322.822840102
MI_C10,2025-01-01,8999239.525549008,9.125819e+06,9417604.787444456,9564932.821178727,9254904.773949172
MI_C10,2025-04-01,9264769.145386534,8.808406e+06,9448099.62239424,9596871.208819423,9254239.298575118
MI_C10,2025-07-01,9603769.830289785,8.781666e+06,9465849.963421358,9628486.968709912,9347568.268901542
MI_C10,2025-10-01,9556472.069071118,8.64624e+06,9448912.914214723,9677399.56046626,9302589.2794605
MI_C10,2026-01-01,10825368.127002709,8.819164e+06,9442199.554613328,9732201.232536256,9693051.033572411
MI_C10,2026-04-01,11368851.312187493,8.66245e+06,9504119.705235125,9780174.432907566,9821096.483971423
MI_C10,2026-07-01,10548441.484497873,8.801236e+06,9493872.80527309,9827777.44311523,9646920.416496038
MI_C10,2026-10-01,12027572.853979312,8.763131e+06,9486786.504413871,9877093.646094136,10035142.435793625
MI_D01,2025-01-01,2416535.0984787317,2.1105642e+06,2330401.4000886544,2771016.355438176,2373587.7742232094
MI_D01,2025-04-01,2566598.6909331237,2.1194665e+06,2374118.881807166,2695306.2531914874,2414525.5844603786
MI_D01,2025-07-01,2167120.77727907,2.1372358e+06,2227743.782858476,2710643.758177165,2274522.759495662
MI_D01,2025-10-01,2266667.308049895,2.191432e+06,2371207.662172551,2836771.4480414223,2379201.3728648713
MI_D01,2026-01-01,2430267.218989519,2.2934178e+06,2659200.7931138133,2900466.528283984,2543695.752666245
MI_D01,2026-04-01,2358559.54708565,2.2844182e+06,2587177.0199976196,2954027.77053488,2511395.0351419924
MI_D01,2026-07-01,2303646.844400978,2.382558e+06,2508594.326750108,3016117.3402103754,2512046.356777115
MI_D01,2026-10-01,2251482.2452034866,2.4429588e+06,2376683.9382480364,3085579.0559996716,2489371.7318469905
MI_D02,2025-01-01,1443688.1853364003,1.4176226e+06,1403867.3782596088,1020616.4984205028,1348913.9229022195
MI_D02,2025-04-01,1302057.4713187597,1.2865548e+06,1239474.6318556666,1114245.6263836378,1246104.934980771
MI_D02,2025-07-01,1345700.8222465755,1.3326829e+06,1180853.7894455418,1156219.3531376584,1260916.5168184955
MI_D02,2025-10-01,1248251.510209508,1.2872912e+06,1190693.8389078204,1204322.6766670735,1234393.9099690062
MI_D02,2026-01-01,1340773.218340276,1.3870119e+06,1309331.694027614,1284923.2267938165,1334157.7565498294
MI_D02,2026-04-01,1298322.489476323,1.3240956e+06,1274042.6140182235,1356699.549979293,1308867.6224940163
MI_D02,2026-07-01,1260417.4539166086,1.330975e+06,1229413.2645904007,1422926.882633706,1299898.9653572796
MI_D02,2026-10-01,1225235.8850007176,1.3222822e+06,1210649.262026991,1490352.87337952,1295061.4756020457
MI_D04,2025-01-01,2370014.1539319907,2.3774172e+06,2504091.5832055914,2218853.8398957527,2382996.5380940437
MI_D04,2025-04-01,2343885.3944440815,2.360069e+06,2414437.9738300336,2195177.6718964144,2341536.008345847
MI_D04,2025-07-01,2156067.668282955,2.3851605e+06,2210732.6610469534,2224963.117497289,2245780.107383439
MI_D04,2025-10-01,2224331.9475038564,2.469508e+06,2333400.217964032,2339126.776549366,2342194.5278473306
MI_D04,2026-01-01,2430267.218989519,2.674969e+06,2551101.745943132,2402855.16682154,2525685.3382572504
MI_D04,2026-04-01,2328921.8341672635,2.496695e+06,2483285.081988444,2460243.228172691,2441866.8476611567
MI_D04,2026-07-01,2307722.926971523,2.4580915e+06,2464799.321153544,2524359.34508326,2432162.0071497904
MI_D04,2026-10-01,2299100.8674199954,2.4757565e+06,2448630.6294341767,2593999.989692055,2442591.689269823
MI_D05,2025-01-01,131659.97406168547,140815.92,116649.11416488451,252916.3692912918,151732.10131450434
MI_D05,2025-04-01,105265.35968206318,136136.5,118027.92754775594,326009.13514280214,157075.68368498824
MI_D05,2025-07-01,93623.12454497798,123461.41,118806.17536355583,389428.7991245764,162254.72287321513
MI_D05,2025-10-01,96614.62349244328,123461.41,116364.63857658042,456929.82151934307,174537.3423795668
MI_D05,2026-01-01,129169.91361568563,138595.61,117395.62980886197,529309.2464913444,200592.90678732755
MI_D05,2026-04-01,115833.34855483654,132593.38,115046.5781730011,599974.9171777316,207534.89095362392
MI_D05,2026-07-01,91355.38928423893,134017.89,114843.14701245388,669841.6830348705,213994.6409341735
MI_D05,2026-10-01,91355.38928423893,134017.89,114118.70605737295,740232.6747362788,226497.3452294376
MI_D06,2025-01-01,569047.8736746958,1.0532014e+06,735575.5565213904,568505.2120682953,746816.9545657011
MI_D06,2025-04-01,683530.7979014388,1.1137366e+06,768060.7961888652,643327.278174733,816205.3354298035
MI_D06,2025-07-01,874002.7165891527,1.129429e+06,878285.7786583904,700875.5491886791,912719.1828094076
MI_D06,2025-10-01,847908.8763242755,1.1132516e+06,881168.4451269194,767525.4238970059,914313.5917885541
MI_D06,2026-01-01,871843.3335430047,1.0605134e+06,903583.2578839632,840337.9081506305,926001.4870464614
MI_D06,2026-04-01,860092.6370202355,1.0149161e+06,890953.9404976584,910435.0761889841,919667.6623359848
MI_D06,2026-07-01,836853.1021504423,968524.0,895827.3280665724,979209.8452714118,914836.9357322269
MI_D06,2026-10-01,836853.1021504423,950680.44,900900.2691834719,1048853.573506145,924057.0850239106
MI_D07,2025-01-01,5549564.516860688,5.203676e+06,6115189.115264526,7209218.293642256,5917624.235298395
MI_D07,2025-04-01,6123066.924154564,5.2289935e+06,6212208.453592974,7040588.814334955,6073527.071190435
MI_D07,2025-07-01,5746942.749330077,5.7832225e+06,5901542.71298589,7065173.31114477,6038865.580887974
MI_D07,2025-10-01,5586941.938179902,5.182775e+06,5518685.253626173,7184384.628984152,5747092.3487290535
MI_D07,2026-01-01,5160896.837683975,5.6005285e+06,5488016.229512832,7234009.989662129,5746947.256458508
MI_D07,2026-04-01,5040843.573726815,5.5971325e+06,5342530.850312844,7276034.987683232,5680297.20299685
MI_D07,2026-07-01,5121765.290090194,5.6601965e+06,5283028.010255548,7329262.287006934,5711316.865001299
MI_D07,2026-10-01,5275779.916241251,5.77692e+06,5455342.979826611,7389045.305683225,5843505.03717453
MI_D08,2025-01-01,1154354.1554776772,891196.44,1926355.4005389214,1549718.037543557,1375332.5815924685
MI_D08,2025-04-01,1387944.2512179473,1.5121089e+06,1584502.0265775349,1693450.3613268272,1532649.0572225715
MI_D08,2025-07-01,1009809.1011836635,1.02874894e+06,1573689.8366628909,1607258.5160749462,1283783.356698177
MI_D08,2025-10-01,1708699.37576127,1.7621858e+06,1904636.520739944,1594199.6739895744,1758367.7998268744
MI_D08,2026-01-01,1503527.546245692,1.806108e+06,1905297.6589624963,1720923.029161241,1738940.90943152
MI_D08,2026-04-01,1606011.4007170624,1.8113786e+06,1848419.785766416,1796480.7788636624,1764894.3283304146
MI_D08,2026-07-01,1570476.9620048415,1.8435942e+06,1793681.1859982125,1853148.23028233,1758760.444545174
MI_D08,2026-10-01,1669430.98549198,1.7689014e+06,1792231.8154409307,1915929.1162661877,1775775.0468586655
MI_D10,2025-01-01,2818164.4489198187,3.0769275e+06,2852037.049694665,2724896.601966242,2880646.806544977
MI_D10,2025-04-01,2713401.8356180587,3.0773572e+06,2868139.1657776115,2785217.9099109457,2868515.756560074
MI_D10,2025-07-01,2705955.612112149,3.023398e+06,2957040.5923515256,2835766.988966857,2886530.865637951
MI_D10,2025-10-01,2705955.612112149,3.0675868e+06,3070805.9828974577,2899812.5668389876,2942471.9864415
MI_D10,2026-01-01,3012669.9621466696,3.1640402e+06,3000409.2504755068,2968362.5607684157,3041913.3526127776
MI_D10,2026-04-01,2725630.444841813,3.0504552e+06,3060201.40812497,3032791.7526136963,2964051.9850299917
MI_D10,2026-07-01,2880543.792297397,3.0218645e+06,3131059.1536282026,3096448.3589081126,3029094.6501194797
MI_D10,2026-10-01,2711521.0003460296,3.033543e+06,3129277.7891575745,3161347.441955865,2998698.981741914
MI_D11,2025-01-01,1164533.1592571642,1.2411224e+06,1208425.3897506637,1195411.1229587859,1203256.1892330693
MI_D11,2025-04-01,1191507.5275760747,1.240638e+06,1166875.3399945628,1255249.2077911983,1209207.7500361428
MI_D11,2025-07-01,1182720.580552876,1.2018701e+06,1193181.0126011844,1298258.6560358452,1211722.9274187793
MI_D11,2025-10-01,1176779.310967619,1.1776209e+06,1225658.644711313,1357262.3646030873,1223549.5557531088
MI_D11,2026-01-01,1274146.3125585665,1.2750376e+06,1294517.9192044055,1436594.591738771,1309533.9563255426
MI_D11,2026-04-01,1262491.157706722,1.2535779e+06,1254247.522839854,1505183.610117442,1301557.8926760715
MI_D11,2026-07-01,1224586.1221470076,1.2341435e+06,1256647.006724306,1571197.111212283,1298895.7577394932
MI_D11,2026-10-01,1176779.310967619,1.2337459e+06,1249592.356117682,1639112.2174347267,1296380.1804536663
MI_G01,2025-01-01,1026492.1705259184,1.1354852e+06,1007196.9777351297,812805.8159239714,1011737.9508808281
MI_G01,2025-04-01,1147935.5987547215,1.0093664e+06,1046675.3185937564,887688.6662999166,1034735.3346246171
MI_G01,2025-07-01,1206784.0042185665,1.1534275e+06,1130000.0537748546,941111.0044626773,1122529.2629829312
MI_G01,2025-10-01,1290544.1543108241,1.2284265e+06,1229972.8980764467,1002255.780047565,1204477.0004770453
MI_G01,2026-01-01,1577560.8427731127,1.4093422e+06,1437367.3441992172,1077509.7947260134,1401965.2461904716
MI_G01,2026-04-01,1729162.632831564,1.4051219e+06,1567428.0981196081,1147559.485701027,1490749.2684935096
MI_G01,2026-07-01,1648966.12611698,1.4484275e+06,1791838.1723338882,1215338.1427095442,1557486.7648186819
MI_G01,2026-10-01,1643459.0729393156,1.4556762e+06,1885250.9021944918,1284117.101302478,1597070.2292573494
MI_G02,2025-01-01,1968828.5488023236,2.8847048e+06,1905513.3679201398,1579425.0273287543,2126966.3489209097
MI_G02,2025-04-01,2159089.914642913,2.5531735e+06,2118203.825439602,1682365.1316710915,2167415.094240552
MI_G02,2025-07-01,2414760.220596242,2.5196452e+06,2457219.543789679,1677642.8688522177,2322023.928378744
MI_G02,2025-10-01,3534278.0046753814,2.900245e+06,2758241.407339944,1705401.367734224,2811821.5712889233
MI_G02,2026-01-01,3835991.4181390437,3.125486e+06,2937086.002932356,1803298.162144931,3021068.314041701
MI_G02,2026-04-01,3500717.05941028,3.0587982e+06,3219781.196122029,1875800.679004346,3008162.503316897
MI_G02,2026-07-01,3475736.175255191,3.0620098e+06,3375521.3208334837,1937061.8176767863,3057942.3127001654
MI_G02,2026-10-01,3213642.4703752133,3.0696928e+06,3468606.3475410533,2002050.280558959,3028933.779911365
MI_G03,2025-01-01,4183222.3006918575,4.1532892e+06,4218424.910023671,4192037.390195407,4186808.174411179
MI_G03,2025-04-01,4221455.828519024,4.348525e+06,4235475.0829521315,4220468.5761096645,4259483.520528825
MI_G03,2025-07-01,4117149.459827392,4.395353e+06,4272698.23262944,4268606.614741524,4263793.0427184375
MI_G03,2025-10-01,4168066.9963680683,4.32832e+06,4383812.297696718,4348898.660848328,4305453.375697182
MI_G03,2026-01-01,4364730.75463374,4.4912825e+06,4480487.920092047,4408744.787186926,4439793.319333075
MI_G03,2026-04-01,4196541.230990578,4.381375e+06,4535935.37372485,4466563.991127503,4391953.028907277
MI_G03,2026-07-01,4244021.675103896,4.407024e+06,4504519.532415768,4527318.3120218925,4413426.929666732
MI_G03,2026-10-01,4191795.5703842966,4.5240905e+06,4550077.083161079,4590242.961870432,4455480.122661695
MI_G04,2025-01-01,2745882.012696616,2.721498e+06,2537633.4762475356,2472292.655603181,2630459.7799595585
MI_G04,2025-04-01,2620882.4479029984,2.524113e+06,2550446.9594119177,2563530.6998293633,2564368.695597659
MI_G04,2025-07-01,2615980.377726324,2.6156885e+06,2593957.767241539,2608569.643095122,2608275.752958648
MI_G04,2025-10-01,2507892.0426550056,2.5398172e+06,2614996.109916216,2653931.1900987797,2573434.6898621507
MI_G04,2026-01-01,2818895.2116379645,2.8801148e+06,3079944.8649498094,2729008.994108751,2893680.6224913383
MI_G04,2026-04-01,2635186.8618382392,2.664087e+06,3058996.013005137,2797417.835710729,2793266.4260145277
MI_G04,2026-07-01,2683843.158047536,2.632278e+06,3017475.278751162,2860809.063877931,2797176.5908959564
MI_G04,2026-10-01,2720762.3147886638,2.652644e+06,3047510.9451952735,2924932.6664881404,2832586.659021787
MI_H01,2025-01-01,180133.13927684393,219123.6,232810.88910091814,339566.7216451997,234455.81366157252
MI_H01,2025-04-01,141815.20673094175,215990.16,235177.45002841152,412470.7235043701,237306.7885276568
MI_H01,2025-07-01,135464.21013207614,214394.97,232780.8465820602,474105.7086936054,245640.30190744507
MI_H01,2025-10-01,158332.77927059296,214394.97,232294.49143647592,540913.8407028001,263618.4916938967
MI_H01,2026-01-01,204109.41566183016,221007.84,239429.49147790074,613740.1202584982,292704.2473012171
MI_H01,2026-04-01,181317.97455600096,224547.45,242713.26475859236,684261.8163841153,301293.76131085015
MI_H01,2026-07-01,139780.1002447012,231880.97,243704.327092465,753792.9685519047,305107.9099005895
MI_H01,2026-10-01,150380.09344748972,235373.03,243913.37787661285,823955.0156285218,321582.09639498114
MI_H02,2025-01-01,2493459.112662153,2.1209478e+06,1873640.5874053093,1853382.662809147,2100646.136913196
MI_H02,2025-04-01,1820743.839183553,2.0468792e+06,1858017.6558377754,1960692.16779985,1917523.6578061366
MI_H02,2025-07-01,1947800.6311743532,2.0586782e+06,1916995.3291491924,1956399.3049704945,1970402.2421929887
MI_H02,2025-10-01,1983089.25577802,2.0774381e+06,1832396.8088582885,1982756.390687551,1965398.2375311311
MI_H02,2026-01-01,2240188.0551156844,2.2736905e+06,1870670.4044190873,2079348.4696714557,2114658.1530849654
MI_H02,2026-04-01,2208848.945667349,2.1533715e+06,1834255.1683409559,2151575.002261872,2076618.5733148602
MI_H02,2026-07-01,2161634.47945229,2.1401815e+06,1809374.686612722,2212303.0254357285,2064429.0541783648
MI_H02,2026-10-01,2209839.591987304,2.1302685e+06,1802765.4567510257,2276586.3414392076,2084242.685745615
MI_H03,2025-01-01,3774556.2709493665,3.8908598e+06,3678873.1115483753,3647075.749327728,3755524.007151709
MI_H03,2025-04-01,3884187.0082008853,3.7610938e+06,3872009.2922227215,3714762.6283160485,3816986.4079730897
MI_H03,2025-07-01,3638982.046589542,3.7749218e+06,3972237.6755565503,3758808.3586208336,3792361.4739085175
MI_H03,2025-10-01,3777615.123387419,3.8460462e+06,3953269.632395674,3810634.971175598,3852150.5967830615
MI_H03,2026-01-01,4014343.105469777,4.0111428e+06,4181570.164213007,3881348.755219166,4037216.465769209
MI_H03,2026-04-01,4149428.358665955,4.1284102e+06,4239724.94836546,3945094.0572003378,4132659.1604771935
MI_H03,2026-07-01,4205306.299339532,4.2914245e+06,4256822.836395086,4006039.3741038917,4207216.971251472
MI_H03,2026-10-01,4235566.6686725225,4.318809e+06,4386466.380464272,4068149.2744507547,4270830.480992699
MI_H04,2025-01-01,70283.60640766838,48818.8,3529.5034840995468,132447.15456811176,56669.92349705513
MI_H04,2025-04-01,74832.74088401781,56802.06,3509.46584207836,205119.04496573575,73138.8039178353
MI_H04,2025-07-01,69425.2187390298,54275.41,3538.0085259135612,267797.0152754034,82352.14185898402
MI_H04,2025-10-01,69425.2187390298,55437.035,3510.737450023621,335285.0190304278,94842.4260758052
MI_H04,2026-01-01,105195.37779300181,67798.414,3510.7374500236206,408439.4240144581,120848.31456554329
MI_H04,2026-04-01,90057.29636364029,67847.945,3510.737450023622,479381.4111849291,129662.9027394262
MI_H04,2026-07-01,44387.77007350057,61983.81,3510.737450023621,549431.535514955,128641.53836189152
MI_H04,2026-10-01,21985.781728123115,58316.035,3510.737450023621,620085.8228096389,134480.49059056395
MI_H05,2025-01-01,70283.60640766838,48818.8,7430.8885307968985,136011.51479675365,58427.440440102786
MI_H05,2025-04-01,74832.74088401781,56802.06,7534.991998760615,208638.81916853494,74923.71613123736
MI_H05,2025-07-01,69425.2187390298,53149.277,7534.991998760615,271346.03532246384,83831.06479211272
MI_H05,2025-10-01,69425.2187390298,55437.035,7534.991998760616,338846.3660213554,96634.48144879733
MI_H05,2026-01-01,105195.37779300181,67798.414,7534.991998760615,411977.9234058121,122636.24465584583
MI_H05,2026-04-01,90057.29636364029,67847.945,7534.991998760617,482907.72153150046,131448.63201842323
MI_H05,2026-07-01,44387.77007350057,61983.81,7534.991998760616,552952.8354809638,130426.3629840936
MI_H05,2026-10-01,21985.781728123115,58316.035,7534.991998760616,623600.4224937288,136264.10543329106
MI_J01,2025-01-01,24330179.062612116,2.247443e+07,24103116.971518576,22539190.531563308,23442462.27316882
MI_J01,2025-04-01,25274615.63590067,2.4090666e+07,23933274.210111465,21829736.617536362,23950949.61600338
MI_J01,2025-07-01,22192281.246040016,2.1364046e+07,22989779.202231005,21636025.738522373,22096617.376210112
MI_J01,2025-10-01,22908826.240286693,2.656746e+07,24253322.47141649,21846173.9182131,24085636.54265875
MI_J01,2026-01-01,23385987.971699078,2.8217074e+07,24556859.858771842,21839509.644200023,24741453.95671861
MI_J01,2026-04-01,25011371.793690227,2.5586654e+07,24659665.44852343,21835722.51999253,24492414.44864127
MI_J01,2026-07-01,24554030.822652206,2.3678598e+07,24121322.56553509,21847945.28538739,23706240.494899113
MI_J01,2026-10-01,24422044.06692703,2.6604156e+07,24580349.366155922,21882128.171410255,24596002.452042323
MI_J02,2025-01-01,286986.33788976184,201505.7,193529.60572687926,336989.9166124831,246321.72328269054
MI_J02,2025-04-01,394919.7951864668,212995.22,192428.62468086503,408400.6212888566,290568.8493855767
MI_J02,2025-07-01,721374.4476972268,211044.84,191042.97256969934,472201.97036425315,387596.2845012747
MI_J02,2025-10-01,1346526.2083224403,192812.84,211090.45960504204,541222.7777216819,566382.8918032144
MI_J02,2026-01-01,1111772.556634009,212429.83,205441.57310887825,612703.8693557791,520806.0174119153
MI_J02,2026-04-01,921409.7506323028,225483.33,204187.54615504123,682934.347259139,486243.89760269725
MI_J02,2026-07-01,898419.8531760585,237537.16,202547.68747332637,752696.5345176114,495529.67105825926
MI_J02,2026-10-01,810530.2596416678,268373.75,209839.85581704066,823008.5578421373,495338.69836598437
MI_J04,2025-01-01,83566.03513404769,64793.793,44732.785870179425,168697.89696365688,82796.32558483815
MI_J04,2025-04-01,88892.87775100934,69111.945,42688.850813103505,241113.47222000302,97860.4160889451
MI_J04,2025-07-01,57268.353777752796,61983.81,43433.76447859062,303610.7435418463,99066.1872384673
MI_J04,2025-10-01,39525.509133374886,58316.035,42748.78149583083,371144.9066585123,105379.70028926081
MI_J04,2026-01-01,94375.21148101464,69062.414,46030.09069789503,444208.449359215,136922.6536810284
MI_J04,2026-04-01,94123.84021136297,72880.445,44357.83038725778,515046.2924312997,150196.55567393155
MI_J04,2026-07-01,44387.77007350057,71577.89,43608.07500795977,585008.6368896123,149096.492549829
MI_J04,2026-10-01,21985.781728123115,71577.89,42884.957091230535,655588.7233186385,155702.8290328835
MI_J05,2025-01-01,1714414.0693451944,1.830163e+06,1706781.2056506553,1498343.8403290708,1704377.8152571907
MI_J05,2025-04-01,1697279.2966554612,1.8158209e+06,1853965.3508511102,1556654.7528587629,1748534.3221413854
MI_J05,2025-07-01,1643459.0729393156,1.7927059e+06,1895926.8958540952,1609972.431832505,1749671.6503940416
MI_J05,2025-10-01,1643459.0729393156,1.7756352e+06,1837055.2188170287,1680150.7843955993,1740938.5138910203
MI_J05,2026-01-01,1883057.7935626432,1.9298901e+06,1934250.7643010605,1750756.6776658962,1886392.7063389046
MI_J05,2026-04-01,1939341.4804210442,1.8307445e+06,1900196.1966012202,1817464.1031349082,1876927.7898478818
MI_J05,2026-07-01,1994503.3148444926,1.8015546e+06,1872080.8248449743,1884004.8096650885,1887661.466299716
MI_J05,2026-10-01,1985622.1815043883,1.8026732e+06,1847590.641422106,1951952.3876979444,1890887.077875728
MI_J06,2025-01-01,131659.97406168547,121254.516,110757.09865403597,236240.78677296056,141773.57196129404
MI_J06,2025-04-01,108306.37908589309,131037.555,112471.50482913599,310164.4210806445,152060.93618884418
MI_J06,2025-07-01,91355.38928423893,119732.77,115496.4006499845,374849.11959596444,157073.2289103719
MI_J06,2025-10-01,91355.38928423893,123461.41,114452.26364602012,441991.8680152785,169901.79094607377
MI_J06,2026-01-01,115209.69992641645,134866.92,111848.7315421427,514138.71365579916,191570.39141018264
MI_J06,2026-04-01,113565.6132940975,132593.38,111844.3821972981,584913.6209924608,203300.78540304687
MI_J06,2026-07-01,91355.38928423893,134017.89,113224.62579660081,654904.944990023,210835.58516499875
MI_J06,2026-10-01,91355.38928423893,134017.89,114452.26364602013,725304.942556469,223897.28560935467
MI_L01,2025-01-01,748033.2790578457,746719.4,721688.3699615528,821863.3705395574,753487.9464266347
MI_L01,2025-04-01,730869.4531922477,825261.9,717981.2631687408,903078.3706773527,783690.4756937465
MI_L01,2025-07-01,723038.4543379135,798317.8,714130.6043762228,960295.4713345743,783596.1870160946
MI_L01,2025-10-01,723038.4543379135,810177.94,706126.7789904525,1020648.713772366,795400.4287927228
MI_L01,2026-01-01,765415.5743443542,817024.94,713163.4223694052,1094340.3866833516,823777.356791574
MI_L01,2026-04-01,731098.1365937464,824921.75,706415.696878514,1164750.010087286,827603.6981847208
MI_L01,2026-07-01,723038.4543379135,839224.3,711197.5571917949,1232827.190326237,842976.8487814049
MI_L01,2026-10-01,723038.4543379135,839224.3,706410.7271715231,1301497.8291288472,854009.0127475567
MI_L02,2025-01-01,1121697.1504423928,610252.3,1248605.6796890306,392426.3656534095,888593.3128558842
MI_L02,2025-04-01,1116193.4309576661,1.1389934e+06,1034643.5703268452,477592.04438112665,983742.187417448
MI_L02,2025-07-01,1538634.6823811838,1.3077894e+06,1614862.9417757005,531934.9880919813,1316497.341165137
MI_L02,2025-10-01,1909389.8158975593,1.5239254e+06,1614270.356469562,591157.4252101749,1483354.9845454597
MI_L02,2026-01-01,1613133.7644361942,1.44296e+06,1518005.97118133,667433.3829112628,1369414.455536194
MI_L02,2026-04-01,1441845.7764287072,1.3075322e+06,1528233.7121110123,739202.8648029417,1303492.0550211952
MI_L02,2026-07-01,1407015.9546265912,1.253722e+06,1438017.4039290997,807932.4216589481,1266437.3169448713
MI_L02,2026-10-01,1431282.7529833273,1.1442281e+06,1376839.4193670028,877441.9122141788,1238472.025663163
MI_L03,2025-01-01,70283.60640766838,48818.8,7471.0031918074565,136275.66004099918,58486.58737752048
MI_L03,2025-04-01,74832.74088401781,56802.06,7575.106659771173,208932.1543803073,74988.13350712546
MI_L03,2025-07-01,69425.2187390298,53149.277,7534.991998760615,271536.3909532988,83865.43473921483
MI_L03,2025-10-01,69425.2187390298,55437.035,7534.991998760616,339026.0493047426,96666.92443416142
MI_L03,2026-01-01,105195.37779300181,67798.414,7534.991998760615,412185.9161465863,122673.79909784827
MI_L03,2026-04-01,90057.29636364029,67847.945,7534.991998760617,483118.0713265961,131486.61204191225
MI_L03,2026-07-01,44387.77007350057,61983.81,7534.991998760616,553154.8160658092,130462.83189224379
MI_L03,2026-10-01,21985.781728123115,58316.035,7534.991998760616,623800.9990044564,136300.32082672804
MI_L04,2025-01-01,1298257.9138924344,1.2850319e+06,1271812.390463489,1322903.604796222,1291596.9107710267
MI_L04,2025-04-01,1300498.9898340064,1.2995309e+06,1299407.7858265915,1397557.3232101866,1317451.3482039443
MI_L04,2025-07-01,1280905.0690323575,1.2693392e+06,1260477.1114145657,1455236.4704881422,1303435.8440238046
MI_L04,2025-10-01,1245723.5001164665,1.2571238e+06,1257204.754838435,1517217.0215923088,1301090.200267463
MI_L04,2026-01-01,1346064.725071823,1.3182306e+06,1280049.2493729927,1588805.2562754443,1363551.8888067196
MI_L04,2026-04-01,1303613.9962078698,1.3258556e+06,1255176.9021209416,1657512.3737521973,1359669.342160228
MI_L04,2026-07-01,1280905.0690323575,1.302098e+06,1245860.3752705688,1724604.5691795093,1356716.1978848842
MI_L04,2026-10-01,1245723.5001164665,1.3522404e+06,1240722.3055400234,1792328.2355641648,1371659.581785778
MI_M01,2025-01-01,6171994.789190268,5.714273e+06,6555100.2666412555,7401828.11578501,6380231.542804886
MI_M01,2025-04-01,7150888.866269049,6.7012555e+06,6679391.938002584,7450374.496343095,6949310.861153148
MI_M01,2025-07-01,6353265.1882652845,5.354461e+06,6034932.935143266,7533433.966038661,6206613.09275654
MI_M01,2025-10-01,6440633.129207945,5.516969e+06,5945364.024395399,7583382.560759267,6256929.982518624
MI_M01,2026-01-01,5627120.965687026,5.785523e+06,5944511.737479262,7630499.97008798,6122104.416636822
MI_M01,2026-04-01,5289179.430055591,5.4525785e+06,5923832.828869366,7684068.154469794,5946784.435947911
MI_M01,2026-07-01,5172535.814263768,5.653547e+06,5835304.226726008,7740171.90395096,5954850.256014959
MI_M01,2026-10-01,4750698.393257386,5.6755465e+06,5845089.237240668,7794140.505602316,5861629.41091881
MI_M02,2025-01-01,3929119.683911197,3.5189205e+06,2902812.3636693126,746693.7289516283,2951061.2805286767
MI_M02,2025-04-01,2863840.9930220214,3.8444402e+06,2558854.906597334,878591.7530561481,2682256.496213091
MI_M02,2025-07-01,3339412.46075313,4.761872e+06,2516146.795366915,881763.328069838,3043485.5779626337
MI_M02,2025-10-01,4334576.617240181,4.45813e+06,2808097.628272309,914538.531080541,3314473.1541064805
MI_M02,2026-01-01,4842935.404451517,5.158919e+06,3239991.23387659,1007845.8008148603,3777855.0394430943
MI_M02,2026-04-01,5142959.346221813,4.692227e+06,3688178.2561952267,1083628.8180042729,3873319.3412781106
MI_M02,2026-07-01,5181001.311923371,5.0426755e+06,3965937.206594274,1147561.343147072,4068571.589422682
MI_M02,2026-10-01,5064919.701259817,4.606754e+06,4494457.772080596,1214453.4652412853,4083487.077853384
MI_M03,2025-01-01,8660898.62219294,8.529528e+06,8320163.800692549,7902065.851335249,8391236.755299268
MI_M03,2025-04-01,9596633.136757124,8.528719e+06,8309150.736640663,7960837.273167762,8646220.149120644
MI_M03,2025-07-01,9082742.874764392,8.448944e+06,8266939.857497521,7991856.134331738,8482243.922445463
MI_M03,2025-10-01,8902834.552081253,8.528439e+06,8224401.397921524,8031466.163281134,8451017.247717824
MI_M03,2026-01-01,8559653.413427643,8.449686e+06,8218801.676401698,8094067.789939522,8348666.894273562
MI_M03,2026-04-01,8147373.258221165,8.400225e+06,8198186.297034759,8148261.366776236,8230101.94995194
MI_M03,2026-07-01,8192245.631505687,8.257658e+06,8197878.073215388,8199111.163377202,8212700.338974006
MI_M03,2026-10-01,8189240.304201875,8.2667065e+06,8223020.365754941,8251305.995716247,8230943.339059642
MI_M04,2025-01-01,674696.0970480529,626623.25,621700.7648567945,714727.7628236238,653852.794606514
MI_M04,2025-04-01,730869.4531922477,637890.0,633379.4556354162,788339.9658980018,688382.9870286
MI_M04,2025-07-01,721940.1107921742,644112.1,644146.0297697558,847925.4336986158,701526.4566329308
MI_M04,2025-10-01,721940.1107921742,699592.44,643798.4323469556,913064.8613582968,728122.118173955
MI_M04,2026-01-01,765415.5743443542,685020.2,649774.096398407,985490.4889305884,750492.9097577035
MI_M04,2026-04-01,731098.1365937464,702118.06,648815.1481708052,1055307.8623662123,758341.8060672514
MI_M04,2026-07-01,723038.4543379135,693201.8,654889.5276898696,1123874.4855071772,767922.5959004841
MI_M04,2026-10-01,723038.4543379135,707206.25,653579.2375770028,1193116.4906547375,783820.1302857768
MI_M05,2025-01-01,79031.99062884193,59687.457,31761.595993850195,155975.28293087543,74220.71111367739
MI_M05,2025-04-01,74832.74088401781,61892.45,30783.240641503955,228676.92424468126,86549.8894594829
MI_M05,2025-07-01,55855.001215535536,58316.035,30202.935896062274,291170.55442112475,91680.84537492954
MI_M05,2025-10-01,50827.99139613012,58316.035,30185.659213507406,358583.27495020255,102516.82533005108
MI_M05,2026-01-01,95199.12002129949,69062.414,31176.96466301483,431717.4248792579,130644.48637437465
MI_M05,2026-04-01,76246.09344623509,69111.945,30918.820141394528,502611.9847537547,138366.80399797857
MI_M05,2026-07-01,55855.001215535536,61983.81,30124.844350776595,572598.3029544735,143459.40938085
MI_M05,2026-10-01,50827.99139613012,62084.81,30094.421534633246,643196.7735967648,154894.02921540753
MI_N01,2025-01-01,159684.3999587305,232712.45,235615.5470855021,288564.6032721809,224291.78024298037
MI_N01,2025-04-01,198290.74832741296,291484.16,235725.79730367355,384424.60570696415,267671.8785432556
MI_N01,2025-07-01,163526.40750188904,311762.9,204730.9525432209,440711.29602063436,265239.5661783235
MI_N01,2025-10-01,150380.09344748972,453330.84,197093.2861429832,497293.2548180111,307900.2590893272
MI_N01,2026-01-01,190684.6782249366,691461.6,229190.1519159221,573200.5210815412,405538.2574419656
MI_N01,2026-04-01,166951.5111301976,1.112111e+06,227430.75235355622,646016.7766254663,525125.707600465
MI_N01,2026-07-01,139780.1002447012,945418.25,215983.0589032091,715112.1217253071,482270.64951456373
MI_N01,2026-10-01,150380.09344748972,952569.1,207475.1653372234,784619.0394737057,497122.45831944095
MI_N02,2025-01-01,33168199.608643208,3.229666e+07,33164000.309185725,33994117.46356293,33081534.177694663
MI_N02,2025-04-01,32094890.594187986,3.2587242e+07,33179690.73521323,33958597.32708713,32873660.103036866
MI_N02,2025-07-01,31962957.10896996,3.2670558e+07,33134009.06766926,33961314.926284365,32848604.296906546
MI_N02,2025-10-01,30930344.661527652,3.159638e+07,33149233.757494964,33952257.40103208,32288798.584881164
MI_N02,2026-01-01,30841900.63515714,2.9883824e+07,33202363.761138164,33940091.961643316,31817389.6519055
MI_N02,2026-04-01,29739356.009080004,3.1219756e+07,33202363.76113816,33930771.224092595,31883400.940005854
MI_N02,2026-07-01,32167228.445244495,3.136518e+07,33202363.761138167,33921943.800497234,32563726.140030075
MI_N02,2026-10-01,31295080.285213858,3.0313904e+07,33194915.425038926,33913265.581163086,32046161.81003821
MI_N03,2025-01-01,17577529.720961582,2.2076148e+07,20467027.891661484,18917965.383312244,19855469.717008214
MI_N03,2025-04-01,20214446.07462088,2.1197738e+07,20424524.914152987,19022212.888919212,20323835.125028685
MI_N03,2025-07-01,19396908.153819226,2.1921436e+07,21001944.018565968,18897390.903583497,20444521.358757902
MI_N03,2025-10-01,19290320.7777382,2.023495e+07,20679705.35608234,18858607.380860385,19863342.763973247
MI_N03,2026-01-01,19736763.579674333,2.3054984e+07,21152880.614281006,18930945.743691083,20888767.928931165
MI_N03,2026-04-01,20377835.501375712,2.237562e+07,21309024.071861595,18960617.139959827,20925567.56355477
MI_N03,2026-07-01,20086767.57119775,2.3583768e+07,21476376.99328193,18981477.594954114,21225254.00212181
MI_N03,2026-10-01,20633481.515360508,2.3251134e+07,21420346.057164058,19005882.012408756,21268868.641292587
MI_N04,2025-01-01,1852345.8799177585,1.8911778e+06,1698398.3461292156,1577233.1065865746,1769168.7168686176
MI_N04,2025-04-01,1723104.656342207,1.7722358e+06,1718260.7951604456,1657662.9435218954,1723130.2407995644
MI_N04,2025-07-01,1877677.1892290802,1.7684106e+06,1741537.1431121172,1710755.787742069,1779255.7298054476
MI_N04,2025-10-01,1873399.3609546574,1.7695292e+06,1757529.060340629,1766914.898536346,1793130.283509236
MI_N04,2026-01-01,2084783.2913957543,1.9003129e+06,1804458.4055780056,1840424.3488012748,1910968.8677315689
MI_N04,2026-04-01,2080874.00466062,1.7806979e+06,1807277.711000859,1909383.4190352936,1890993.2605918653
MI_N04,2026-07-01,2034378.3921538992,1.7677828e+06,1782095.498766765,1975467.2534509245,1879948.9312554458
MI_N04,2026-10-01,2034378.3921538992,1.7750074e+06,1793364.9828186622,2042250.0693205344,1897169.3947131324
MI_N05,2025-01-01,23316404.218848787,2.577436e+07,24479002.060545374,22519217.62623237,24166024.5157147
MI_N05,2025-04-01,22043072.527883485,2.4295772e+07,24229281.613118608,22606250.13176313,23375334.64049085
MI_N05,2025-07-01,24408429.902110755,2.4658462e+07,24299347.59373128,22482309.534377124,24096811.34224251
MI_N05,2025-10-01,21624179.63033219,2.4091476e+07,22924242.474402662,22440388.865749575,22806872.97735714
MI_N05,2026-01-01,23316404.218848787,2.415632e+07,24531660.948438406,22499618.07489449,23741995.19324096
MI_N05,2026-04-01,21779365.57720104,2.3540416e+07,24492383.159634244,22519492.84395086,23161658.53052853
MI_N05,2026-07-01,22136552.69878562,2.3380052e+07,24496637.628693726,22533171.340856165,23216742.711110294
MI_N05,2026-10-01,22407075.72418651,2.3485898e+07,23805626.210388355,22549807.334946334,23122555.43377189
MI_N06,2025-01-01,30109146.471463267,2.9956908e+07,30662591.741208933,31371751.89452577,30454163.72207849
MI_N06,2025-04-01,29430595.748666722,2.9952502e+07,30987391.407887526,31448040.932228275,30379845.9555324
MI_N06,2025-07-01,29795315.567328077,2.9910256e+07,31223118.477101475,31194440.156910475,30486550.43779754
MI_N06,2025-10-01,30042289.25718917,2.969336e+07,31447996.25109805,31091533.08480999,30539182.80278187
MI_N06,2026-01-01,29768040.550006732,2.9860862e+07,31663457.132104456,31151403.326142345,30583991.666003004
MI_N06,2026-04-01,29279354.519567344,2.9704884e+07,31749945.060822725,31144039.370737523,30435993.85956125
MI_N06,2026-07-01,29758008.45648694,2.9575658e+07,31819127.91193249,31134136.777707253,30545898.22007876
MI_N06,2026-10-01,30874535.789898768,2.9729536e+07,31842221.610147018,31130469.614325568,30888848.14078248
MI_N07,2025-01-01,2904445.945486946,2.7631498e+06,2334135.906287393,2361284.62166352,2605503.5272337194
MI_N07,2025-04-01,2487609.385760696,2.432347e+06,2412352.245491342,2398835.152667871,2435217.8397374707
MI_N07,2025-07-01,2736198.852450247,2.5539315e+06,2609648.568807746,2425529.164867551,2594911.3144735023
MI_N07,2025-10-01,2650500.783472057,2.6181838e+06,2526144.7901059403,2476900.703096301,2574950.5156523287
MI_N07,2026-01-01,3170999.12074627,2.8320762e+06,2667416.2768857754,2561840.884868149,2825997.9868299724
MI_N07,2026-04-01,2955883.4884209936,2.6918138e+06,2591058.345515483,2627179.5274813594,2721287.290627914
MI_N07,2026-07-01,2838231.9154877514,2.6579105e+06,2995898.0019335593,2689166.785641996,2807798.173910639
MI_N07,2026-10-01,2946683.0246316297,2.7199788e+06,3110984.6834499813,2754232.144222321,2897825.4932258693
MI_P01,2025-01-01,481670.32685167354,496933.9,583527.7653097931,542891.225935516,525915.621716382
MI_P01,2025-04-01,613978.5483976771,606007.06,581835.4741811771,617401.6428164046,603273.2359015133
MI_P01,2025-07-01,585003.9019254759,550988.75,622396.0904247155,677326.6761799748,603194.0272171563
MI_P01,2025-10-01,653197.4998771399,577375.1,640745.8039722476,742569.0244846223,645369.7982878645
MI_P01,2026-01-01,716344.6051350815,566827.56,646907.4233577248,815471.147737358,674171.0808361301
MI_P01,2026-04-01,730869.4531922477,599536.44,643488.7443985877,885738.4037787537,698531.7993577688
MI_P01,2026-07-01,721940.1107921742,617306.06,647450.673396582,954690.4432625931,714531.7771474064
MI_P01,2026-10-01,723038.4543379135,636767.06,647064.1371954443,1024305.8434542178,732520.0055261927
MI_P03,2025-01-01,198039.48990373377,183787.6,195373.62867801392,271542.4337613151,206713.5868337967
MI_P03,2025-04-01,180723.9623826263,181031.19,201551.9822532636,345525.2236517669,216509.54637793792
MI_P03,2025-07-01,139780.1002447012,159723.61,191297.20440854688,409403.1484204959,208539.9620021266
MI_P03,2025-10-01,150380.09344748972,163022.0,191271.09987787713,476177.9787595434,224283.28861742892
MI_P03,2026-01-01,198637.36404803983,176793.81,190019.28329068166,548548.3325175995,253475.77457230535
MI_P03,2026-04-01,180723.9623826263,170791.61,200598.65963354832,619280.2387276136,262909.4240084657
MI_P03,2026-07-01,139780.1002447012,159723.61,191234.6269891284,689127.0270755698,259028.0599369397
MI_P03,2026-10-01,150380.09344748972,159723.61,188600.10794097485,759427.6728138055,273775.4038687225
MI_R01,2025-01-01,2545947.239187031,2.8922005e+06,2292795.6988915154,2082050.5520143104,2483106.800417556
MI_R01,2025-04-01,2306856.3617781503,2.4569722e+06,2438589.3835421046,2203425.8635409023,2366201.0784864696
MI_R01,2025-07-01,2332571.497869584,2.4619582e+06,2595946.4302860755,2200068.7864547,2418674.631849797
MI_R01,2025-10-01,2242162.9396974947,2.4967402e+06,2397436.509799519,2226560.7377174357,2352204.8379227594
MI_R01,2026-01-01,2881049.247709388,2.8470412e+06,2743681.213434346,2319930.7815237925,2731359.594251489
MI_R01,2026-04-01,2506354.896133997,2.6031565e+06,2650833.413213575,2392418.2606265447,2553091.3074102704
MI_R01,2026-07-01,2637093.233282436,2.580645e+06,2656729.6594193783,2452892.553353223,2594247.2430879157
MI_R01,2026-10-01,2507892.0426550056,2.6048448e+06,2590714.6560337264,2516593.2651954205,2559207.8126490284
MI_R02,2025-01-01,4670575.913565121,6.0625295e+06,4854602.9294452695,6117799.268719716,5359096.546038186
MI_R02,2025-04-01,6208710.92076313,7.778107e+06,6023117.8766333815,5602222.021995582,6468646.086920253
MI_R02,2025-07-01,4948685.084529125,8.514564e+06,5168746.648763338,5649091.131834392,6097804.751072372
MI_R02,2025-10-01,5106037.229748144,5.2852215e+06,4478245.971985277,5820093.332836954,5103944.580751126
MI_R02,2026-01-01,4509060.984344601,5.007285e+06,4552502.151762996,5855431.749973655,4898666.954810864
MI_R02,2026-04-01,4216393.659731741,4.0639362e+06,4578970.864870997,5892195.431414852,4581459.223131421
MI_R02,2026-07-01,4138833.5768164713,3.2996155e+06,4420943.399029595,5950394.824726501,4320581.211315986
MI_R02,2026-10-01,4288910.6123408945,3.7861892e+06,4483113.414014871,6017036.873313879,4521068.185534434
MI_R03,2025-01-01,12598487.023940133,1.5665713e+07,14838485.902463078,15779215.139236514,14637968.493658721
MI_R03,2025-04-01,14732444.336624214,1.7176212e+07,16122380.095906753,15536633.92359041,15932295.621888215
MI_R03,2025-07-01,12273288.365539571,1.8297574e+07,15561642.138416031,15523301.457975935,15420561.043585211
MI_R03,2025-10-01,13251170.856312951,1.8242894e+07,16530722.572763275,15629868.906582475,15960675.267408852
MI_R03,2026-01-01,13901519.902484633,1.8228076e+07,16346431.636192001,15656641.659271587,16081079.12044564
MI_R03,2026-04-01,14874729.180153612,1.7121332e+07,17195550.55141959,15680186.556582857,16287531.17393557
MI_R03,2026-07-01,14314412.71010543,1.6319491e+07,17552882.523879964,15713129.982736625,16031333.22320259
MI_R03,2026-10-01,15056468.802037831,1.5897484e+07,17653177.554971587,15753767.980032932,16150174.63268724
MI_R05,2025-01-01,4735447.951047305,4.122706e+06,3852606.85372624,3467839.420461403,4089567.4650452207
MI_R05,2025-04-01,4626666.289331636,4.704187e+06,3990480.0746049588,3405740.69094206,4245438.450674219
MI_R05,2025-07-01,5238744.531497989,5.006375e+06,4030659.8968093465,3476461.3121474925,4513066.080871304
MI_R05,2025-10-01,4367266.635945448,4.734886e+06,4306005.994470698,3577858.8513298267,4306194.004880017
MI_R05,2026-01-01,4729000.84958553,4.584037e+06,4317816.853736296,3634405.129425654,4374940.876015125
MI_R05,2026-04-01,4591122.044673952,4.5777935e+06,4394593.006811445,3688360.778110044,4368420.738469996
MI_R05,2026-07-01,5217864.018576282,4.340707e+06,4416946.648118983,3752272.191047498,4488455.523874384
MI_R05,2026-10-01,4244026.055849003,4.3692935e+06,4487490.207471752,3818599.5572638456,4270446.111958399
MI_R06,2025-01-01,10997418.557286423,8.7005e+06,8235686.490079347,8599920.30508772,9157728.292211521
MI_R06,2025-04-01,8402644.539895529,8.917708e+06,8047347.013976648,8567932.478584453,8469680.579753451
MI_R06,2025-07-01,9600464.320463656,8.151891e+06,8051180.579369202,8601853.094265595,8587886.47702135
MI_R06,2025-10-01,10043392.934354816,8.402295e+06,8086225.911447107,8689352.751152754,8798356.815667827
MI_R06,2026-01-01,9218455.567152362,8.649213e+06,8055187.49326247,8737414.986220188,8646234.47807375
MI_R06,2026-04-01,10700773.873328429,8.437269e+06,7985247.878502837,8781515.638596911,8969619.999803757
MI_R06,2026-07-01,9542567.01469104,8.312192e+06,7991553.449851736,8832013.001287341,8640238.011897031
MI_R06,2026-10-01,11979981.933771731,8.0135045e+06,8036280.718015628,8886205.44179169,9227697.531115683
MI_R07,2025-01-01,85774.24190981728,64793.793,49246.0902807172,178392.80193000566,86420.09034088699
MI_R07,2025-04-01,88892.87775100934,72880.445,48365.239593795566,251894.97803492507,102442.20740137852
MI_R07,2025-07-01,57268.353777752796,71577.89,47280.26937796558,314052.93187773554,104632.29877753141
MI_R07,2025-10-01,39525.509133374886,71577.89,44600.84303967012,380981.99252460257,111254.34133837665
MI_R07,2026-01-01,94375.21148101464,82324.24,47600.3995221398,454219.2450028651,142748.20252447296
MI_R07,2026-04-01,94123.84021136297,86175.48,46145.25707719118,525147.2933746299,156109.32401190494
MI_R07,2026-07-01,44387.77007350057,86836.43,44202.669804459474,595053.8146757733,155187.10834680274
MI_R07,2026-10-01,21985.781728123115,89006.43,42842.71142251687,665569.1044980909,162184.00825629474
MI_S01,2025-01-01,10463581.124764154,1.0712989e+07,10876046.846744401,11072706.124053001,10758465.214139175
MI_S01,2025-04-01,11146548.326171963,1.0472233e+07,10572935.957231024,11157083.095480382,10803164.24761458
MI_S01,2025-07-01,10090163.287926897,1.0059875e+07,10132932.848193355,11201821.709815007,10294939.710160283
MI_S01,2025-10-01,11504721.489641665,1.0406963e+07,9806212.88350728,11254433.457738262,10679079.019288098
MI_S01,2026-01-01,10533260.742026107,9.725304e+06,9638744.092627339,11290988.2822624,10197188.404583648
MI_S01,2026-04-01,11296005.71783045,9.814715e+06,9564736.522519829,11337497.829459198,10410457.058465093
MI_S01,2026-07-01,11154881.233755555,9.290268e+06,9474944.216616623,11383655.508626722,10214625.837294735
MI_S01,2026-10-01,10501163.486499963,9.222287e+06,9438329.998530425,11429588.731672816,10021095.904211976
MI_S02,2025-01-01,1044162.4892188265,1.1400035e+06,1023965.7405964389,863062.598197418,1031494.4386248335
MI_S02,2025-04-01,1002992.5897736109,982207.3,956692.0167118215,917026.4557820968,968656.0656898309
MI_S02,2025-07-01,1166632.6875317607,1.2101755e+06,971178.3114358274,969779.2523037521,1087002.486595237
MI_S02,2025-10-01,1069756.5510285217,1.0387855e+06,938736.9401641006,1045444.8727630805,1019620.9035512959
MI_S02,2026-01-01,1298257.9138924344,1.1958426e+06,1009505.9993534402,1117078.2271768413,1155531.4567773978
MI_S02,2026-04-01,1197633.47769198,1.0927461e+06,978705.3570505508,1184593.8596442153,1104536.9247317766
MI_S02,2026-07-01,1197916.688937078,1.1813306e+06,966132.4018516946,1252527.5988490111,1137132.0593891519
MI_S02,2026-10-01,1182720.580552876,1.1167631e+06,940521.0204724108,1322217.7307450506,1120999.6337299247
MI_S03,2025-01-01,1120402.3803613058,996794.44,1077960.1880999452,1446328.2634727517,1133860.6629424924
MI_S03,2025-04-01,925490.0295305513,596637.7,1275282.6881764347,1366091.6539919297,1016401.7810713403
MI_S03,2025-07-01,1165205.9528208133,1.1213692e+06,1289443.8718037233,1358094.4455787223,1223706.9470687541
MI_S03,2025-10-01,1076740.062036985,1.04339725e+06,1226970.22920948,1470393.6691336907,1181736.6090815342
MI_S03,2026-01-01,1292966.4071608875,1.139075e+06,1267580.1380606792,1551139.9471449645,1290910.0982432507
MI_S03,2026-04-01,1162451.908776088,1.2857035e+06,1236707.938829939,1609519.932069257,1297550.4792091032
MI_S03,2026-07-01,1182936.1269989936,1.185108e+06,1229190.066601444,1672437.8221276859,1285110.1675283099
MI_S03,2026-10-01,1165263.1301142285,1.1751348e+06,1225631.4377696894,1743838.1229645875,1289622.4781133174
MI_V03,2025-01-01,903340.582033228,796464.4,924188.262033728,645632.7588817084,833994.5872198907
MI_V03,2025-04-01,1197828.8340962844,983590.56,907978.1338515346,714374.2376433616,970111.6618227377
MI_V03,2025-07-01,1145558.806643277,1.0538942e+06,840879.1501551062,782158.6467835614,968277.2075073693
MI_V03,2025-10-01,996004.9204721792,1.1160811e+06,885406.1260284797,847565.8097462193,969945.1716569448
MI_V03,2026-01-01,974569.732177669,958966.4,886576.7284925443,918508.1112493926,935123.1836612504
MI_V03,2026-04-01,1078403.0023706197,980217.4,854865.1824137868,988180.7846944313,971858.3425359235
MI_V03,2026-07-01,1052048.4611269624,957573.25,851969.5359532249,1057467.835111118,970469.3733234633
MI_V03,2026-10-01,1055163.4675008259,949746.1,838658.1218870333,1126906.7665241514,977924.1279641859
MI_V04,2025-01-01,841084.0291596795,999325.8,1012570.1950854054,1040511.5941305908,968649.5442186428
MI_V04,2025-04-01,731098.1365937464,957742.56,961339.1752835616,1129679.462008873,929810.0907382405
MI_V04,2025-07-01,719923.4479640501,886705.5,916567.9538742938,1186997.142421227,905296.3712147509
MI_V04,2025-10-01,723038.4543379135,886705.5,916804.1337374601,1247544.8891824489,917120.7888254556
MI_V04,2026-01-01,765415.5743443542,890584.06,896303.5499544784,1319174.2192176185,936463.7257658744
MI_V04,2026-04-01,731098.1365937464,886941.5,916295.3465665575,1389441.5326623006,944793.1810620155
MI_V04,2026-07-01,723038.4543379135,844243.94,919943.0048413534,1457169.7861637743,944436.8297642202
MI_V04,2026-10-01,723038.4543379135,836664.25,932551.2100420647,1525326.2732459453,958302.6837559997
