State,Year,Quarter,Population
Alabama,2017,1,1019973.0
Alabama,2017,2,1016816.0
Alabama,2017,3,1019782.0
Alabama,2017,4,1018509.6666666666
Alaska,2017,1,180677.66666666666
Alaska,2017,2,184889.33333333334
Alaska,2017,3,184185.66666666666
Alaska,2017,4,193784.66666666666
Amer. Samoa,2017,4,27898.0
American Samoa,2017,1,41214.0
American Samoa,2017,2,41214.0
American Samoa,2017,3,41214.0
Arizona,2017,1,1945027.6666666667
Arizona,2017,2,1937251.0
Arizona,2017,3,1931021.3333333333
Arizona,2017,4,1934234.6666666667
Arkansas,2017,1,954168.0
Arkansas,2017,2,939271.3333333334
Arkansas,2017,3,937571.3333333334
Arkansas,2017,4,931862.6666666666
California,2017,1,11821194.333333334
California,2017,2,11688252.0
California,2017,3,11316818.666666666
California,2017,4,13109776.333333334
Colorado,2017,1,1345945.6666666667
Colorado,2017,2,1365833.6666666667
Colorado,2017,3,1362938.0
Colorado,2017,4,1316861.3333333333
Connecticut,2017,1,901842.0
Connecticut,2017,2,892401.0
Connecticut,2017,3,890228.6666666666
Connecticut,2017,4,910168.3333333334
Delaware,2017,1,207584.33333333334
Delaware,2017,2,206896.0
Delaware,2017,3,209295.33333333334
Delaware,2017,4,211004.66666666666
Dist. Of Col.,2017,4,263084.6666666667
District Of Columbia,2017,3,260507.66666666666
District of Columbia,2017,1,253182.0
District of Columbia,2017,2,257318.66666666666
Florida,2017,1,4063863.6666666665
Florida,2017,2,4045939.6666666665
Florida,2017,3,4008700.0
Florida,2017,4,4004565.0
Georgia,2017,1,1836004.3333333333
Georgia,2017,2,1843098.3333333333
Georgia,2017,3,1865054.0
Georgia,2017,4,1944540.6666666667
Guam,2017,1,35805.0
Guam,2017,2,35953.333333333336
Guam,2017,3,35891.333333333336
Guam,2017,4,35805.0
Hawaii,2017,1,331813.0
Hawaii,2017,2,331382.0
Hawaii,2017,3,326670.0
Hawaii,2017,4,329540.0
Idaho,2017,1,319008.0
Idaho,2017,2,319898.6666666667
Idaho,2017,3,319467.6666666667
Idaho,2017,4,320582.3333333333
Illinois,2017,1,2904882.0
Illinois,2017,2,2878470.0
Illinois,2017,3,2833521.0
Illinois,2017,4,2884864.6666666665
Indiana,2017,1,1340711.3333333333
Indiana,2017,2,1344308.0
Indiana,2017,3,1352132.6666666667
Indiana,2017,4,1349519.3333333333
Iowa,2017,1,602619.0
Iowa,2017,2,595103.3333333334
Iowa,2017,3,590950.0
Iowa,2017,4,589673.3333333334
Kansas,2017,1,381575.3333333333
Kansas,2017,2,377186.6666666667
Kansas,2017,3,373188.0
Kansas,2017,4,361796.6666666667
Kentucky,2017,1,1329612.3333333333
Kentucky,2017,2,1338202.0
Kentucky,2017,3,1345714.0
Kentucky,2017,4,1349775.6666666667
Louisiana,2017,1,1658062.6666666667
Louisiana,2017,2,1625819.6666666667
Louisiana,2017,3,1631144.6666666667
Louisiana,2017,4,1636861.6666666667
Maine,2017,1,259691.66666666666
Maine,2017,2,259469.0
Maine,2017,3,258600.0
Maine,2017,4,257078.66666666666
Maryland,2017,1,1202317.0
Maryland,2017,2,1213787.0
Maryland,2017,3,1215368.0
Maryland,2017,4,1220146.6666666667
Massachusetts,2017,1,1827548.0
Massachusetts,2017,2,1815268.3333333333
Massachusetts,2017,3,1768131.0
Massachusetts,2017,4,1740366.0
Michigan,2017,1,2393812.3333333335
Michigan,2017,2,2107279.3333333335
Michigan,2017,3,1612240.6666666667
Michigan,2017,4,2432629.3333333335
Minnesota,2017,1,1142545.3333333333
Minnesota,2017,2,1157744.0
Minnesota,2017,3,1078559.3333333333
Minnesota,2017,4,1088368.6666666667
Mississippi,2017,1,713307.6666666666
Mississippi,2017,2,712256.6666666666
Mississippi,2017,3,708525.3333333334
Mississippi,2017,4,704534.3333333334
Missouri,2017,1,987225.3333333334
Missouri,2017,2,982763.6666666666
Missouri,2017,3,975779.3333333334
Missouri,2017,4,969437.0
Montana,2017,1,226381.66666666666
Montana,2017,2,239372.0
Montana,2017,3,242843.66666666666
Montana,2017,4,246575.66666666666
N. Mariana Islands,2017,1,15472.0
N. Mariana Islands,2017,2,15472.0
N. Mariana Islands,2017,3,15472.0
N. Mariana Islands,2017,4,1071.3333333333333
Nebraska,2017,1,240132.66666666666
Nebraska,2017,2,240964.0
Nebraska,2017,3,259047.33333333334
Nebraska,2017,4,242860.33333333334
Nevada,2017,1,604565.0
Nevada,2017,2,607591.3333333334
Nevada,2017,3,591358.0
Nevada,2017,4,593741.3333333334
New Hampshire,2017,1,204552.66666666666
New Hampshire,2017,2,192123.66666666666
New Hampshire,2017,3,190677.0
New Hampshire,2017,4,191069.0
New Jersey,2017,1,1718031.3333333333
New Jersey,2017,2,1707938.0
New Jersey,2017,3,1656112.6666666667
New Jersey,2017,4,1697427.0
New Mexico,2017,1,905957.6666666666
New Mexico,2017,2,903355.0
New Mexico,2017,3,876594.3333333334
New Mexico,2017,4,855981.6666666666
New York,2017,1,6094997.333333333
New York,2017,2,6121836.0
New York,2017,3,6106654.0
New York,2017,4,6141576.0
North Carolina,2017,1,2091461.6666666667
North Carolina,2017,2,2089079.3333333333
North Carolina,2017,3,2069763.3333333333
North Carolina,2017,4,2137631.0
North Dakota,2017,1,92094.66666666667
North Dakota,2017,3,92164.5
North Dakota,2017,4,93110.66666666667
North Dakota *,2017,2,92350.66666666667
North Dakota *,2017,3,92363.0
Ohio,2017,1,3080616.6666666665
Ohio,2017,2,3079689.0
Ohio,2017,3,3048904.0
Ohio,2017,4,3040206.6666666665
Oklahoma,2017,1,679641.3333333334
Oklahoma,2017,2,675692.6666666666
Oklahoma,2017,3,669365.6666666666
Oklahoma,2017,4,661396.3333333334
Oregon,2017,1,994107.3333333334
Oregon,2017,2,1012950.0
Oregon,2017,3,978692.0
Oregon,2017,4,965543.3333333334
Pennsylvania,2017,1,2850454.6666666665
Pennsylvania,2017,2,2849530.3333333335
Pennsylvania,2017,3,2759163.0
Pennsylvania,2017,4,2723214.0
Puerto Rico,2017,1,1249693.0
Puerto Rico,2017,2,1261764.3333333333
Puerto Rico,2017,3,1234244.0
Puerto Rico,2017,4,1242147.3333333333
Rhode Island,2017,1,302152.6666666667
Rhode Island,2017,2,310248.6666666667
Rhode Island,2017,3,310419.3333333333
Rhode Island,2017,4,309330.0
South Carolina,2017,1,1257655.0
South Carolina,2017,2,1248809.6666666667
South Carolina,2017,3,1227813.3333333333
South Carolina,2017,4,1256267.3333333333
South Dakota,2017,1,108108.66666666667
South Dakota,2017,2,106749.66666666667
South Dakota,2017,3,106148.0
South Dakota,2017,4,86679.0
Tennessee,2017,1,1674428.6666666667
Tennessee,2017,2,1597986.6666666667
Tennessee,2017,3,1576490.0
Tennessee,2017,4,1614361.3333333333
Texas,2017,1,4344626.333333333
Texas,2017,2,4312748.0
Texas,2017,3,4318695.666666667
Texas,2017,4,4336146.666666667
Totals,2017,4,76709680.0
Utah,2017,1,308070.3333333333
Utah,2017,2,303690.3333333333
Utah,2017,3,299551.3333333333
Utah,2017,4,299743.3333333333
Vermont,2017,1,186222.0
Vermont,2017,2,184515.33333333334
Vermont,2017,3,179639.0
Vermont,2017,4,177869.33333333334
Virgin Islands,2017,1,35483.666666666664
Virgin Islands,2017,2,23599.666666666668
Virgin Islands,2017,3,17472.0
Virgin Islands,2017,4,23084.666666666668
Virginia,2017,1,1015235.3333333334
Virginia,2017,2,1024460.0
Virginia,2017,3,1032093.3333333334
Virginia,2017,4,1044684.3333333334
Washington,2017,1,1844079.3333333333
Washington,2017,2,1840406.0
Washington,2017,3,1808352.3333333333
Washington,2017,4,1798903.0
West Virginia,2017,1,559069.6666666666
West Virginia,2017,2,553838.0
West Virginia,2017,3,550894.3333333334
West Virginia,2017,4,545364.3333333334
Wisconsin,2017,1,1192710.3333333333
Wisconsin,2017,2,1188067.0
Wisconsin,2017,3,1186242.6666666667
Wisconsin,2017,4,1186205.6666666667
Wyoming,2017,1,62149.666666666664
Wyoming,2017,2,62155.333333333336
Wyoming,2017,3,60687.0
Wyoming,2017,4,60219.333333333336
Alabama,2018,1,1020837.6666666666
Alabama,2018,2,1022330.3333333334
Alabama,2018,3,1022206.0
Alabama,2018,4,1029058.0
Alaska,2018,1,196836.33333333334
Alaska,2018,2,198563.0
Alaska,2018,3,205991.0
Alaska,2018,4,206503.66666666666
Amer. Samoa,2018,1,27898.0
Amer. Samoa,2018,2,27898.0
Amer. Samoa,2018,3,27898.0
Amer. Samoa,2018,4,28183.0
Arizona,2018,1,1891265.0
Arizona,2018,2,1867824.0
Arizona,2018,3,1874902.6666666667
Arizona,2018,4,1874802.6666666667
Arkansas,2018,1,923930.3333333334
Arkansas,2018,2,921438.6666666666
Arkansas,2018,3,911571.3333333334
Arkansas,2018,4,860208.0
California,2018,1,13082849.0
California,2018,2,12987836.333333334
California,2018,3,12858150.333333334
California,2018,4,12785341.333333334
Colorado,2018,1,1298917.3333333333
Colorado,2018,2,1286687.0
Colorado,2018,3,1298391.3333333333
Colorado,2018,4,1276583.0
Connecticut,2018,1,920697.0
Connecticut,2018,2,925831.3333333334
Connecticut,2018,3,935486.6666666666
Connecticut,2018,4,942762.6666666666
Delaware,2018,1,211253.66666666666
Delaware,2018,2,209852.0
Delaware,2018,3,211124.0
Delaware,2018,4,145885.66666666666
Dist. Of Col.,2018,1,263268.6666666667
Dist. Of Col.,2018,2,260290.66666666666
Dist. Of Col.,2018,3,260700.33333333334
Dist. Of Col.,2018,4,260837.0
Florida,2018,1,3959854.3333333335
Florida,2018,2,3889010.0
Florida,2018,3,3819999.6666666665
Florida,2018,4,3808965.0
Georgia,2018,1,1959811.0
Georgia,2018,2,1956849.6666666667
Georgia,2018,3,1952723.3333333333
Georgia,2018,4,1943638.6666666667
Guam,2018,1,35612.666666666664
Guam,2018,2,36124.666666666664
Guam,2018,3,36277.333333333336
Guam,2018,4,36411.333333333336
Hawaii,2018,1,331113.3333333333
Hawaii,2018,2,327476.6666666667
Hawaii,2018,3,320394.3333333333
Hawaii,2018,4,315681.0
Idaho,2018,1,305424.3333333333
Idaho,2018,2,295117.0
Idaho,2018,3,301001.6666666667
Idaho,2018,4,303807.6666666667
Illinois,2018,1,2901152.6666666665
Illinois,2018,2,2838548.3333333335
Illinois,2018,3,2813200.3333333335
Illinois,2018,4,2715744.3333333335
Indiana,2018,1,1343081.3333333333
Indiana,2018,2,1331400.0
Indiana,2018,3,1317294.6666666667
Indiana,2018,4,1312306.3333333333
Iowa,2018,1,597978.6666666666
Iowa,2018,2,603304.3333333334
Iowa,2018,3,603821.6666666666
Iowa,2018,4,604639.3333333334
Kansas,2018,1,371576.3333333333
Kansas,2018,2,367279.3333333333
Kansas,2018,3,375074.0
Kansas,2018,4,373060.6666666667
Kentucky,2018,1,1355666.0
Kentucky,2018,2,1332720.6666666667
Kentucky,2018,3,1317721.3333333333
Kentucky,2018,4,1296805.0
Louisiana,2018,1,1646839.0
Louisiana,2018,2,1645273.3333333333
Louisiana,2018,3,1644139.6666666667
Louisiana,2018,4,1651888.3333333333
Maine,2018,1,256686.0
Maine,2018,2,256432.0
Maine,2018,3,252692.33333333334
Maine,2018,4,250010.33333333334
Maryland,2018,1,1233550.3333333333
Maryland,2018,2,1227714.0
Maryland,2018,3,1215304.3333333333
Maryland,2018,4,1213467.0
Massachusetts,2018,1,1878095.3333333333
Massachusetts,2018,2,1830304.0
Massachusetts,2018,3,1766586.0
Massachusetts,2018,4,1739616.6666666667
Michigan,2018,1,2447338.0
Michigan,2018,2,2440101.3333333335
Michigan,2018,3,2434395.3333333335
Michigan,2018,4,2423788.0
Minnesota,2018,1,1093775.3333333333
Minnesota,2018,2,1096979.6666666667
Minnesota,2018,3,1093616.3333333333
Minnesota,2018,4,1079819.3333333333
Mississippi,2018,1,696256.0
Mississippi,2018,2,687221.0
Mississippi,2018,3,677417.0
Mississippi,2018,4,672875.6666666666
Missouri,2018,1,963390.0
Missouri,2018,2,962560.6666666666
Missouri,2018,3,938083.6666666666
Missouri,2018,4,905763.3333333334
Montana,2018,1,257005.0
Montana,2018,2,259752.33333333334
Montana,2018,3,257077.0
Montana,2018,4,257472.0
N. Mariana Islands,2018,1,1387.0
N. Mariana Islands,2018,2,1342.6666666666667
N. Mariana Islands,2018,3,17021.0
N. Mariana Islands,2018,4,15994.666666666666
Nebraska,2018,1,246703.33333333334
Nebraska,2018,2,247011.66666666666
Nebraska,2018,3,245673.0
Nebraska,2018,4,244690.66666666666
Nevada,2018,1,598776.3333333334
Nevada,2018,2,600836.3333333334
Nevada,2018,3,601428.0
Nevada,2018,4,595185.6666666666
New Hampshire,2018,1,190611.33333333334
New Hampshire,2018,2,188675.0
New Hampshire,2018,3,187126.0
New Hampshire,2018,4,185878.33333333334
New Jersey,2018,1,1696414.0
New Jersey,2018,2,1691372.6666666667
New Jersey,2018,3,1683237.3333333333
New Jersey,2018,4,1661822.3333333333
New Mexico,2018,1,859378.3333333334
New Mexico,2018,2,848042.0
New Mexico,2018,3,833604.6666666666
New Mexico,2018,4,834189.3333333334
New York,2018,1,6168095.666666667
New York,2018,2,6160723.666666667
New York,2018,3,6155684.333333333
New York,2018,4,6150913.666666667
North Carolina,2018,1,2155117.0
North Carolina,2018,2,2164444.3333333335
North Carolina,2018,3,2180959.3333333335
North Carolina,2018,4,2180708.3333333335
North Dakota,2018,1,93162.0
North Dakota,2018,2,93856.0
North Dakota,2018,3,92224.66666666667
North Dakota,2018,4,90829.66666666667
Ohio,2018,1,3012423.6666666665
Ohio,2018,2,2962712.0
Ohio,2018,3,2927230.0
Ohio,2018,4,2880530.0
Oklahoma,2018,1,651388.6666666666
Oklahoma,2018,2,650472.6666666666
Oklahoma,2018,3,651897.6666666666
Oklahoma,2018,4,647649.6666666666
Oregon,2018,1,960257.0
Oregon,2018,2,957699.0
Oregon,2018,3,954984.6666666666
Oregon,2018,4,955111.0
Pennsylvania,2018,1,2744836.3333333335
Pennsylvania,2018,2,2732714.6666666665
Pennsylvania,2018,3,2876101.3333333335
Pennsylvania,2018,4,2858014.0
Puerto Rico,2018,1,1262539.6666666667
Puerto Rico,2018,2,1275169.6666666667
Puerto Rico,2018,3,1255491.6666666667
Puerto Rico,2018,4,1231235.3333333333
Rhode Island,2018,1,309026.3333333333
Rhode Island,2018,2,309148.6666666667
Rhode Island,2018,3,309060.0
Rhode Island,2018,4,308324.0
South Carolina,2018,1,1258796.3333333333
South Carolina,2018,2,1249390.3333333333
South Carolina,2018,3,1261593.0
South Carolina,2018,4,1264790.6666666667
South Dakota,2018,1,105670.66666666667
South Dakota,2018,2,105750.66666666667
South Dakota,2018,3,105072.66666666667
South Dakota,2018,4,104184.33333333333
Tennessee,2018,1,1620346.3333333333
Tennessee,2018,2,1587050.0
Tennessee,2018,3,1518018.0
Tennessee,2018,4,1509166.3333333333
Texas,2018,1,4305496.333333333
Texas,2018,2,4262989.0
Texas,2018,3,4257470.0
Texas,2018,4,4235451.0
Totals,2018,1,76850016.33333333
Totals,2018,2,76311923.0
Totals,2018,3,75968262.66666667
Totals,2018,4,75365189.0
Utah,2018,1,299674.0
Utah,2018,2,296571.6666666667
Utah,2018,3,294707.3333333333
Utah,2018,4,291957.3333333333
Vermont,2018,1,178669.33333333334
Vermont,2018,2,177581.33333333334
Vermont,2018,3,175215.0
Vermont,2018,4,173151.66666666666
Virgin Islands,2018,1,24220.0
Virgin Islands,2018,2,24930.666666666668
Virgin Islands,2018,3,25298.333333333332
Virgin Islands,2018,4,26977.666666666668
Virginia,2018,1,1051191.0
Virginia,2018,2,1064895.6666666667
Virginia,2018,3,1071450.3333333333
Virginia,2018,4,1078521.6666666667
Washington,2018,1,1791660.6666666667
Washington,2018,2,1780286.6666666667
Washington,2018,3,1766547.6666666667
Washington,2018,4,1758931.0
West Virginia,2018,1,541700.3333333334
West Virginia,2018,2,538721.0
West Virginia,2018,3,535796.3333333334
West Virginia,2018,4,528470.0
Wisconsin,2018,1,1191453.3333333333
Wisconsin,2018,2,1188213.6666666667
Wisconsin,2018,3,1184505.0
Wisconsin,2018,4,1179406.0
Wyoming,2018,1,59062.666666666664
Wyoming,2018,2,58601.0
Wyoming,2018,3,57623.666666666664
Wyoming,2018,4,57179.666666666664
Alabama,2019,1,1032761.0
Alabama,2019,2,1033221.6666666666
Alabama,2019,3,1043193.3333333334
Alabama,2019,4,1048775.0
Alaska,2019,1,207064.0
Alaska,2019,2,205735.33333333334
Alaska,2019,3,213297.33333333334
Alaska,2019,4,213974.33333333334
Amer. Samoa,2019,1,28183.0
Amer. Samoa,2019,2,37829.0
Amer. Samoa,2019,3,37829.0
Amer. Samoa,2019,4,35002.0
Arizona,2019,1,1877310.0
Arizona,2019,2,1869703.0
Arizona,2019,3,1886558.6666666667
Arizona,2019,4,1889215.6666666667
Arkansas,2019,1,833060.3333333334
Arkansas,2019,2,825826.6666666666
Arkansas,2019,3,830106.3333333334
Arkansas,2019,4,835105.0
California,2019,1,12712384.333333334
California,2019,2,12581041.0
California,2019,3,12562396.666666666
California,2019,4,12391835.0
Colorado,2019,1,1254404.0
Colorado,2019,2,1235000.0
Colorado,2019,3,1230346.3333333333
Colorado,2019,4,1217316.0
Connecticut,2019,1,951897.3333333334
Connecticut,2019,2,952741.6666666666
Connecticut,2019,3,951455.3333333334
Connecticut,2019,4,951734.6666666666
Delaware,2019,1,219247.0
Delaware,2019,2,204867.33333333334
Delaware,2019,3,213796.33333333334
Delaware,2019,4,212259.66666666666
Dist. Of Col.,2019,1,260772.0
Dist. Of Col.,2019,2,259927.66666666666
Dist. Of Col.,2019,3,262395.0
Dist. Of Col.,2019,4,262853.6666666667
Florida,2019,1,3761522.6666666665
Florida,2019,2,3795238.6666666665
Florida,2019,3,3793870.0
Florida,2019,4,3770941.0
Georgia,2019,1,1958765.0
Georgia,2019,2,1963102.0
Georgia,2019,3,1986926.6666666667
Georgia,2019,4,2038961.0
Guam,2019,1,36192.0
Guam,2019,2,35685.333333333336
Guam,2019,3,35385.666666666664
Guam,2019,4,34784.333333333336
Hawaii,2019,1,312190.3333333333
Hawaii,2019,2,306898.3333333333
Hawaii,2019,3,310790.0
Hawaii,2019,4,309716.0
Idaho,2019,1,294418.0
Idaho,2019,2,298229.3333333333
Idaho,2019,3,287735.6666666667
Idaho,2019,4,291723.6666666667
Illinois,2019,1,2642231.3333333335
Illinois,2019,2,2590201.3333333335
Illinois,2019,3,2679109.3333333335
Illinois,2019,4,2660947.0
Indiana,2019,1,1317100.3333333333
Indiana,2019,2,1322439.6666666667
Indiana,2019,3,1326660.6666666667
Indiana,2019,4,1330330.0
Iowa,2019,1,603098.3333333334
Iowa,2019,2,605434.0
Iowa,2019,3,605076.0
Iowa,2019,4,603472.0
Kansas,2019,1,365635.3333333333
Kansas,2019,2,348815.6666666667
Kansas,2019,3,358501.6666666667
Kansas,2019,4,357857.3333333333
Kentucky,2019,1,1293211.0
Kentucky,2019,2,1289673.0
Kentucky,2019,3,1286813.6666666667
Kentucky,2019,4,1268487.6666666667
Louisiana,2019,1,1675895.0
Louisiana,2019,2,1609901.3333333333
Louisiana,2019,3,1615742.6666666667
Louisiana,2019,4,1606224.3333333333
Maine,2019,1,256529.66666666666
Maine,2019,2,267016.6666666667
Maine,2019,3,277183.3333333333
Maine,2019,4,282683.3333333333
Maryland,2019,1,1216661.6666666667
Maryland,2019,2,1227281.3333333333
Maryland,2019,3,1237960.0
Maryland,2019,4,1245449.3333333333
Massachusetts,2019,1,1462917.6666666667
Massachusetts,2019,2,1450171.6666666667
Massachusetts,2019,3,1727308.6666666667
Massachusetts,2019,4,1706651.6666666667
Michigan,2019,1,2433139.3333333335
Michigan,2019,2,2402479.0
Michigan,2019,3,2375436.3333333335
Michigan,2019,4,2384103.6666666665
Minnesota,2019,1,1065215.3333333333
Minnesota,2019,2,1058273.6666666667
Minnesota,2019,3,1057468.6666666667
Minnesota,2019,4,1051726.6666666667
Mississippi,2019,1,674603.3333333334
Mississippi,2019,2,674250.6666666666
Mississippi,2019,3,672577.6666666666
Mississippi,2019,4,672181.0
Missouri,2019,1,889020.3333333334
Missouri,2019,2,858937.6666666666
Missouri,2019,3,838997.6666666666
Missouri,2019,4,837560.0
Montana,2019,1,258001.0
Montana,2019,2,255379.66666666666
Montana,2019,3,252092.33333333334
Montana,2019,4,248085.0
N. Mariana Islands,2019,1,16125.666666666666
N. Mariana Islands,2019,2,16337.0
N. Mariana Islands,2019,3,16554.333333333332
N. Mariana Islands,2019,4,16110.666666666666
Nebraska,2019,1,244896.0
Nebraska,2019,2,243623.66666666666
Nebraska,2019,3,241609.0
Nebraska,2019,4,237580.33333333334
Nevada,2019,1,588450.0
Nevada,2019,2,588139.3333333334
Nevada,2019,3,588055.0
Nevada,2019,4,583803.0
New Hampshire,2019,1,184983.33333333334
New Hampshire,2019,2,182051.66666666666
New Hampshire,2019,3,180449.66666666666
New Hampshire,2019,4,180971.66666666666
New Jersey,2019,1,1641006.0
New Jersey,2019,2,1598102.6666666667
New Jersey,2019,3,1612776.6666666667
New Jersey,2019,4,1604914.6666666667
New Mexico,2019,1,835147.3333333334
New Mexico,2019,2,830416.0
New Mexico,2019,3,829129.6666666666
New Mexico,2019,4,831013.3333333334
New York,2019,1,6139991.0
New York,2019,2,6095223.0
New York,2019,3,6107596.333333333
New York,2019,4,6086837.0
North Carolina,2019,1,2171385.0
North Carolina,2019,2,2136004.3333333335
North Carolina,2019,3,2173067.0
North Carolina,2019,4,2165236.0
North Dakota,2019,1,89512.66666666667
North Dakota,2019,2,89836.33333333333
North Dakota,2019,3,88958.66666666667
North Dakota,2019,4,88656.33333333333
Ohio,2019,1,2845402.3333333335
Ohio,2019,2,2800104.3333333335
Ohio,2019,3,2825976.6666666665
Ohio,2019,4,2787555.3333333335
Oklahoma,2019,1,641332.6666666666
Oklahoma,2019,2,640718.6666666666
Oklahoma,2019,3,645974.3333333334
Oklahoma,2019,4,639366.3333333334
Oregon,2019,1,963173.0
Oregon,2019,2,962991.0
Oregon,2019,3,962710.3333333334
Oregon,2019,4,968203.0
Pennsylvania,2019,1,2861822.3333333335
Pennsylvania,2019,2,2858732.6666666665
Pennsylvania,2019,3,2844503.6666666665
Pennsylvania,2019,4,2827303.3333333335
Puerto Rico,2019,1,1207282.0
Puerto Rico,2019,2,1231304.3333333333
Puerto Rico,2019,3,1161542.6666666667
Puerto Rico,2019,4,1167571.0
Rhode Island,2019,1,304989.6666666667
Rhode Island,2019,2,301080.6666666667
Rhode Island,2019,3,297897.6666666667
Rhode Island,2019,4,291180.6666666667
South Carolina,2019,1,1268650.3333333333
South Carolina,2019,2,1259245.6666666667
South Carolina,2019,3,1292867.0
South Carolina,2019,4,1283887.6666666667
South Dakota,2019,1,104397.0
South Dakota,2019,2,104330.66666666667
South Dakota,2019,3,103702.33333333333
South Dakota,2019,4,102781.66666666667
Tennessee,2019,1,1542456.0
Tennessee,2019,2,1582111.6666666667
Tennessee,2019,3,1590447.0
Tennessee,2019,4,1581407.0
Texas,2019,1,4206232.0
Texas,2019,2,4133346.3333333335
Texas,2019,3,4163431.0
Texas,2019,4,4150263.3333333335
Totals,2019,1,75135637.33333333
Totals,2019,2,74699814.33333333
Totals,2019,3,75050338.66666667
Totals,2019,4,74629529.66666667
Utah,2019,1,288838.6666666667
Utah,2019,2,291317.0
Utah,2019,3,295509.0
Utah,2019,4,295318.0
Vermont,2019,1,170429.0
Vermont,2019,2,167689.66666666666
Vermont,2019,3,166330.0
Vermont,2019,4,163902.0
Virgin Islands,2019,1,27965.666666666668
Virgin Islands,2019,2,28831.333333333332
Virgin Islands,2019,3,29669.333333333332
Virgin Islands,2019,4,30412.666666666668
Virginia,2019,1,1397024.0
Virginia,2019,2,1501650.0
Virginia,2019,3,1265581.0
Virginia,2019,4,1298691.0
Washington,2019,1,1744601.3333333333
Washington,2019,2,1731651.6666666667
Washington,2019,3,1848481.0
Washington,2019,4,1728988.0
West Virginia,2019,1,523463.3333333333
West Virginia,2019,2,521719.0
West Virginia,2019,3,521302.3333333333
West Virginia,2019,4,519454.6666666667
Wisconsin,2019,1,1177500.0
Wisconsin,2019,2,1182994.0
Wisconsin,2019,3,1185273.0
Wisconsin,2019,4,1184171.3333333333
Wyoming,2019,1,55150.333333333336
Wyoming,2019,2,54959.333333333336
Wyoming,2019,3,53933.0
Wyoming,2019,4,53993.666666666664
Alabama,2020,1,1053454.3333333333
Alabama,2020,2,1073171.0
Alabama,2020,3,1103095.0
Alabama,2020,4,
Alaska,2020,1,215320.0
Alaska,2020,2,220452.33333333334
Alaska,2020,3,224144.0
Alaska,2020,4,
Amer. Samoa,2020,1,35002.0
Amer. Samoa,2020,2,35002.0
Amer. Samoa,2020,3,35002.0
Amer. Samoa,2020,4,
Arizona,2020,1,1873437.3333333333
Arizona,2020,2,1946241.0
Arizona,2020,3,2022184.6666666667
Arizona,2020,4,
Arkansas,2020,1,832768.6666666666
Arkansas,2020,2,855881.6666666666
Arkansas,2020,3,882775.3333333334
Arkansas,2020,4,
California,2020,1,12218098.0
California,2020,4,
California *,2020,2,12448511.666666666
California *,2020,3,12848760.0
Colorado,2020,1,1198636.3333333333
Colorado,2020,2,1255693.6666666667
Colorado,2020,3,1325283.3333333333
Colorado,2020,4,
Connecticut,2020,1,953966.3333333334
Connecticut,2020,2,978442.6666666666
Connecticut,2020,3,998774.6666666666
Connecticut,2020,4,
Delaware,2020,1,213170.33333333334
Delaware,2020,2,220473.66666666666
Delaware,2020,3,229183.66666666666
Delaware,2020,4,
Dist. Of Col.,2020,1,255963.0
Dist. Of Col.,2020,2,259851.0
Dist. Of Col.,2020,3,266199.0
Dist. Of Col.,2020,4,
Florida,2020,1,3753170.6666666665
Florida,2020,2,4032456.0
Florida,2020,3,4236961.666666667
Florida,2020,4,
Georgia,2020,1,2037565.0
Georgia,2020,2,2053823.0
Georgia,2020,3,2125357.3333333335
Georgia,2020,4,
Guam,2020,1,34095.333333333336
Guam,2020,2,34038.333333333336
Guam,2020,3,33370.0
Guam,2020,4,
Hawaii,2020,1,308625.3333333333
Hawaii,2020,2,321403.3333333333
Hawaii,2020,3,343506.0
Hawaii,2020,4,
Idaho,2020,1,342505.0
Idaho,2020,2,362277.6666666667
Idaho,2020,3,378392.3333333333
Idaho,2020,4,
Illinois,2020,1,2644775.0
Illinois,2020,2,2738163.3333333335
Illinois,2020,3,2820711.6666666665
Illinois,2020,4,
Indiana,2020,1,1355380.0
Indiana,2020,2,1452318.3333333333
Indiana,2020,3,1548856.3333333333
Indiana,2020,4,
Iowa,2020,1,600909.6666666666
Iowa,2020,2,622259.0
Iowa,2020,3,648394.0
Iowa,2020,4,
Kansas,2020,1,356567.6666666667
Kansas,2020,2,365021.0
Kansas,2020,3,378432.3333333333
Kansas,2020,4,
Kentucky,2020,1,1263875.0
Kentucky,2020,2,1374054.3333333333
Kentucky,2020,3,1498066.3333333333
Kentucky,2020,4,
Louisiana,2020,1,1622615.0
Louisiana,2020,2,1679959.3333333333
Louisiana,2020,3,1745795.6666666667
Louisiana,2020,4,
Maine,2020,1,285832.6666666667
Maine,2020,2,301338.6666666667
Maine,2020,3,314465.0
Maine,2020,4,
Maryland,2020,1,1253110.6666666667
Maryland,2020,2,1285785.0
Maryland,2020,3,1327499.3333333333
Maryland,2020,4,
Massachusetts,2020,1,1703807.6666666667
Massachusetts,2020,2,1705358.3333333333
Massachusetts,2020,3,1753054.6666666667
Massachusetts,2020,4,
Michigan,2020,1,2410589.3333333335
Michigan,2020,2,2501887.0
Michigan,2020,3,2599339.0
Michigan,2020,4,
Minnesota,2020,1,1056514.0
Minnesota,2020,2,1092638.6666666667
Minnesota,2020,3,1133440.3333333333
Minnesota,2020,4,
Mississippi,2020,1,671046.3333333334
Mississippi,2020,2,684695.3333333334
Mississippi,2020,3,713047.3333333334
Mississippi,2020,4,
Missouri,2020,1,837966.3333333334
Missouri,2020,2,902855.0
Missouri,2020,3,955042.0
Missouri,2020,4,
Montana,2020,1,240144.33333333334
Montana,2020,2,243010.0
Montana,2020,3,251398.66666666666
Montana,2020,4,
N. Mariana Islands,2020,1,16435.666666666668
N. Mariana Islands,2020,2,15952.666666666666
N. Mariana Islands,2020,3,16462.0
N. Mariana Islands,2020,4,
Nebraska,2020,1,238864.66666666666
Nebraska,2020,2,245028.33333333334
Nebraska,2020,3,254702.33333333334
Nebraska,2020,4,
Nevada,2020,1,582305.6666666666
Nevada,2020,2,626920.0
Nevada,2020,3,670785.6666666666
Nevada,2020,4,
New Hampshire,2020,1,182648.0
New Hampshire,2020,2,190711.33333333334
New Hampshire,2020,3,198237.0
New Hampshire,2020,4,
New Jersey,2020,1,1594089.3333333333
New Jersey,2020,2,1643337.0
New Jersey,2020,3,1709909.3333333333
New Jersey,2020,4,
New Mexico,2020,1,833443.3333333334
New Mexico,2020,2,855199.3333333334
New Mexico,2020,3,880175.3333333334
New Mexico,2020,4,
New York,2020,1,6065989.333333333
New York,2020,2,6270436.666666667
New York,2020,3,6513092.333333333
New York,2020,4,
North Carolina,2020,1,2153833.6666666665
North Carolina,2020,2,2213258.3333333335
North Carolina,2020,3,2289944.0
North Carolina,2020,4,
North Dakota,2020,1,89978.33333333333
North Dakota,2020,2,94455.0
North Dakota,2020,3,102093.33333333333
North Dakota,2020,4,
Ohio,2020,1,2757556.0
Ohio,2020,2,2887718.0
Ohio,2020,3,2942478.0
Ohio,2020,4,
Oklahoma,2020,1,643023.6666666666
Oklahoma,2020,2,696884.6666666666
Oklahoma,2020,3,749078.3333333334
Oklahoma,2020,4,
Oregon,2020,1,979283.6666666666
Oregon,2020,2,1021751.0
Oregon,2020,3,1061010.6666666667
Oregon,2020,4,
Pennsylvania,2020,1,2833186.0
Pennsylvania,2020,2,2929918.0
Pennsylvania,2020,3,3035281.3333333335
Pennsylvania,2020,4,
Puerto Rico,2020,1,1151624.6666666667
Puerto Rico,2020,2,1162666.6666666667
Puerto Rico,2020,3,1190864.6666666667
Puerto Rico,2020,4,
Rhode Island,2020,1,288143.6666666667
Rhode Island,2020,2,299125.0
Rhode Island,2020,3,307870.0
Rhode Island,2020,4,
South Carolina,2020,1,1263507.6666666667
South Carolina,2020,2,1288982.3333333333
South Carolina,2020,3,1323757.0
South Carolina,2020,4,
South Dakota,2020,1,102919.33333333333
South Dakota,2020,2,105966.66666666667
South Dakota,2020,3,110659.66666666667
South Dakota,2020,4,
Tennessee,2020,1,1587778.6666666667
Tennessee,2020,2,1588299.0
Tennessee,2020,3,1633314.0
Tennessee,2020,4,
Texas,2020,1,4153566.6666666665
Texas,2020,2,4368488.0
Texas,2020,3,4586060.0
Texas,2020,4,
Totals,2020,1,74484132.33333333
Totals,2020,2,77113335.66666667
Totals,2020,3,80150337.66666667
Totals,2020,4,
Utah,2020,1,300530.0
Utah,2020,2,325708.0
Utah,2020,3,355701.0
Utah,2020,4,
Vermont,2020,1,164010.33333333334
Vermont,2020,2,171085.33333333334
Vermont,2020,3,176469.33333333334
Vermont,2020,4,
Virgin Islands,2020,1,30956.0
Virgin Islands,2020,2,31488.333333333332
Virgin Islands,2020,3,31825.333333333332
Virgin Islands,2020,4,
Virginia,2020,1,1355946.3333333333
Virginia,2020,4,
Virginia *,2020,2,1423071.6666666667
Virginia *,2020,3,1493293.0
Washington,2020,1,1727729.6666666667
Washington,2020,2,1776316.0
Washington,2020,3,1865729.3333333333
Washington,2020,4,
West Virginia,2020,1,518100.3333333333
West Virginia,2020,2,529607.0
West Virginia,2020,3,549268.6666666666
West Virginia,2020,4,
Wisconsin,2020,1,1185402.6666666667
Wisconsin,2020,2,1245606.6666666667
Wisconsin,2020,3,1299725.3333333333
Wisconsin,2020,4,
Wyoming,2020,1,54367.666666666664
Wyoming,2020,2,58292.333333333336
Wyoming,2020,3,62019.0
Wyoming,2020,4,
Alabama,2021,1,
Alabama,2021,2,
Alabama,2021,3,
Alabama,2021,4,
Alaska,2021,1,
Alaska,2021,2,
Alaska,2021,3,
Alaska,2021,4,
Amer. Samoa,2021,1,
Amer. Samoa,2021,2,
Amer. Samoa,2021,3,
Amer. Samoa,2021,4,
Arizona,2021,1,
Arizona,2021,2,
Arizona,2021,3,
Arizona,2021,4,
Arkansas,2021,1,
Arkansas,2021,2,
Arkansas,2021,3,
Arkansas,2021,4,
California,2021,1,
California,2021,2,
California,2021,3,
California,2021,4,
Colorado,2021,1,
Colorado,2021,2,
Colorado,2021,3,
Colorado,2021,4,
Connecticut,2021,1,
Connecticut,2021,2,
Connecticut,2021,3,
Connecticut,2021,4,
Delaware,2021,1,
Delaware,2021,2,
Delaware,2021,3,
Delaware,2021,4,
Dist. Of Col.,2021,1,
Dist. Of Col.,2021,2,
Dist. Of Col.,2021,3,
Dist. Of Col.,2021,4,
Florida,2021,1,
Florida,2021,2,
Florida,2021,3,
Florida,2021,4,
Georgia,2021,1,
Georgia,2021,2,
Georgia,2021,3,
Georgia,2021,4,
Guam,2021,1,
Guam,2021,2,
Guam,2021,3,
Guam,2021,4,
Hawaii,2021,1,
Hawaii,2021,2,
Hawaii,2021,3,
Hawaii,2021,4,
Idaho,2021,1,
Idaho,2021,2,
Idaho,2021,3,
Idaho,2021,4,
Illinois,2021,1,
Illinois,2021,2,
Illinois,2021,3,
Illinois,2021,4,
Indiana,2021,1,
Indiana,2021,2,
Indiana,2021,3,
Indiana,2021,4,
Iowa,2021,1,
Iowa,2021,2,
Iowa,2021,3,
Iowa,2021,4,
Kansas,2021,1,
Kansas,2021,2,
Kansas,2021,3,
Kansas,2021,4,
Kentucky,2021,1,
Kentucky,2021,2,
Kentucky,2021,3,
Kentucky,2021,4,
Louisiana,2021,1,
Louisiana,2021,2,
Louisiana,2021,3,
Louisiana,2021,4,
Maine,2021,1,
Maine,2021,2,
Maine,2021,3,
Maine,2021,4,
Maryland,2021,1,
Maryland,2021,2,
Maryland,2021,3,
Maryland,2021,4,
Massachusetts,2021,1,
Massachusetts,2021,2,
Massachusetts,2021,3,
Massachusetts,2021,4,
Michigan,2021,1,
Michigan,2021,2,
Michigan,2021,3,
Michigan,2021,4,
Minnesota,2021,1,
Minnesota,2021,2,
Minnesota,2021,3,
Minnesota,2021,4,
Mississippi,2021,1,
Mississippi,2021,2,
Mississippi,2021,3,
Mississippi,2021,4,
Missouri,2021,1,
Missouri,2021,2,
Missouri,2021,3,
Missouri,2021,4,
Montana,2021,1,
Montana,2021,2,
Montana,2021,3,
Montana,2021,4,
N. Mariana Islands,2021,1,
N. Mariana Islands,2021,2,
N. Mariana Islands,2021,3,
N. Mariana Islands,2021,4,
Nebraska,2021,1,
Nebraska,2021,2,
Nebraska,2021,3,
Nebraska,2021,4,
Nevada,2021,1,
Nevada,2021,2,
Nevada,2021,3,
Nevada,2021,4,
New Hampshire,2021,1,
New Hampshire,2021,2,
New Hampshire,2021,3,
New Hampshire,2021,4,
New Jersey,2021,1,
New Jersey,2021,2,
New Jersey,2021,3,
New Jersey,2021,4,
New Mexico,2021,1,
New Mexico,2021,2,
New Mexico,2021,3,
New Mexico,2021,4,
New York,2021,1,
New York,2021,2,
New York,2021,3,
New York,2021,4,
North Carolina,2021,1,
North Carolina,2021,2,
North Carolina,2021,3,
North Carolina,2021,4,
North Dakota,2021,1,
North Dakota,2021,2,
North Dakota,2021,3,
North Dakota,2021,4,
Ohio,2021,1,
Ohio,2021,2,
Ohio,2021,3,
Ohio,2021,4,
Oklahoma,2021,1,
Oklahoma,2021,2,
Oklahoma,2021,3,
Oklahoma,2021,4,
Oregon,2021,1,
Oregon,2021,2,
Oregon,2021,3,
Oregon,2021,4,
Pennsylvania,2021,1,
Pennsylvania,2021,2,
Pennsylvania,2021,3,
Pennsylvania,2021,4,
Puerto Rico,2021,1,
Puerto Rico,2021,2,
Puerto Rico,2021,3,
Puerto Rico,2021,4,
Rhode Island,2021,1,
Rhode Island,2021,2,
Rhode Island,2021,3,
Rhode Island,2021,4,
South Carolina,2021,1,
South Carolina,2021,2,
South Carolina,2021,3,
South Carolina,2021,4,
South Dakota,2021,1,
South Dakota,2021,2,
South Dakota,2021,3,
South Dakota,2021,4,
Tennessee,2021,1,
Tennessee,2021,2,
Tennessee,2021,3,
Tennessee,2021,4,
Texas,2021,1,
Texas,2021,2,
Texas,2021,3,
Texas,2021,4,
Totals,2021,1,
Totals,2021,2,
Totals,2021,3,
Totals,2021,4,
Utah,2021,1,
Utah,2021,2,
Utah,2021,3,
Utah,2021,4,
Vermont,2021,1,
Vermont,2021,2,
Vermont,2021,3,
Vermont,2021,4,
Virgin Islands,2021,1,
Virgin Islands,2021,2,
Virgin Islands,2021,3,
Virgin Islands,2021,4,
Virginia,2021,1,
Virginia,2021,2,
Virginia,2021,3,
Virginia,2021,4,
Washington,2021,1,
Washington,2021,2,
Washington,2021,3,
Washington,2021,4,
West Virginia,2021,1,
West Virginia,2021,2,
West Virginia,2021,3,
West Virginia,2021,4,
Wisconsin,2021,1,
Wisconsin,2021,2,
Wisconsin,2021,3,
Wisconsin,2021,4,
Wyoming,2021,1,
Wyoming,2021,2,
Wyoming,2021,3,
Wyoming,2021,4,
Alabama,2022,1,
Alabama,2022,2,
Alabama,2022,3,
Alabama,2022,4,
Alaska,2022,1,
Alaska,2022,2,
Alaska,2022,3,
Alaska,2022,4,
Amer. Samoa,2022,1,
Amer. Samoa,2022,2,
Amer. Samoa,2022,3,
Amer. Samoa,2022,4,
Arizona,2022,1,
Arizona,2022,2,
Arizona,2022,3,
Arizona,2022,4,
Arkansas,2022,1,
Arkansas,2022,2,
Arkansas,2022,3,
Arkansas,2022,4,
California,2022,1,
California,2022,2,
California,2022,3,
California,2022,4,
Colorado,2022,1,
Colorado,2022,2,
Colorado,2022,3,
Colorado,2022,4,
Connecticut,2022,1,
Connecticut,2022,2,
Connecticut,2022,3,
Connecticut,2022,4,
Delaware,2022,1,
Delaware,2022,2,
Delaware,2022,3,
Delaware,2022,4,
Dist. Of Col.,2022,1,
Dist. Of Col.,2022,2,
Dist. Of Col.,2022,3,
Dist. Of Col.,2022,4,
Florida,2022,1,
Florida,2022,2,
Florida,2022,3,
Florida,2022,4,
Georgia,2022,1,
Georgia,2022,2,
Georgia,2022,3,
Georgia,2022,4,
Guam,2022,1,
Guam,2022,2,
Guam,2022,3,
Guam,2022,4,
Hawaii,2022,1,
Hawaii,2022,2,
Hawaii,2022,3,
Hawaii,2022,4,
Idaho,2022,1,
Idaho,2022,2,
Idaho,2022,3,
Idaho *,2022,4,
Illinois,2022,1,
Illinois,2022,2,
Illinois,2022,3,
Illinois,2022,4,
Indiana,2022,1,
Indiana,2022,2,
Indiana,2022,3,
Indiana,2022,4,
Iowa,2022,1,
Iowa,2022,2,
Iowa,2022,3,
Iowa,2022,4,
Kansas,2022,1,
Kansas,2022,2,
Kansas,2022,3,
Kansas,2022,4,
Kentucky,2022,1,
Kentucky,2022,2,
Kentucky,2022,3,
Kentucky,2022,4,
Louisiana,2022,1,
Louisiana,2022,2,
Louisiana,2022,3,
Louisiana,2022,4,
Maine,2022,1,
Maine,2022,2,
Maine,2022,3,
Maine,2022,4,
Maryland,2022,1,
Maryland,2022,2,
Maryland,2022,3,
Maryland,2022,4,
Massachusetts,2022,1,
Massachusetts,2022,2,
Massachusetts,2022,3,
Massachusetts,2022,4,
Michigan,2022,1,
Michigan,2022,2,
Michigan,2022,3,
Michigan,2022,4,
Minnesota,2022,1,
Minnesota,2022,2,
Minnesota,2022,3,
Minnesota,2022,4,
Mississippi,2022,1,
Mississippi,2022,2,
Mississippi,2022,3,
Mississippi,2022,4,
Missouri,2022,1,
Missouri,2022,2,
Missouri,2022,3,
Missouri,2022,4,
Montana,2022,1,
Montana,2022,2,
Montana,2022,3,
Montana,2022,4,
N. Mariana Islands,2022,1,
N. Mariana Islands,2022,2,
N. Mariana Islands,2022,3,
N. Mariana Islands,2022,4,
Nebraska,2022,1,
Nebraska,2022,2,
Nebraska,2022,3,
Nebraska,2022,4,
Nevada,2022,1,
Nevada,2022,2,
Nevada,2022,3,
Nevada,2022,4,
New Hampshire,2022,1,
New Hampshire,2022,2,
New Hampshire,2022,3,
New Hampshire,2022,4,
New Jersey,2022,1,
New Jersey,2022,2,
New Jersey,2022,3,
New Jersey,2022,4,
New Mexico,2022,1,
New Mexico,2022,2,
New Mexico,2022,3,
New Mexico,2022,4,
New York,2022,1,
New York,2022,2,
New York,2022,3,
New York,2022,4,
North Carolina,2022,1,
North Carolina,2022,2,
North Carolina,2022,3,
North Carolina,2022,4,
North Dakota,2022,1,
North Dakota,2022,2,
North Dakota,2022,3,
North Dakota,2022,4,
Ohio,2022,1,
Ohio,2022,2,
Ohio,2022,3,
Ohio,2022,4,
Oklahoma,2022,1,
Oklahoma,2022,2,
Oklahoma,2022,3,
Oklahoma,2022,4,
Oregon,2022,1,
Oregon,2022,2,
Oregon,2022,3,
Oregon,2022,4,
Pennsylvania,2022,1,
Pennsylvania,2022,2,
Pennsylvania,2022,3,
Pennsylvania,2022,4,
Puerto Rico,2022,1,
Puerto Rico,2022,2,
Puerto Rico,2022,3,
Puerto Rico,2022,4,
Rhode Island,2022,1,
Rhode Island,2022,2,
Rhode Island,2022,3,
Rhode Island,2022,4,
South Carolina,2022,1,
South Carolina,2022,2,
South Carolina,2022,3,
South Carolina,2022,4,
South Dakota,2022,1,
South Dakota,2022,2,
South Dakota,2022,3,
South Dakota,2022,4,
Tennessee,2022,1,
Tennessee,2022,2,
Tennessee,2022,3,
Tennessee,2022,4,
Texas,2022,1,
Texas,2022,2,
Texas,2022,3,
Texas,2022,4,
Totals,2022,1,
Totals,2022,2,
Totals,2022,3,
Totals,2022,4,
Utah,2022,1,
Utah,2022,2,
Utah,2022,3,
Utah,2022,4,
Vermont,2022,1,
Vermont,2022,2,
Vermont,2022,3,
Vermont,2022,4,
Virgin Islands,2022,1,
Virgin Islands,2022,2,
Virgin Islands,2022,3,
Virgin Islands,2022,4,
Virginia,2022,1,
Virginia,2022,2,
Virginia,2022,3,
Virginia,2022,4,
Washington,2022,1,
Washington,2022,2,
Washington,2022,3,
Washington,2022,4,
West Virginia,2022,1,
West Virginia,2022,2,
West Virginia,2022,3,
West Virginia,2022,4,
Wisconsin,2022,1,
Wisconsin,2022,2,
Wisconsin,2022,3,
Wisconsin,2022,4,
Wyoming,2022,1,
Wyoming,2022,2,
Wyoming,2022,3,
Wyoming,2022,4,
Alabama,2023,1,
Alabama,2023,2,
Alabama,2023,3,
Alabama ,2023,4,
Alaska,2023,1,
Alaska,2023,2,
Alaska,2023,3,
Alaska ,2023,4,
Amer. Samoa,2023,1,
Amer. Samoa,2023,2,
Amer. Samoa,2023,3,
Amer. Samoa ,2023,4,
Arizona,2023,1,
Arizona,2023,2,
Arizona,2023,3,
Arizona ,2023,4,
Arkansas,2023,1,
Arkansas,2023,2,
Arkansas,2023,3,
Arkansas ,2023,4,
California,2023,1,
California,2023,2,
California,2023,3,
California ,2023,4,
Colorado,2023,1,
Colorado,2023,2,
Colorado,2023,3,
Colorado ,2023,4,
Connecticut,2023,1,
Connecticut,2023,2,
Connecticut,2023,3,
Connecticut ,2023,4,
Delaware,2023,1,
Delaware,2023,2,
Delaware,2023,3,
Delaware ,2023,4,
Dist. Of Col.,2023,1,
Dist. Of Col.,2023,2,
Dist. Of Col.,2023,3,
Dist. Of Col. ,2023,4,
Florida,2023,1,
Florida,2023,2,
Florida,2023,3,
Florida ,2023,4,
Georgia,2023,1,
Georgia,2023,2,
Georgia,2023,3,
Georgia ,2023,4,
Guam,2023,1,
Guam,2023,2,
Guam,2023,3,
Guam ,2023,4,
Hawaii,2023,1,
Hawaii,2023,2,
Hawaii,2023,3,
Hawaii ,2023,4,
Idaho,2023,1,
Idaho,2023,2,
Idaho,2023,3,
Idaho ,2023,4,
Illinois,2023,1,
Illinois,2023,2,
Illinois,2023,3,
Illinois ,2023,4,
Indiana,2023,1,
Indiana,2023,2,
Indiana,2023,3,
Indiana ,2023,4,
Iowa,2023,1,
Iowa,2023,2,
Iowa,2023,3,
Iowa ,2023,4,
Kansas,2023,1,
Kansas,2023,2,
Kansas,2023,3,
Kansas ,2023,4,
Kentucky,2023,1,
Kentucky,2023,2,
Kentucky,2023,3,
Kentucky ,2023,4,
Louisiana,2023,1,
Louisiana,2023,2,
Louisiana,2023,3,
Louisiana ,2023,4,
Maine,2023,1,
Maine,2023,2,
Maine,2023,3,
Maine ,2023,4,
Maryland,2023,1,
Maryland,2023,2,
Maryland,2023,3,
Maryland ,2023,4,
Massachusetts,2023,1,
Massachusetts,2023,2,
Massachusetts,2023,3,
Massachusetts ,2023,4,
Michigan,2023,1,
Michigan,2023,2,
Michigan,2023,3,
Michigan ,2023,4,
Minnesota,2023,1,
Minnesota,2023,2,
Minnesota,2023,3,
Minnesota ,2023,4,
Mississippi,2023,1,
Mississippi,2023,2,
Mississippi,2023,3,
Mississippi ,2023,4,
Missouri,2023,1,
Missouri,2023,2,
Missouri,2023,3,
Missouri ,2023,4,
Montana,2023,1,
Montana,2023,2,
Montana,2023,3,
Montana ,2023,4,
N. Mariana Islands,2023,1,
N. Mariana Islands,2023,2,
N. Mariana Islands,2023,3,
N. Mariana Islands ,2023,4,
Nebraska,2023,1,
Nebraska,2023,2,
Nebraska,2023,3,
Nebraska ,2023,4,
Nevada,2023,1,
Nevada,2023,2,
Nevada,2023,3,
Nevada ,2023,4,
New Hampshire,2023,1,
New Hampshire,2023,2,
New Hampshire,2023,3,
New Hampshire ,2023,4,
New Jersey,2023,1,
New Jersey,2023,2,
New Jersey,2023,3,
New Jersey ,2023,4,
New Mexico,2023,1,
New Mexico,2023,2,
New Mexico,2023,3,
New Mexico ,2023,4,
New York,2023,1,
New York,2023,2,
New York,2023,3,
New York ,2023,4,
North Carolina,2023,1,
North Carolina,2023,2,
North Carolina,2023,3,
North Carolina ,2023,4,
North Dakota,2023,1,
North Dakota,2023,2,
North Dakota,2023,3,
North Dakota ,2023,4,
Ohio,2023,1,
Ohio,2023,2,
Ohio,2023,3,
Ohio ,2023,4,
Oklahoma,2023,1,
Oklahoma,2023,2,
Oklahoma,2023,3,
Oklahoma ,2023,4,
Oregon,2023,1,
Oregon,2023,2,
Oregon,2023,3,
Oregon ,2023,4,
Pennsylvania,2023,1,
Pennsylvania,2023,2,
Pennsylvania,2023,3,
Pennsylvania ,2023,4,
Puerto Rico,2023,1,
Puerto Rico,2023,2,
Puerto Rico,2023,3,
Puerto Rico ,2023,4,
Rhode Island,2023,1,
Rhode Island,2023,2,
Rhode Island,2023,3,
Rhode Island ,2023,4,
South Carolina,2023,1,
South Carolina,2023,2,
South Carolina,2023,3,
South Carolina ,2023,4,
South Dakota,2023,1,
South Dakota,2023,2,
South Dakota,2023,3,
South Dakota ,2023,4,
Tennessee,2023,1,
Tennessee,2023,2,
Tennessee,2023,3,
Tennessee ,2023,4,
Texas,2023,1,
Texas,2023,2,
Texas,2023,3,
Texas ,2023,4,
Totals,2023,1,
Totals,2023,2,
Totals,2023,3,
Totals,2023,4,
Utah,2023,1,
Utah,2023,2,
Utah,2023,3,
Utah ,2023,4,
Vermont,2023,1,
Vermont,2023,2,
Vermont,2023,3,
Vermont ,2023,4,
Virgin Islands,2023,1,
Virgin Islands,2023,2,
Virgin Islands,2023,3,
Virgin Islands ,2023,4,
Virginia,2023,1,
Virginia,2023,2,
Virginia,2023,3,
Virginia ,2023,4,
Washington,2023,1,
Washington,2023,2,
Washington,2023,3,
Washington ,2023,4,
West Virginia,2023,1,
West Virginia,2023,2,
West Virginia,2023,3,
West Virginia ,2023,4,
Wisconsin,2023,1,
Wisconsin,2023,2,
Wisconsin,2023,3,
Wisconsin ,2023,4,
Wyoming,2023,1,
Wyoming,2023,2,
Wyoming,2023,3,
Wyoming ,2023,4,
Alabama ,2024,1,
Alabama ,2024,2,
Alabama ,2024,3,
Alabama ,2024,4,
Alaska ,2024,1,
Alaska ,2024,2,
Alaska ,2024,3,
Alaska ,2024,4,
Amer. Samoa ,2024,1,
Amer. Samoa ,2024,2,
Amer. Samoa ,2024,3,
Amer. Samoa ,2024,4,
Arizona ,2024,1,
Arizona ,2024,2,
Arizona ,2024,3,
Arizona ,2024,4,
Arkansas ,2024,1,
Arkansas ,2024,2,
Arkansas ,2024,3,
Arkansas ,2024,4,
California ,2024,1,
California ,2024,2,
California ,2024,3,
California ,2024,4,
Colorado ,2024,1,
Colorado ,2024,2,
Colorado ,2024,3,
Colorado ,2024,4,
Connecticut ,2024,1,
Connecticut ,2024,2,
Connecticut ,2024,3,
Connecticut ,2024,4,
Delaware ,2024,1,
Delaware ,2024,2,
Delaware ,2024,3,
Delaware ,2024,4,
Dist. Of Col. ,2024,1,
Dist. Of Col. ,2024,2,
Dist. Of Col. ,2024,3,
Dist. Of Col. ,2024,4,
Florida ,2024,1,
Florida ,2024,2,
Florida ,2024,3,
Florida ,2024,4,
Georgia ,2024,1,
Georgia ,2024,2,
Georgia ,2024,3,
Georgia ,2024,4,
Guam ,2024,1,
Guam ,2024,2,
Guam ,2024,3,
Guam ,2024,4,
Hawaii ,2024,1,
Hawaii ,2024,2,
Hawaii ,2024,3,
Hawaii ,2024,4,
Idaho ,2024,1,
Idaho ,2024,2,
Idaho ,2024,3,
Idaho ,2024,4,
Illinois ,2024,1,
Illinois ,2024,2,
Illinois ,2024,3,
Illinois ,2024,4,
Indiana ,2024,1,
Indiana ,2024,2,
Indiana ,2024,3,
Indiana ,2024,4,
Iowa ,2024,1,
Iowa ,2024,2,
Iowa ,2024,3,
Iowa ,2024,4,
Kansas ,2024,1,
Kansas ,2024,2,
Kansas ,2024,3,
Kansas ,2024,4,
Kentucky ,2024,1,
Kentucky ,2024,2,
Kentucky ,2024,3,
Kentucky ,2024,4,
Louisiana ,2024,1,
Louisiana ,2024,2,
Louisiana ,2024,3,
Louisiana ,2024,4,
Maine ,2024,1,
Maine ,2024,2,
Maine ,2024,3,
Maine ,2024,4,
Maryland ,2024,1,
Maryland ,2024,2,
Maryland ,2024,3,
Maryland ,2024,4,
Massachusetts ,2024,1,
Massachusetts ,2024,2,
Massachusetts ,2024,3,
Massachusetts ,2024,4,
Michigan ,2024,1,
Michigan ,2024,2,
Michigan ,2024,3,
Michigan ,2024,4,
Minnesota ,2024,1,
Minnesota ,2024,2,
Minnesota ,2024,3,
Minnesota ,2024,4,
Mississippi ,2024,1,
Mississippi ,2024,2,
Mississippi ,2024,3,
Mississippi ,2024,4,
Missouri ,2024,1,
Missouri ,2024,2,
Missouri ,2024,3,
Missouri ,2024,4,
Montana ,2024,1,
Montana ,2024,2,
Montana ,2024,3,
Montana ,2024,4,
N. Mariana Islands ,2024,1,
N. Mariana Islands ,2024,2,
N. Mariana Islands ,2024,3,
N. Mariana Islands ,2024,4,
Nebraska ,2024,1,
Nebraska ,2024,2,
Nebraska ,2024,3,
Nebraska ,2024,4,
Nevada ,2024,1,
Nevada ,2024,2,
Nevada ,2024,3,
Nevada ,2024,4,
New Hampshire ,2024,1,
New Hampshire ,2024,2,
New Hampshire ,2024,3,
New Hampshire ,2024,4,
New Jersey ,2024,1,
New Jersey ,2024,2,
New Jersey ,2024,3,
New Jersey ,2024,4,
New Mexico ,2024,1,
New Mexico ,2024,2,
New Mexico ,2024,3,
New Mexico ,2024,4,
New York ,2024,1,
New York ,2024,2,
New York ,2024,3,
New York ,2024,4,
North Carolina ,2024,1,
North Carolina ,2024,2,
North Carolina ,2024,3,
North Carolina ,2024,4,
North Dakota ,2024,1,
North Dakota ,2024,2,
North Dakota ,2024,3,
North Dakota ,2024,4,
Ohio ,2024,1,
Ohio ,2024,2,
Ohio ,2024,3,
Ohio ,2024,4,
Oklahoma ,2024,1,
Oklahoma ,2024,2,
Oklahoma ,2024,3,
Oklahoma ,2024,4,
Oregon ,2024,1,
Oregon ,2024,2,
Oregon ,2024,3,
Oregon ,2024,4,
Pennsylvania ,2024,1,
Pennsylvania ,2024,2,
Pennsylvania ,2024,3,
Pennsylvania ,2024,4,
Puerto Rico ,2024,1,
Puerto Rico ,2024,2,
Puerto Rico ,2024,3,
Puerto Rico ,2024,4,
Rhode Island ,2024,1,
Rhode Island ,2024,2,
Rhode Island ,2024,3,
Rhode Island ,2024,4,
South Carolina ,2024,1,
South Carolina ,2024,2,
South Carolina ,2024,3,
South Carolina ,2024,4,
South Dakota ,2024,1,
South Dakota ,2024,2,
South Dakota ,2024,3,
South Dakota ,2024,4,
Tennessee ,2024,1,
Tennessee ,2024,2,
Tennessee ,2024,3,
Tennessee ,2024,4,
Texas ,2024,1,
Texas ,2024,2,
Texas ,2024,3,
Texas ,2024,4,
Totals,2024,1,
Totals,2024,2,
Totals,2024,3,
Totals,2024,4,
Utah ,2024,1,
Utah ,2024,2,
Utah ,2024,3,
Utah ,2024,4,
Vermont ,2024,1,
Vermont ,2024,2,
Vermont ,2024,3,
Vermont ,2024,4,
Virgin Islands ,2024,1,
Virgin Islands ,2024,2,
Virgin Islands ,2024,3,
Virgin Islands ,2024,4,
Virginia ,2024,1,
Virginia ,2024,2,
Virginia ,2024,3,
Virginia ,2024,4,
Washington ,2024,1,
Washington ,2024,2,
Washington ,2024,3,
Washington ,2024,4,
West Virginia ,2024,1,
West Virginia ,2024,2,
West Virginia ,2024,3,
West Virginia ,2024,4,
Wisconsin ,2024,1,
Wisconsin ,2024,2,
Wisconsin ,2024,3,
Wisconsin ,2024,4,
Wyoming ,2024,1,
Wyoming ,2024,2,
Wyoming ,2024,3,
Wyoming ,2024,4,
