State,Period,Average_pop
AK,2014Q1,107998.33333333331
AK,2014Q2,115946.0
AK,2014Q3,118862.33333333331
AK,2014Q4,120304.33333333331
AK,2015Q1,124527.66666666669
AK,2015Q2,126642.66666666669
AK,2015Q3,120278.66666666669
AK,2015Q4,135703.0
AK,2016Q1,151430.33333333334
AK,2016Q2,157028.0
AK,2016Q3,161079.33333333334
AK,2016Q4,173380.66666666666
AK,2017Q1,180677.66666666663
AK,2017Q2,184889.3333333333
AK,2017Q3,184185.66666666663
AK,2017Q4,193784.66666666663
AK,2018Q1,196836.3333333333
AK,2018Q2,198563.0
AK,2018Q3,205991.0
AK,2018Q4,206503.66666666663
AK,2019Q1,207064.0
AK,2019Q2,205735.3333333333
AK,2019Q3,213297.3333333333
AK,2019Q4,213974.3333333333
AK,2020Q1,215320.0
AK,2020Q2,220452.3333333333
AK,2020Q3,224144.0
AK,2020Q4,231242.3333333333
AK,2021Q1,235796.66666666663
AK,2021Q2,240709.66666666663
AK,2021Q3,242994.66666666663
AK,2021Q4,247014.66666666663
AK,2022Q1,250337.66666666663
AK,2022Q2,252925.3333333333
AK,2022Q3,254849.66666666663
AK,2022Q4,257069.3333333333
AK,2023Q1,259400.3333333333
AK,2023Q2,260180.66666666663
AK,2023Q3,250610.3333333333
AK,2023Q4,244210.3333333333
AK,2024Q1,243760.3333333333
AK,2024Q2,244265.0
AK,2024Q3,244104.66666666663
AK,2024Q4,239885.66666666663
AL,2014Q1,1004433.3333333334
AL,2014Q2,1026705.0
AL,2014Q3,1044615.6666666666
AL,2014Q4,1049282.3333333333
AL,2015Q1,1049218.0
AL,2015Q2,1049405.0
AL,2015Q3,1052562.3333333333
AL,2015Q4,1047963.6666666666
AL,2016Q1,1046428.0
AL,2016Q2,1042295.6666666666
AL,2016Q3,1037516.6666666666
AL,2016Q4,1030187.6666666666
AL,2017Q1,1019973.0
AL,2017Q2,1016816.0
AL,2017Q3,1019782.0
AL,2017Q4,1018509.6666666666
AL,2018Q1,1020837.6666666666
AL,2018Q2,1022330.3333333334
AL,2018Q3,1022206.0
AL,2018Q4,1029058.0
AL,2019Q1,1032761.0
AL,2019Q2,1033221.6666666666
AL,2019Q3,1043193.3333333334
AL,2019Q4,1048775.0
AL,2020Q1,1053454.3333333333
AL,2020Q2,1073171.0
AL,2020Q3,1103095.0
AL,2020Q4,1132700.0
AL,2021Q1,1157577.6666666667
AL,2021Q2,1181693.3333333333
AL,2021Q3,1207181.6666666667
AL,2021Q4,1230629.0
AL,2022Q1,1253956.6666666667
AL,2022Q2,1272591.3333333333
AL,2022Q3,1295523.6666666667
AL,2022Q4,1317604.0
AL,2023Q1,1347926.0
AL,2023Q2,1369909.0
AL,2023Q3,1325098.0
AL,2023Q4,1251657.0
AL,2024Q1,1192647.6666666667
AL,2024Q2,1122485.3333333333
AL,2024Q3,1091271.0
AL,2024Q4,1085180.6666666667
AR,2014Q1,866722.6666666666
AR,2014Q2,821864.3333333334
AR,2014Q3,842529.0
AR,2014Q4,855266.6666666666
AR,2015Q1,1178006.6666666667
AR,2015Q2,919116.3333333334
AR,2015Q3,917396.6666666666
AR,2015Q4,939481.3333333334
AR,2016Q1,928906.0
AR,2016Q2,882018.3333333334
AR,2016Q3,928853.0
AR,2016Q4,952536.3333333334
AR,2017Q1,954168.0
AR,2017Q2,939271.3333333334
AR,2017Q3,937571.3333333334
AR,2017Q4,931862.6666666666
AR,2018Q1,923930.3333333334
AR,2018Q2,921438.6666666666
AR,2018Q3,911571.3333333334
AR,2018Q4,860208.0
AR,2019Q1,833060.3333333334
AR,2019Q2,825826.6666666666
AR,2019Q3,830106.3333333334
AR,2019Q4,835105.0
AR,2020Q1,832768.6666666666
AR,2020Q2,855881.6666666666
AR,2020Q3,882775.3333333334
AR,2020Q4,911025.0
AR,2021Q1,934674.6666666666
AR,2021Q2,950707.3333333334
AR,2021Q3,969103.3333333334
AR,2021Q4,987616.0
AR,2022Q1,1007158.0
AR,2022Q2,1032172.6666666666
AR,2022Q3,1044947.3333333334
AR,2022Q4,1060932.6666666667
AR,2023Q1,1080359.0
AR,2023Q2,1015619.3333333334
AR,2023Q3,874187.3333333334
AR,2023Q4,818166.0
AR,2024Q1,805184.0
AR,2024Q2,812343.6666666666
AR,2024Q3,811723.3333333334
AR,2024Q4,800972.3333333334
AS,2017Q4,27898.0
AS,2018Q1,27898.0
AS,2018Q2,27898.0
AS,2018Q3,27898.0
AS,2018Q4,28183.0
AS,2019Q1,28183.0
AS,2019Q2,37829.0
AS,2019Q3,37829.0
AS,2019Q4,35002.0
AS,2020Q1,35002.0
AS,2020Q2,35002.0
AS,2020Q3,35002.0
AS,2020Q4,37756.0
AS,2021Q1,37756.0
AS,2021Q2,37756.0
AS,2021Q3,37756.0
AS,2021Q4,31434.0
AS,2022Q1,31434.0
AS,2022Q2,31434.0
AS,2022Q3,31434.0
AS,2022Q4,33887.0
AS,2023Q1,33887.0
AS,2023Q2,33887.0
AS,2023Q3,33887.0
AS,2023Q4,33746.0
AS,2024Q1,33746.0
AS,2024Q2,33746.0
AS,2024Q3,33746.0
AS,2024Q4,31150.0
AZ,2014Q1,1451044.0
AZ,2014Q2,1573708.6666666667
AZ,2014Q3,1686447.6666666667
AZ,2014Q4,1723678.6666666667
AZ,2015Q1,1728164.3333333333
AZ,2015Q2,1754268.3333333333
AZ,2015Q3,1815228.6666666667
AZ,2015Q4,1877248.3333333333
AZ,2016Q1,1896147.3333333333
AZ,2016Q2,1891561.0
AZ,2016Q3,1907716.0
AZ,2016Q4,1942573.0
AZ,2017Q1,1945027.6666666667
AZ,2017Q2,1937251.0
AZ,2017Q3,1931021.3333333333
AZ,2017Q4,1934234.6666666667
AZ,2018Q1,1891265.0
AZ,2018Q2,1867824.0
AZ,2018Q3,1874902.6666666667
AZ,2018Q4,1874802.6666666667
AZ,2019Q1,1877310.0
AZ,2019Q2,1869703.0
AZ,2019Q3,1886558.6666666667
AZ,2019Q4,1889215.6666666667
AZ,2020Q1,1873437.3333333333
AZ,2020Q2,1946241.0
AZ,2020Q3,2022184.6666666667
AZ,2020Q4,2081176.3333333333
AZ,2021Q1,2131127.6666666665
AZ,2021Q2,2178143.333333333
AZ,2021Q3,2224804.6666666665
AZ,2021Q4,2266357.333333333
AZ,2022Q1,2302339.333333333
AZ,2022Q2,2351818.333333333
AZ,2022Q3,2382008.333333333
AZ,2022Q4,2420051.333333333
AZ,2023Q1,2608516.333333333
AZ,2023Q2,2387769.333333333
AZ,2023Q3,2406995.6666666665
AZ,2023Q4,2180298.0
AZ,2024Q1,2174480.0
AZ,2024Q2,2168885.333333333
AZ,2024Q3,2145289.0
AZ,2024Q4,2089211.3333333333
CA,2014Q1,13365631.666666666
CA,2014Q2,13980258.0
CA,2014Q3,5529373.666666667
CA,2014Q4,14104689.0
CA,2015Q1,13960781.666666666
CA,2015Q2,13630340.0
CA,2015Q3,13316623.0
CA,2015Q4,13148939.0
CA,2016Q1,13093534.0
CA,2016Q2,12764492.0
CA,2016Q3,12073575.666666666
CA,2016Q4,12032626.0
CA,2017Q1,11821194.333333334
CA,2017Q2,11688252.0
CA,2017Q3,11316818.666666666
CA,2017Q4,13109776.333333334
CA,2018Q1,13082849.0
CA,2018Q2,12987836.333333334
CA,2018Q3,12858150.333333334
CA,2018Q4,12785341.333333334
CA,2019Q1,12712384.333333334
CA,2019Q2,12581041.0
CA,2019Q3,12562396.666666666
CA,2019Q4,12391835.0
CA,2020Q1,12218098.0
CA,2020Q2,12448511.666666666
CA,2020Q3,12848760.0
CA,2020Q4,13114364.333333334
CA,2021Q1,13393550.333333334
CA,2021Q2,13600543.0
CA,2021Q3,13803171.0
CA,2021Q4,13979532.666666666
CA,2022Q1,14198083.0
CA,2022Q2,14458082.333333334
CA,2022Q3,14723000.333333334
CA,2022Q4,14934860.333333334
CA,2023Q1,15162012.666666666
CA,2023Q2,15345432.666666666
CA,2023Q3,15244707.666666666
CA,2023Q4,14836794.333333334
CA,2024Q1,14776719.666666666
CA,2024Q2,14640206.333333334
CA,2024Q3,14860128.0
CA,2024Q4,14868487.666666666
CO,2014Q1,930054.3333333334
CO,2014Q2,1026231.3333333334
CO,2014Q3,1088002.3333333333
CO,2014Q4,1132798.6666666667
CO,2015Q1,1192191.0
CO,2015Q2,1231830.0
CO,2015Q3,1259514.6666666667
CO,2015Q4,1285072.6666666667
CO,2016Q1,1314377.3333333333
CO,2016Q2,1328980.6666666667
CO,2016Q3,1333838.3333333333
CO,2016Q4,1339078.6666666667
CO,2017Q1,1345945.6666666667
CO,2017Q2,1365833.6666666667
CO,2017Q3,1362938.0
CO,2017Q4,1316861.3333333333
CO,2018Q1,1298917.3333333333
CO,2018Q2,1286687.0
CO,2018Q3,1298391.3333333333
CO,2018Q4,1276583.0
CO,2019Q1,1254404.0
CO,2019Q2,1235000.0
CO,2019Q3,1230346.3333333333
CO,2019Q4,1217316.0
CO,2020Q1,1198636.3333333333
CO,2020Q2,1255693.6666666667
CO,2020Q3,1325283.3333333333
CO,2020Q4,1390572.0
CO,2021Q1,1445022.0
CO,2021Q2,1483499.0
CO,2021Q3,1518333.6666666667
CO,2021Q4,1551833.3333333333
CO,2022Q1,1587516.3333333333
CO,2022Q2,1617074.6666666667
CO,2022Q3,1641633.0
CO,2022Q4,1672232.6666666667
CO,2023Q1,1710726.0
CO,2023Q2,1699990.0
CO,2023Q3,1581996.0
CO,2023Q4,1434839.6666666667
CO,2024Q1,1265052.3333333333
CO,2024Q2,1151337.3333333333
CO,2024Q3,1163359.3333333333
CO,2024Q4,1188305.6666666667
CT,2014Q1,696880.6666666666
CT,2014Q2,808570.3333333334
CT,2014Q3,836235.6666666666
CT,2014Q4,850072.6666666666
CT,2015Q1,826246.6666666666
CT,2015Q2,818215.0
CT,2015Q3,797339.3333333334
CT,2015Q4,828224.6666666666
CT,2016Q1,848968.0
CT,2016Q2,861268.6666666666
CT,2016Q3,852844.6666666666
CT,2016Q4,892075.3333333334
CT,2017Q1,901842.0
CT,2017Q2,892401.0
CT,2017Q3,890228.6666666666
CT,2017Q4,910168.3333333334
CT,2018Q1,920697.0
CT,2018Q2,925831.3333333334
CT,2018Q3,935486.6666666666
CT,2018Q4,942762.6666666666
CT,2019Q1,951897.3333333334
CT,2019Q2,952741.6666666666
CT,2019Q3,951455.3333333334
CT,2019Q4,951734.6666666666
CT,2020Q1,953966.3333333334
CT,2020Q2,978442.6666666666
CT,2020Q3,998774.6666666666
CT,2020Q4,1031718.3333333334
CT,2021Q1,1063600.3333333333
CT,2021Q2,1079836.6666666667
CT,2021Q3,1113695.0
CT,2021Q4,1132410.6666666667
CT,2022Q1,1109341.3333333333
CT,2022Q2,1121387.6666666667
CT,2022Q3,1143364.3333333333
CT,2022Q4,1159965.6666666667
CT,2023Q1,1179182.6666666667
CT,2023Q2,1180692.0
CT,2023Q3,1147671.6666666667
CT,2023Q4,1115740.3333333333
CT,2024Q1,1115899.3333333333
CT,2024Q2,1093107.3333333333
CT,2024Q3,1089128.6666666667
CT,2024Q4,1080103.6666666667
DC,2014Q1,227812.66666666663
DC,2014Q2,235604.66666666663
DC,2014Q3,239763.0
DC,2014Q4,242968.66666666663
DC,2015Q1,248662.0
DC,2015Q2,249242.0
DC,2015Q3,249768.0
DC,2015Q4,242512.0
DC,2016Q1,246460.0
DC,2016Q2,246407.66666666663
DC,2016Q3,239351.0
DC,2016Q4,247836.0
DC,2017Q1,253182.0
DC,2017Q2,257318.66666666663
DC,2017Q3,260507.66666666663
DC,2017Q4,263084.6666666667
DC,2018Q1,263268.6666666667
DC,2018Q2,260290.66666666663
DC,2018Q3,260700.3333333333
DC,2018Q4,260837.0
DC,2019Q1,260772.0
DC,2019Q2,259927.66666666663
DC,2019Q3,262395.0
DC,2019Q4,262853.6666666667
DC,2020Q1,255963.0
DC,2020Q2,259851.0
DC,2020Q3,266199.0
DC,2020Q4,259062.0
DC,2021Q1,263910.6666666667
DC,2021Q2,267327.3333333333
DC,2021Q3,270877.0
DC,2021Q4,275240.3333333333
DC,2022Q1,279313.6666666667
DC,2022Q2,283067.3333333333
DC,2022Q3,329570.0
DC,2022Q4,290040.3333333333
DC,2023Q1,293287.3333333333
DC,2023Q2,295598.0
DC,2023Q3,291259.6666666667
DC,2023Q4,283780.3333333333
DC,2024Q1,274578.0
DC,2024Q2,267455.0
DC,2024Q3,261280.3333333333
DC,2024Q4,262671.6666666667
DE,2014Q1,196376.0
DE,2014Q2,194814.66666666663
DE,2014Q3,200071.3333333333
DE,2014Q4,203526.66666666663
DE,2015Q1,208563.66666666663
DE,2015Q2,210104.0
DE,2015Q3,211450.66666666663
DE,2015Q4,210416.0
DE,2016Q1,217853.0
DE,2016Q2,203859.0
DE,2016Q3,202186.66666666663
DE,2016Q4,203195.3333333333
DE,2017Q1,207584.3333333333
DE,2017Q2,206896.0
DE,2017Q3,209295.3333333333
DE,2017Q4,211004.66666666663
DE,2018Q1,211253.66666666663
DE,2018Q2,209852.0
DE,2018Q3,211124.0
DE,2018Q4,145885.66666666666
DE,2019Q1,219247.0
DE,2019Q2,204867.3333333333
DE,2019Q3,213796.3333333333
DE,2019Q4,212259.66666666663
DE,2020Q1,213170.3333333333
DE,2020Q2,220473.66666666663
DE,2020Q3,229183.66666666663
DE,2020Q4,236517.3333333333
DE,2021Q1,244210.3333333333
DE,2021Q2,251002.3333333333
DE,2021Q3,257048.3333333333
DE,2021Q4,263558.3333333333
DE,2022Q1,270390.3333333333
DE,2022Q2,276558.0
DE,2022Q3,282482.3333333333
DE,2022Q4,288277.3333333333
DE,2023Q1,292990.6666666667
DE,2023Q2,299336.6666666667
DE,2023Q3,291172.6666666667
DE,2023Q4,277525.3333333333
DE,2024Q1,261443.0
DE,2024Q2,247045.0
DE,2024Q3,235902.0
DE,2024Q4,233437.0
FL,2014Q1,3776828.6666666665
FL,2014Q2,3872654.6666666665
FL,2014Q3,3921510.6666666665
FL,2014Q4,3944231.3333333335
FL,2015Q1,4030842.6666666665
FL,2015Q2,4040165.3333333335
FL,2015Q3,3976079.3333333335
FL,2015Q4,3998873.0
FL,2016Q1,4016503.6666666665
FL,2016Q2,4010695.0
FL,2016Q3,3987996.6666666665
FL,2016Q4,3998566.0
FL,2017Q1,4063863.6666666665
FL,2017Q2,4045939.6666666665
FL,2017Q3,4008700.0
FL,2017Q4,4004565.0
FL,2018Q1,3959854.3333333335
FL,2018Q2,3889010.0
FL,2018Q3,3819999.6666666665
FL,2018Q4,3808965.0
FL,2019Q1,3761522.6666666665
FL,2019Q2,3795238.6666666665
FL,2019Q3,3793870.0
FL,2019Q4,3770941.0
FL,2020Q1,3753170.6666666665
FL,2020Q2,4032456.0
FL,2020Q3,4236961.666666667
FL,2020Q4,4432365.666666667
FL,2021Q1,4613862.0
FL,2021Q2,4764551.0
FL,2021Q3,4884479.333333333
FL,2021Q4,5008524.666666667
FL,2022Q1,5155968.0
FL,2022Q2,5212099.0
FL,2022Q3,5370780.0
FL,2022Q4,5507253.333333333
FL,2023Q1,5718928.333333333
FL,2023Q2,5532479.333333333
FL,2023Q3,5370780.0
FL,2023Q4,4992872.666666667
FL,2024Q1,4799019.333333333
FL,2024Q2,4326954.666666667
FL,2024Q3,4258837.0
FL,2024Q4,4178927.0
GA,2014Q1,1639532.6666666667
GA,2014Q2,1721245.0
GA,2014Q3,1776824.3333333333
GA,2014Q4,1796793.0
GA,2015Q1,1828409.6666666667
GA,2015Q2,1843693.6666666667
GA,2015Q3,1865862.0
GA,2015Q4,1866028.6666666667
GA,2016Q1,1862223.6666666667
GA,2016Q2,1862089.6666666667
GA,2016Q3,1855856.6666666667
GA,2016Q4,1833092.3333333333
GA,2017Q1,1836004.3333333333
GA,2017Q2,1843098.3333333333
GA,2017Q3,1865054.0
GA,2017Q4,1944540.6666666667
GA,2018Q1,1959811.0
GA,2018Q2,1956849.6666666667
GA,2018Q3,1952723.3333333333
GA,2018Q4,1943638.6666666667
GA,2019Q1,1958765.0
GA,2019Q2,1963102.0
GA,2019Q3,1986926.6666666667
GA,2019Q4,2038961.0
GA,2020Q1,2037565.0
GA,2020Q2,2053823.0
GA,2020Q3,2125357.333333333
GA,2020Q4,2206010.6666666665
GA,2021Q1,2269494.0
GA,2021Q2,2302665.333333333
GA,2021Q3,2352917.0
GA,2021Q4,2402930.0
GA,2022Q1,2445790.0
GA,2022Q2,2486655.0
GA,2022Q3,2521825.333333333
GA,2022Q4,2538193.6666666665
GA,2023Q1,2550796.6666666665
GA,2023Q2,2610345.6666666665
GA,2023Q3,2520090.333333333
GA,2023Q4,2319285.333333333
GA,2024Q1,2144125.0
GA,2024Q2,2216229.333333333
GA,2024Q3,2171651.0
GA,2024Q4,2177891.0
GU,2014Q1,37090.333333333336
GU,2014Q2,36914.0
GU,2014Q3,36831.0
GU,2014Q4,36800.333333333336
GU,2015Q1,36584.333333333336
GU,2015Q2,35890.333333333336
GU,2015Q3,36037.333333333336
GU,2015Q4,35890.333333333336
GU,2016Q1,35970.666666666664
GU,2016Q2,35729.666666666664
GU,2016Q3,35515.333333333336
GU,2016Q4,35574.666666666664
GU,2017Q1,35805.0
GU,2017Q2,35953.333333333336
GU,2017Q3,35891.333333333336
GU,2017Q4,35805.0
GU,2018Q1,35612.666666666664
GU,2018Q2,36124.66666666666
GU,2018Q3,36277.333333333336
GU,2018Q4,36411.333333333336
GU,2019Q1,36192.0
GU,2019Q2,35685.333333333336
GU,2019Q3,35385.666666666664
GU,2019Q4,34784.333333333336
GU,2020Q1,34095.333333333336
GU,2020Q2,34038.333333333336
GU,2020Q3,33370.0
GU,2020Q4,32462.33333333333
GU,2021Q1,32215.666666666668
GU,2021Q2,33711.666666666664
GU,2021Q3,37171.66666666666
GU,2021Q4,36442.0
GU,2022Q1,38042.66666666666
GU,2022Q2,39606.66666666666
GU,2022Q3,41615.333333333336
GU,2022Q4,43403.333333333336
GU,2023Q1,44418.0
GU,2023Q2,44234.333333333336
GU,2023Q3,44408.0
GU,2023Q4,44905.333333333336
GU,2024Q1,41860.66666666666
GU,2024Q2,38937.0
GU,2024Q3,35937.0
GU,2024Q4,35873.666666666664
HI,2014Q1,282120.3333333333
HI,2014Q2,290579.3333333333
HI,2014Q3,282178.0
HI,2014Q4,276080.0
HI,2015Q1,291667.3333333333
HI,2015Q2,301266.0
HI,2015Q3,309136.0
HI,2015Q4,316329.0
HI,2016Q1,323438.3333333333
HI,2016Q2,326696.6666666667
HI,2016Q3,329065.3333333333
HI,2016Q4,329377.3333333333
HI,2017Q1,331813.0
HI,2017Q2,331382.0
HI,2017Q3,326670.0
HI,2017Q4,329540.0
HI,2018Q1,331113.3333333333
HI,2018Q2,327476.6666666667
HI,2018Q3,320394.3333333333
HI,2018Q4,315681.0
HI,2019Q1,312190.3333333333
HI,2019Q2,306898.3333333333
HI,2019Q3,310790.0
HI,2019Q4,309716.0
HI,2020Q1,308625.3333333333
HI,2020Q2,321403.3333333333
HI,2020Q3,343506.0
HI,2020Q4,390861.3333333333
HI,2021Q1,409875.6666666667
HI,2021Q2,420505.0
HI,2021Q3,429058.6666666667
HI,2021Q4,436545.3333333333
HI,2022Q1,443716.0
HI,2022Q2,449809.0
HI,2022Q3,456695.0
HI,2022Q4,462268.0
HI,2023Q1,468671.6666666667
HI,2023Q2,469815.6666666667
HI,2023Q3,468730.6666666667
HI,2023Q4,475052.6666666667
HI,2024Q1,477878.3333333333
HI,2024Q2,462308.3333333333
HI,2024Q3,430381.6666666667
HI,2024Q4,413626.3333333333
IA,2014Q1,510702.0
IA,2014Q2,541464.3333333334
IA,2014Q3,547954.6666666666
IA,2014Q4,551988.0
IA,2015Q1,555666.3333333334
IA,2015Q2,572218.3333333334
IA,2015Q3,581754.6666666666
IA,2015Q4,586384.6666666666
IA,2016Q1,588225.6666666666
IA,2016Q2,592672.0
IA,2016Q3,593654.6666666666
IA,2016Q4,596160.6666666666
IA,2017Q1,602619.0
IA,2017Q2,595103.3333333334
IA,2017Q3,590950.0
IA,2017Q4,589673.3333333334
IA,2018Q1,597978.6666666666
IA,2018Q2,603304.3333333334
IA,2018Q3,603821.6666666666
IA,2018Q4,604639.3333333334
IA,2019Q1,603098.3333333334
IA,2019Q2,605434.0
IA,2019Q3,605076.0
IA,2019Q4,603472.0
IA,2020Q1,600909.6666666666
IA,2020Q2,622259.0
IA,2020Q3,648394.0
IA,2020Q4,670405.0
IA,2021Q1,688415.3333333334
IA,2021Q2,708002.0
IA,2021Q3,722045.0
IA,2021Q4,734401.0
IA,2022Q1,748960.0
IA,2022Q2,760286.3333333334
IA,2022Q3,772989.0
IA,2022Q4,787679.6666666666
IA,2023Q1,804116.3333333334
IA,2023Q2,795660.6666666666
IA,2023Q3,708817.6666666666
IA,2023Q4,646580.6666666666
IA,2024Q1,629400.3333333334
IA,2024Q2,605059.3333333334
IA,2024Q3,601664.0
IA,2024Q4,601820.6666666666
ID,2014Q1,273547.0
ID,2014Q2,277037.6666666667
ID,2014Q3,285235.6666666667
ID,2014Q4,289529.3333333333
ID,2015Q1,296249.6666666667
ID,2015Q2,298989.3333333333
ID,2015Q3,300745.3333333333
ID,2015Q4,301989.0
ID,2016Q1,304572.3333333333
ID,2016Q2,306313.6666666667
ID,2016Q3,310346.3333333333
ID,2016Q4,318153.3333333333
ID,2017Q1,319008.0
ID,2017Q2,319898.6666666667
ID,2017Q3,319467.6666666667
ID,2017Q4,320582.3333333333
ID,2018Q1,305424.3333333333
ID,2018Q2,295117.0
ID,2018Q3,301001.6666666667
ID,2018Q4,303807.6666666667
ID,2019Q1,294418.0
ID,2019Q2,298229.3333333333
ID,2019Q3,287735.6666666667
ID,2019Q4,291723.6666666667
ID,2020Q1,342505.0
ID,2020Q2,362277.6666666667
ID,2020Q3,378392.3333333333
ID,2020Q4,393235.3333333333
ID,2021Q1,405971.0
ID,2021Q2,416609.6666666667
ID,2021Q3,421316.0
ID,2021Q4,430494.0
ID,2022Q1,438086.6666666667
ID,2022Q2,444603.6666666667
ID,2022Q3,448399.6666666667
ID,2022Q4,472526.6666666667
ID,2023Q1,481862.6666666667
ID,2023Q2,445049.0
ID,2023Q3,367074.0
ID,2023Q4,366280.6666666667
ID,2024Q1,465849.6666666667
ID,2024Q2,359891.0
ID,2024Q3,347828.0
ID,2024Q4,347320.0
IL,2014Q1,2779608.6666666665
IL,2014Q2,2927461.0
IL,2014Q3,2963569.0
IL,2014Q4,2988896.333333333
IL,2015Q1,3005481.6666666665
IL,2015Q2,2980818.333333333
IL,2015Q3,2947795.333333333
IL,2015Q4,2933134.0
IL,2016Q1,2959028.6666666665
IL,2016Q2,2928380.6666666665
IL,2016Q3,2910365.0
IL,2016Q4,2904903.333333333
IL,2017Q1,2904882.0
IL,2017Q2,2878470.0
IL,2017Q3,2833521.0
IL,2017Q4,2884864.6666666665
IL,2018Q1,2901152.6666666665
IL,2018Q2,2838548.333333333
IL,2018Q3,2813200.333333333
IL,2018Q4,2715744.333333333
IL,2019Q1,2642231.333333333
IL,2019Q2,2590201.333333333
IL,2019Q3,2679109.333333333
IL,2019Q4,2660947.0
IL,2020Q1,2644775.0
IL,2020Q2,2738163.333333333
IL,2020Q3,2820711.6666666665
IL,2020Q4,2937347.0
IL,2021Q1,3021028.333333333
IL,2021Q2,3069916.0
IL,2021Q3,3129447.0
IL,2021Q4,3189034.333333333
IL,2022Q1,3241818.6666666665
IL,2022Q2,3299915.0
IL,2022Q3,3375438.0
IL,2022Q4,3428278.6666666665
IL,2023Q1,3471977.6666666665
IL,2023Q2,3468169.6666666665
IL,2023Q3,3440220.333333333
IL,2023Q4,3290799.0
IL,2024Q1,3220153.333333333
IL,2024Q2,3064561.333333333
IL,2024Q3,2974965.333333333
IL,2024Q4,2952563.6666666665
IN,2014Q1,1077058.6666666667
IN,2014Q2,1093494.0
IN,2014Q3,1070969.0
IN,2014Q4,1063303.3333333333
IN,2015Q1,1094536.6666666667
IN,2015Q2,1160728.3333333333
IN,2015Q3,1213119.3333333333
IN,2015Q4,1244926.3333333333
IN,2016Q1,1273719.6666666667
IN,2016Q2,1290370.3333333333
IN,2016Q3,1308518.3333333333
IN,2016Q4,1322007.3333333333
IN,2017Q1,1340711.3333333333
IN,2017Q2,1344308.0
IN,2017Q3,1352132.6666666667
IN,2017Q4,1349519.3333333333
IN,2018Q1,1343081.3333333333
IN,2018Q2,1331400.0
IN,2018Q3,1317294.6666666667
IN,2018Q4,1312306.3333333333
IN,2019Q1,1317100.3333333333
IN,2019Q2,1322439.6666666667
IN,2019Q3,1326660.6666666667
IN,2019Q4,1330330.0
IN,2020Q1,1355380.0
IN,2020Q2,1452318.3333333333
IN,2020Q3,1548856.3333333333
IN,2020Q4,1630833.6666666667
IN,2021Q1,1703526.3333333333
IN,2021Q2,1761990.6666666667
IN,2021Q3,1819999.3333333333
IN,2021Q4,1866191.3333333333
IN,2022Q1,1924010.0
IN,2022Q2,1970224.0
IN,2022Q3,1991168.3333333333
IN,2022Q4,2032879.3333333333
IN,2023Q1,2079235.3333333333
IN,2023Q2,2091204.3333333333
IN,2023Q3,1999850.3333333333
IN,2023Q4,1927657.6666666667
IN,2024Q1,1888686.0
IN,2024Q2,1860125.0
IN,2024Q3,1849850.6666666667
IN,2024Q4,1848454.0
KS,2014Q1,359036.3333333333
KS,2014Q2,369490.6666666667
KS,2014Q3,368142.6666666667
KS,2014Q4,368005.0
KS,2015Q1,370896.0
KS,2015Q2,372544.0
KS,2015Q3,373490.6666666667
KS,2015Q4,373924.3333333333
KS,2016Q1,376759.6666666667
KS,2016Q2,395365.3333333333
KS,2016Q3,406172.6666666667
KS,2016Q4,402342.3333333333
KS,2017Q1,381575.3333333333
KS,2017Q2,377186.6666666667
KS,2017Q3,373188.0
KS,2017Q4,361796.6666666667
KS,2018Q1,371576.3333333333
KS,2018Q2,367279.3333333333
KS,2018Q3,375074.0
KS,2018Q4,373060.6666666667
KS,2019Q1,365635.3333333333
KS,2019Q2,348815.6666666667
KS,2019Q3,358501.6666666667
KS,2019Q4,357857.3333333333
KS,2020Q1,356567.6666666667
KS,2020Q2,365021.0
KS,2020Q3,378432.3333333333
KS,2020Q4,392267.3333333333
KS,2021Q1,402645.6666666667
KS,2021Q2,411547.0
KS,2021Q3,421744.0
KS,2021Q4,431924.6666666667
KS,2022Q1,441583.3333333333
KS,2022Q2,449003.0
KS,2022Q3,455725.0
KS,2022Q4,464131.3333333333
KS,2023Q1,472134.6666666667
KS,2023Q2,460852.0
KS,2023Q3,440450.6666666667
KS,2023Q4,418634.3333333333
KS,2024Q1,399143.6666666667
KS,2024Q2,399876.0
KS,2024Q3,384951.6666666667
KS,2024Q4,385340.6666666667
KY,2014Q1,1002721.6666666666
KY,2014Q2,1099504.6666666667
KY,2014Q3,1140760.6666666667
KY,2014Q4,1212113.3333333333
KY,2015Q1,1259748.6666666667
KY,2015Q2,1269056.6666666667
KY,2015Q3,1262296.0
KY,2015Q4,1269899.0
KY,2016Q1,1279065.3333333333
KY,2016Q2,1310312.0
KY,2016Q3,1308614.0
KY,2016Q4,1316557.0
KY,2017Q1,1329612.3333333333
KY,2017Q2,1338202.0
KY,2017Q3,1345714.0
KY,2017Q4,1349775.6666666667
KY,2018Q1,1355666.0
KY,2018Q2,1332720.6666666667
KY,2018Q3,1317721.3333333333
KY,2018Q4,1296805.0
KY,2019Q1,1293211.0
KY,2019Q2,1289673.0
KY,2019Q3,1286813.6666666667
KY,2019Q4,1268487.6666666667
KY,2020Q1,1263875.0
KY,2020Q2,1374054.3333333333
KY,2020Q3,1498066.3333333333
KY,2020Q4,1514151.3333333333
KY,2021Q1,1551352.6666666667
KY,2021Q2,1565935.3333333333
KY,2021Q3,1464924.3333333333
KY,2021Q4,1486330.3333333333
KY,2022Q1,1502924.3333333333
KY,2022Q2,1522818.3333333333
KY,2022Q3,1546569.3333333333
KY,2022Q4,1569670.0
KY,2023Q1,1585420.0
KY,2023Q2,1601567.0
KY,2023Q3,1526741.0
KY,2023Q4,1488741.6666666667
KY,2024Q1,1466204.3333333333
KY,2024Q2,1439673.6666666667
KY,2024Q3,1375343.0
KY,2024Q4,1363566.6666666667
LA,2014Q1,1247928.0
LA,2014Q2,1265955.0
LA,2014Q3,1329402.0
LA,2014Q4,1348833.6666666667
LA,2015Q1,1381382.6666666667
LA,2015Q2,1414301.3333333333
LA,2015Q3,1438994.3333333333
LA,2015Q4,1455465.0
LA,2016Q1,1457594.0
LA,2016Q2,1463957.6666666667
LA,2016Q3,1561498.6666666667
LA,2016Q4,1607791.6666666667
LA,2017Q1,1658062.6666666667
LA,2017Q2,1625819.6666666667
LA,2017Q3,1631144.6666666667
LA,2017Q4,1636861.6666666667
LA,2018Q1,1646839.0
LA,2018Q2,1645273.3333333333
LA,2018Q3,1644139.6666666667
LA,2018Q4,1651888.3333333333
LA,2019Q1,1675895.0
LA,2019Q2,1609901.3333333333
LA,2019Q3,1615742.6666666667
LA,2019Q4,1606224.3333333333
LA,2020Q1,1622615.0
LA,2020Q2,1679959.3333333333
LA,2020Q3,1745795.6666666667
LA,2020Q4,1800885.6666666667
LA,2021Q1,1843682.6666666667
LA,2021Q2,1874949.3333333333
LA,2021Q3,1903239.6666666667
LA,2021Q4,1927862.6666666667
LA,2022Q1,1951194.3333333333
LA,2022Q2,4170727.6666666665
LA,2022Q3,1994480.3333333333
LA,2022Q4,2018642.3333333333
LA,2023Q1,1889664.3333333333
LA,2023Q2,2056720.3333333333
LA,2023Q3,2195708.333333333
LA,2023Q4,2131428.0
LA,2024Q1,2044508.6666666667
LA,2024Q2,1943640.0
LA,2024Q3,1885517.0
LA,2024Q4,1871522.3333333333
MA,2014Q1,1698474.6666666667
MA,2014Q2,1783727.0
MA,2014Q3,1866897.3333333333
MA,2014Q4,1951849.6666666667
MA,2015Q1,1948792.0
MA,2015Q2,1774243.6666666667
MA,2015Q3,1780364.0
MA,2015Q4,1827500.0
MA,2016Q1,1836338.3333333333
MA,2016Q2,1807845.6666666667
MA,2016Q3,1835916.6666666667
MA,2016Q4,1862783.6666666667
MA,2017Q1,1827548.0
MA,2017Q2,1815268.3333333333
MA,2017Q3,1768131.0
MA,2017Q4,1740366.0
MA,2018Q1,1878095.3333333333
MA,2018Q2,1830304.0
MA,2018Q3,1766586.0
MA,2018Q4,1739616.6666666667
MA,2019Q1,1462917.6666666667
MA,2019Q2,1450171.6666666667
MA,2019Q3,1727308.6666666667
MA,2019Q4,1706651.6666666667
MA,2020Q1,1703807.6666666667
MA,2020Q2,1705358.3333333333
MA,2020Q3,1753054.6666666667
MA,2020Q4,1784354.3333333333
MA,2021Q1,1843112.0
MA,2021Q2,1884848.3333333333
MA,2021Q3,1953086.0
MA,2021Q4,2055273.6666666667
MA,2022Q1,2053507.3333333333
MA,2022Q2,2083138.6666666667
MA,2022Q3,2125770.6666666665
MA,2022Q4,2184993.333333333
MA,2023Q1,2229437.333333333
MA,2023Q2,2278629.333333333
MA,2023Q3,2274257.6666666665
MA,2023Q4,2209795.333333333
MA,2024Q1,2074914.6666666667
MA,2024Q2,1996287.6666666667
MA,2024Q3,2003834.6666666667
MA,2024Q4,2016810.3333333333
MD,2014Q1,1053314.6666666667
MD,2014Q2,1145304.6666666667
MD,2014Q3,1149670.3333333333
MD,2014Q4,1113914.3333333333
MD,2015Q1,1174972.6666666667
MD,2015Q2,1113980.6666666667
MD,2015Q3,1078838.3333333333
MD,2015Q4,1066204.6666666667
MD,2016Q1,1086324.3333333333
MD,2016Q2,1126738.0
MD,2016Q3,1153758.6666666667
MD,2016Q4,1175188.3333333333
MD,2017Q1,1202317.0
MD,2017Q2,1213787.0
MD,2017Q3,1215368.0
MD,2017Q4,1220146.6666666667
MD,2018Q1,1233550.3333333333
MD,2018Q2,1227714.0
MD,2018Q3,1215304.3333333333
MD,2018Q4,1213467.0
MD,2019Q1,1216661.6666666667
MD,2019Q2,1227281.3333333333
MD,2019Q3,1237960.0
MD,2019Q4,1245449.3333333333
MD,2020Q1,1253110.6666666667
MD,2020Q2,1285785.0
MD,2020Q3,1327499.3333333333
MD,2020Q4,1367206.0
MD,2021Q1,1408076.3333333333
MD,2021Q2,1437092.6666666667
MD,2021Q3,1461700.3333333333
MD,2021Q4,1485104.3333333333
MD,2022Q1,1511227.0
MD,2022Q2,2851931.0
MD,2022Q3,1557655.6666666667
MD,2022Q4,1578254.3333333333
MD,2023Q1,1601418.6666666667
MD,2023Q2,1614792.0
MD,2023Q3,1581770.0
MD,2023Q4,1565632.6666666667
MD,2024Q1,1512911.3333333333
MD,2024Q2,1488057.3333333333
MD,2024Q3,1426974.0
MD,2024Q4,1372899.3333333333
ME,2014Q1,299737.3333333333
ME,2014Q2,295735.3333333333
ME,2014Q3,290375.0
ME,2014Q4,284998.0
ME,2015Q1,278316.3333333333
ME,2015Q2,276452.0
ME,2015Q3,275292.6666666667
ME,2015Q4,273214.0
ME,2016Q1,270909.0
ME,2016Q2,267887.6666666667
ME,2016Q3,264431.6666666667
ME,2016Q4,261585.66666666663
ME,2017Q1,259691.66666666663
ME,2017Q2,259469.0
ME,2017Q3,258600.0
ME,2017Q4,257078.66666666663
ME,2018Q1,256686.0
ME,2018Q2,256432.0
ME,2018Q3,252692.3333333333
ME,2018Q4,250010.3333333333
ME,2019Q1,256529.66666666663
ME,2019Q2,267016.6666666667
ME,2019Q3,277183.3333333333
ME,2019Q4,282683.3333333333
ME,2020Q1,285832.6666666667
ME,2020Q2,301338.6666666667
ME,2020Q3,314465.0
ME,2020Q4,326431.0
ME,2021Q1,336744.6666666667
ME,2021Q2,346342.6666666667
ME,2021Q3,353019.0
ME,2021Q4,358799.0
ME,2022Q1,365849.0
ME,2022Q2,377374.6666666667
ME,2022Q3,385271.0
ME,2022Q4,394347.3333333333
ME,2023Q1,407979.0
ME,2023Q2,413851.6666666667
ME,2023Q3,407454.6666666667
ME,2023Q4,401102.6666666667
ME,2024Q1,400106.6666666667
ME,2024Q2,396392.3333333333
ME,2024Q3,396745.6666666667
ME,2024Q4,378154.3333333333
MI,2014Q1,1808995.0
MI,2014Q2,2072678.0
MI,2014Q3,2127954.6666666665
MI,2014Q4,2143468.6666666665
MI,2015Q1,2230228.333333333
MI,2015Q2,2269138.6666666665
MI,2015Q3,2298231.0
MI,2015Q4,2286387.6666666665
MI,2016Q1,2316592.0
MI,2016Q2,2316305.0
MI,2016Q3,2307625.0
MI,2016Q4,2350128.333333333
MI,2017Q1,2393812.333333333
MI,2017Q2,2107279.333333333
MI,2017Q3,1612240.6666666667
MI,2017Q4,2432629.333333333
MI,2018Q1,2447338.0
MI,2018Q2,2440101.333333333
MI,2018Q3,2434395.333333333
MI,2018Q4,2423788.0
MI,2019Q1,2433139.333333333
MI,2019Q2,2402479.0
MI,2019Q3,2375436.333333333
MI,2019Q4,2384103.6666666665
MI,2020Q1,2410589.333333333
MI,2020Q2,2501887.0
MI,2020Q3,2599339.0
MI,2020Q4,2692540.333333333
MI,2021Q1,2769102.333333333
MI,2021Q2,2813740.333333333
MI,2021Q3,2847527.333333333
MI,2021Q4,2890871.6666666665
MI,2022Q1,2929334.333333333
MI,2022Q2,2960733.333333333
MI,2022Q3,3001142.333333333
MI,2022Q4,3042227.6666666665
MI,2023Q1,3082259.0
MI,2023Q2,3109684.6666666665
MI,2023Q3,3053203.0
MI,2023Q4,2832446.0
MI,2024Q1,2657247.0
MI,2024Q2,2464790.333333333
MI,2024Q3,2365379.6666666665
MI,2024Q4,2371853.333333333
MN,2014Q1,963670.6666666666
MN,2014Q2,1026671.0
MN,2014Q3,1070196.0
MN,2014Q4,1103534.6666666667
MN,2015Q1,1153600.6666666667
MN,2015Q2,1157693.3333333333
MN,2015Q3,1158247.0
MN,2015Q4,1190646.3333333333
MN,2016Q1,1178357.6666666667
MN,2016Q2,1163022.3333333333
MN,2016Q3,1159202.3333333333
MN,2016Q4,1143529.0
MN,2017Q1,1142545.3333333333
MN,2017Q2,1157744.0
MN,2017Q3,1078559.3333333333
MN,2017Q4,1088368.6666666667
MN,2018Q1,1093775.3333333333
MN,2018Q2,1096979.6666666667
MN,2018Q3,1093616.3333333333
MN,2018Q4,1079819.3333333333
MN,2019Q1,1065215.3333333333
MN,2019Q2,1058273.6666666667
MN,2019Q3,1057468.6666666667
MN,2019Q4,1051726.6666666667
MN,2020Q1,1056514.0
MN,2020Q2,1092638.6666666667
MN,2020Q3,1133440.3333333333
MN,2020Q4,1170814.0
MN,2021Q1,1206916.3333333333
MN,2021Q2,1232863.3333333333
MN,2021Q3,1258377.6666666667
MN,2021Q4,1280759.6666666667
MN,2022Q1,1307001.3333333333
MN,2022Q2,1326701.0
MN,2022Q3,1352462.0
MN,2022Q4,1380851.0
MN,2023Q1,1404802.0
MN,2023Q2,1421809.0
MN,2023Q3,1391424.3333333333
MN,2023Q4,1361521.6666666667
MN,2024Q1,1272915.6666666667
MN,2024Q2,1195697.6666666667
MN,2024Q3,1191418.0
MN,2024Q4,1177608.3333333333
MO,2014Q1,783371.0
MO,2014Q2,777803.6666666666
MO,2014Q3,796792.3333333334
MO,2014Q4,833203.0
MO,2015Q1,869805.0
MO,2015Q2,916203.0
MO,2015Q3,934890.3333333334
MO,2015Q4,951777.0
MO,2016Q1,966336.0
MO,2016Q2,975557.3333333334
MO,2016Q3,978994.3333333334
MO,2016Q4,988131.6666666666
MO,2017Q1,987225.3333333334
MO,2017Q2,982763.6666666666
MO,2017Q3,975779.3333333334
MO,2017Q4,969437.0
MO,2018Q1,963390.0
MO,2018Q2,962560.6666666666
MO,2018Q3,938083.6666666666
MO,2018Q4,905763.3333333334
MO,2019Q1,889020.3333333334
MO,2019Q2,858937.6666666666
MO,2019Q3,838997.6666666666
MO,2019Q4,837560.0
MO,2020Q1,837966.3333333334
MO,2020Q2,902855.0
MO,2020Q3,955042.0
MO,2020Q4,996597.0
MO,2021Q1,1028149.0
MO,2021Q2,1059809.0
MO,2021Q3,1085323.6666666667
MO,2021Q4,1135420.3333333333
MO,2022Q1,1191943.3333333333
MO,2022Q2,1263844.6666666667
MO,2022Q3,1345694.6666666667
MO,2022Q4,1413574.0
MO,2023Q1,1472011.3333333333
MO,2023Q2,1500431.0
MO,2023Q3,1464300.6666666667
MO,2023Q4,1402820.6666666667
MO,2024Q1,1328407.3333333333
MO,2024Q2,1254017.3333333333
MO,2024Q3,1225167.6666666667
MO,2024Q4,1224405.6666666667
MP,2014Q1,17000.0
MP,2014Q2,17000.0
MP,2014Q3,17000.0
MP,2014Q4,17000.0
MP,2015Q1,17000.0
MP,2015Q2,17000.0
MP,2015Q3,17000.0
MP,2015Q4,17000.0
MP,2016Q1,17000.0
MP,2016Q2,17000.0
MP,2016Q3,17000.0
MP,2016Q4,15472.0
MP,2017Q1,15472.0
MP,2017Q2,15472.0
MP,2017Q3,15472.0
MP,2017Q4,1071.3333333333333
MP,2018Q1,1387.0
MP,2018Q2,1342.6666666666667
MP,2018Q3,17021.0
MP,2018Q4,15994.666666666666
MP,2019Q1,16125.666666666666
MP,2019Q2,16337.0
MP,2019Q3,16554.333333333332
MP,2019Q4,16110.666666666666
MP,2020Q1,16435.666666666668
MP,2020Q2,15952.666666666666
MP,2020Q3,16462.0
MP,2020Q4,15786.0
MP,2021Q1,16010.333333333334
MP,2021Q2,16668.666666666668
MP,2021Q3,16305.0
MP,2021Q4,15397.666666666666
MP,2022Q1,15277.0
MP,2022Q2,19700.0
MP,2022Q3,21511.0
MP,2022Q4,20648.0
MP,2023Q1,20648.0
MP,2023Q2,20620.0
MP,2023Q3,15837.666666666666
MP,2023Q4,15669.666666666666
MP,2024Q1,19747.33333333333
MP,2024Q2,20936.666666666668
MP,2024Q3,17114.666666666668
MP,2024Q4,17114.666666666668
MS,2014Q1,653320.3333333334
MS,2014Q2,682017.0
MS,2014Q3,700201.0
MS,2014Q4,719890.3333333334
MS,2015Q1,745445.3333333334
MS,2015Q2,743358.0
MS,2015Q3,733922.0
MS,2015Q4,725012.3333333334
MS,2016Q1,728075.0
MS,2016Q2,727804.3333333334
MS,2016Q3,719768.3333333334
MS,2016Q4,713800.0
MS,2017Q1,713307.6666666666
MS,2017Q2,712256.6666666666
MS,2017Q3,708525.3333333334
MS,2017Q4,704534.3333333334
MS,2018Q1,696256.0
MS,2018Q2,687221.0
MS,2018Q3,677417.0
MS,2018Q4,672875.6666666666
MS,2019Q1,674603.3333333334
MS,2019Q2,674250.6666666666
MS,2019Q3,672577.6666666666
MS,2019Q4,672181.0
MS,2020Q1,671046.3333333334
MS,2020Q2,684695.3333333334
MS,2020Q3,713047.3333333334
MS,2020Q4,735130.6666666666
MS,2021Q1,752850.3333333334
MS,2021Q2,768287.6666666666
MS,2021Q3,781131.0
MS,2021Q4,792699.0
MS,2022Q1,802427.3333333334
MS,2022Q2,810856.6666666666
MS,2022Q3,821454.0
MS,2022Q4,835375.0
MS,2023Q1,849869.6666666666
MS,2023Q2,859587.3333333334
MS,2023Q3,814612.0
MS,2023Q4,768278.6666666666
MS,2024Q1,749043.0
MS,2024Q2,684747.3333333334
MS,2024Q3,656481.0
MS,2024Q4,656719.0
MT,2014Q1,148270.66666666666
MT,2014Q2,150069.33333333334
MT,2014Q3,146031.66666666666
MT,2014Q4,151561.66666666666
MT,2015Q1,128554.0
MT,2015Q2,131958.66666666666
MT,2015Q3,135499.66666666666
MT,2015Q4,138506.66666666666
MT,2016Q1,196647.0
MT,2016Q2,206482.0
MT,2016Q3,209136.66666666663
MT,2016Q4,223526.0
MT,2017Q1,226381.66666666663
MT,2017Q2,239372.0
MT,2017Q3,242843.66666666663
MT,2017Q4,246575.66666666663
MT,2018Q1,257005.0
MT,2018Q2,259752.3333333333
MT,2018Q3,257077.0
MT,2018Q4,257472.0
MT,2019Q1,258001.0
MT,2019Q2,255379.66666666663
MT,2019Q3,252092.3333333333
MT,2019Q4,248085.0
MT,2020Q1,240144.3333333333
MT,2020Q2,243010.0
MT,2020Q3,251398.66666666663
MT,2020Q4,261797.3333333333
MT,2021Q1,270313.3333333333
MT,2021Q2,275899.6666666667
MT,2021Q3,281404.6666666667
MT,2021Q4,287018.0
MT,2022Q1,292913.3333333333
MT,2022Q2,296747.3333333333
MT,2022Q3,300662.0
MT,2022Q4,306599.3333333333
MT,2023Q1,312812.0
MT,2023Q2,310275.3333333333
MT,2023Q3,274635.0
MT,2023Q4,246243.3333333333
MT,2024Q1,235771.3333333333
MT,2024Q2,229313.0
MT,2024Q3,220762.3333333333
MT,2024Q4,214296.0
NC,2014Q1,1817853.3333333333
NC,2014Q2,1857726.0
NC,2014Q3,1890528.3333333333
NC,2014Q4,1924695.0
NC,2015Q1,1964400.6666666667
NC,2015Q2,1975593.0
NC,2015Q3,1975321.0
NC,2015Q4,1994253.6666666667
NC,2016Q1,2031892.0
NC,2016Q2,2040774.6666666667
NC,2016Q3,2056434.6666666667
NC,2016Q4,2080202.6666666667
NC,2017Q1,2091461.6666666667
NC,2017Q2,2089079.3333333333
NC,2017Q3,2069763.3333333333
NC,2017Q4,2137631.0
NC,2018Q1,2155117.0
NC,2018Q2,2164444.333333333
NC,2018Q3,2180959.333333333
NC,2018Q4,2180708.333333333
NC,2019Q1,2171385.0
NC,2019Q2,2136004.333333333
NC,2019Q3,2173067.0
NC,2019Q4,2165236.0
NC,2020Q1,2153833.6666666665
NC,2020Q2,2213258.333333333
NC,2020Q3,2289944.0
NC,2020Q4,2380372.0
NC,2021Q1,2453310.6666666665
NC,2021Q2,2512176.333333333
NC,2021Q3,2579149.333333333
NC,2021Q4,2647661.0
NC,2022Q1,2713350.333333333
NC,2022Q2,2763901.0
NC,2022Q3,2825201.333333333
NC,2022Q4,2886698.333333333
NC,2023Q1,2944013.0
NC,2023Q2,3011706.6666666665
NC,2023Q3,2956922.0
NC,2023Q4,2955245.6666666665
NC,2024Q1,3017497.333333333
NC,2024Q2,3044770.333333333
NC,2024Q3,3072878.6666666665
NC,2024Q4,3115827.333333333
ND,2014Q1,77848.0
ND,2014Q2,80475.0
ND,2014Q3,79207.66666666667
ND,2014Q4,82088.66666666667
ND,2015Q1,86128.33333333333
ND,2015Q2,86825.0
ND,2015Q3,86668.66666666667
ND,2015Q4,87131.66666666667
ND,2016Q1,91794.0
ND,2016Q2,93247.33333333331
ND,2016Q3,93377.0
ND,2016Q4,93473.0
ND,2017Q1,92094.66666666669
ND,2017Q2,92350.66666666669
ND,2017Q3,92164.5
ND,2017Q4,93110.66666666669
ND,2018Q1,93162.0
ND,2018Q2,93856.0
ND,2018Q3,92224.66666666669
ND,2018Q4,90829.66666666669
ND,2019Q1,89512.66666666667
ND,2019Q2,89836.33333333333
ND,2019Q3,88958.66666666667
ND,2019Q4,88656.33333333333
ND,2020Q1,89978.33333333333
ND,2020Q2,94455.0
ND,2020Q3,102093.33333333331
ND,2020Q4,109145.66666666669
ND,2021Q1,111339.0
ND,2021Q2,114918.66666666669
ND,2021Q3,113420.33333333331
ND,2021Q4,118304.0
ND,2022Q1,121531.66666666669
ND,2022Q2,124499.33333333331
ND,2022Q3,127539.33333333331
ND,2022Q4,130585.33333333331
ND,2023Q1,134089.0
ND,2023Q2,135983.66666666666
ND,2023Q3,123595.33333333331
ND,2023Q4,117393.66666666669
ND,2024Q1,111087.0
ND,2024Q2,105558.33333333331
ND,2024Q3,106143.66666666669
ND,2024Q4,107198.33333333331
NE,2014Q1,234837.66666666663
NE,2014Q2,234534.0
NE,2014Q3,234866.0
NE,2014Q4,235203.3333333333
NE,2015Q1,235405.0
NE,2015Q2,233385.3333333333
NE,2015Q3,231824.0
NE,2015Q4,233169.3333333333
NE,2016Q1,234555.0
NE,2016Q2,236627.66666666663
NE,2016Q3,237685.3333333333
NE,2016Q4,239195.66666666663
NE,2017Q1,240132.66666666663
NE,2017Q2,240964.0
NE,2017Q3,259047.3333333333
NE,2017Q4,242860.3333333333
NE,2018Q1,246703.3333333333
NE,2018Q2,247011.66666666663
NE,2018Q3,245673.0
NE,2018Q4,244690.66666666663
NE,2019Q1,244896.0
NE,2019Q2,243623.66666666663
NE,2019Q3,241609.0
NE,2019Q4,237580.3333333333
NE,2020Q1,238864.66666666663
NE,2020Q2,245028.3333333333
NE,2020Q3,254702.3333333333
NE,2020Q4,292901.3333333333
NE,2021Q1,311750.6666666667
NE,2021Q2,326237.6666666667
NE,2021Q3,334842.3333333333
NE,2021Q4,349679.3333333333
NE,2022Q1,361824.3333333333
NE,2022Q2,375895.3333333333
NE,2022Q3,377983.6666666667
NE,2022Q4,387331.3333333333
NE,2023Q1,396163.0
NE,2023Q2,400764.0
NE,2023Q3,387581.6666666667
NE,2023Q4,372487.6666666667
NE,2024Q1,360684.6666666667
NE,2024Q2,350884.3333333333
NE,2024Q3,346170.0
NE,2024Q4,342350.0
NH,2014Q1,134475.0
NH,2014Q2,138608.0
NH,2014Q3,151625.0
NH,2014Q4,164957.0
NH,2015Q1,177542.33333333334
NH,2015Q2,181618.0
NH,2015Q3,184398.0
NH,2015Q4,186721.3333333333
NH,2016Q1,191189.0
NH,2016Q2,190214.66666666663
NH,2016Q3,189125.0
NH,2016Q4,203535.66666666663
NH,2017Q1,204552.66666666663
NH,2017Q2,192123.66666666663
NH,2017Q3,190677.0
NH,2017Q4,191069.0
NH,2018Q1,190611.3333333333
NH,2018Q2,188675.0
NH,2018Q3,187126.0
NH,2018Q4,185878.3333333333
NH,2019Q1,184983.3333333333
NH,2019Q2,182051.66666666663
NH,2019Q3,180449.66666666663
NH,2019Q4,180971.66666666663
NH,2020Q1,182648.0
NH,2020Q2,190711.3333333333
NH,2020Q3,198237.0
NH,2020Q4,206438.0
NH,2021Q1,213352.66666666663
NH,2021Q2,217320.0
NH,2021Q3,220918.3333333333
NH,2021Q4,226012.3333333333
NH,2022Q1,229563.66666666663
NH,2022Q2,231079.3333333333
NH,2022Q3,232814.66666666663
NH,2022Q4,235615.3333333333
NH,2023Q1,238673.66666666663
NH,2023Q2,213121.3333333333
NH,2023Q3,188074.3333333333
NH,2023Q4,181613.3333333333
NH,2024Q1,182014.66666666663
NH,2024Q2,181721.0
NH,2024Q3,183146.0
NH,2024Q4,182381.66666666663
NJ,2014Q1,1418654.6666666667
NJ,2014Q2,1518529.3333333333
NJ,2014Q3,1585111.6666666667
NJ,2014Q4,1640356.0
NJ,2015Q1,1702086.6666666667
NJ,2015Q2,1732712.3333333333
NJ,2015Q3,1717624.0
NJ,2015Q4,1695590.3333333333
NJ,2016Q1,1702818.6666666667
NJ,2016Q2,1702209.0
NJ,2016Q3,1696926.3333333333
NJ,2016Q4,1706122.0
NJ,2017Q1,1718031.3333333333
NJ,2017Q2,1707938.0
NJ,2017Q3,1656112.6666666667
NJ,2017Q4,1697427.0
NJ,2018Q1,1696414.0
NJ,2018Q2,1691372.6666666667
NJ,2018Q3,1683237.3333333333
NJ,2018Q4,1661822.3333333333
NJ,2019Q1,1641006.0
NJ,2019Q2,1598102.6666666667
NJ,2019Q3,1612776.6666666667
NJ,2019Q4,1604914.6666666667
NJ,2020Q1,1594089.3333333333
NJ,2020Q2,1643337.0
NJ,2020Q3,1709909.3333333333
NJ,2020Q4,1777972.6666666667
NJ,2021Q1,1831061.0
NJ,2021Q2,1871347.3333333333
NJ,2021Q3,1911291.6666666667
NJ,2021Q4,1950771.6666666667
NJ,2022Q1,1988125.0
NJ,2022Q2,2012417.0
NJ,2022Q3,2037093.6666666667
NJ,2022Q4,2064464.0
NJ,2023Q1,2114591.0
NJ,2023Q2,2152162.0
NJ,2023Q3,2147700.6666666665
NJ,2023Q4,2009489.0
NJ,2024Q1,1912577.6666666667
NJ,2024Q2,1808384.0
NJ,2024Q3,1702937.0
NJ,2024Q4,1684135.0
NM,2014Q1,634002.0
NM,2014Q2,678716.3333333334
NM,2014Q3,719601.0
NM,2014Q4,747771.6666666666
NM,2015Q1,780569.6666666666
NM,2015Q2,800366.3333333334
NM,2015Q3,823341.3333333334
NM,2015Q4,836987.3333333334
NM,2016Q1,853089.0
NM,2016Q2,863801.6666666666
NM,2016Q3,879248.0
NM,2016Q4,881068.3333333334
NM,2017Q1,905957.6666666666
NM,2017Q2,903355.0
NM,2017Q3,876594.3333333334
NM,2017Q4,855981.6666666666
NM,2018Q1,859378.3333333334
NM,2018Q2,848042.0
NM,2018Q3,833604.6666666666
NM,2018Q4,834189.3333333334
NM,2019Q1,835147.3333333334
NM,2019Q2,830416.0
NM,2019Q3,829129.6666666666
NM,2019Q4,831013.3333333334
NM,2020Q1,833443.3333333334
NM,2020Q2,855199.3333333334
NM,2020Q3,880175.3333333334
NM,2020Q4,901119.3333333334
NM,2021Q1,918920.3333333334
NM,2021Q2,930261.0
NM,2021Q3,943103.6666666666
NM,2021Q4,951273.3333333334
NM,2022Q1,965309.0
NM,2022Q2,972625.6666666666
NM,2022Q3,982044.6666666666
NM,2022Q4,986869.3333333334
NM,2023Q1,994323.0
NM,2023Q2,967862.3333333334
NM,2023Q3,898978.3333333334
NM,2023Q4,896826.3333333334
NM,2024Q1,887423.0
NM,2024Q2,881800.6666666666
NM,2024Q3,887980.0
NM,2024Q4,858963.3333333334
NV,2014Q1,375691.6666666667
NV,2014Q2,466724.6666666667
NV,2014Q3,545434.0
NV,2014Q4,541971.6666666666
NV,2015Q1,525307.3333333334
NV,2015Q2,525968.3333333334
NV,2015Q3,560198.3333333334
NV,2015Q4,574905.3333333334
NV,2016Q1,589141.6666666666
NV,2016Q2,590801.0
NV,2016Q3,594836.3333333334
NV,2016Q4,601304.6666666666
NV,2017Q1,604565.0
NV,2017Q2,607591.3333333334
NV,2017Q3,591358.0
NV,2017Q4,593741.3333333334
NV,2018Q1,598776.3333333334
NV,2018Q2,600836.3333333334
NV,2018Q3,601428.0
NV,2018Q4,595185.6666666666
NV,2019Q1,588450.0
NV,2019Q2,588139.3333333334
NV,2019Q3,588055.0
NV,2019Q4,583803.0
NV,2020Q1,582305.6666666666
NV,2020Q2,626920.0
NV,2020Q3,670785.6666666666
NV,2020Q4,703152.3333333334
NV,2021Q1,729548.0
NV,2021Q2,748063.6666666666
NV,2021Q3,763191.6666666666
NV,2021Q4,774734.0
NV,2022Q1,792622.0
NV,2022Q2,805413.3333333334
NV,2022Q3,825640.0
NV,2022Q4,825785.3333333334
NV,2023Q1,836762.3333333334
NV,2023Q2,849161.0
NV,2023Q3,838824.0
NV,2023Q4,818508.6666666666
NV,2024Q1,805259.6666666666
NV,2024Q2,747207.3333333334
NV,2024Q3,713247.3333333334
NV,2024Q4,715784.6666666666
NY,2014Q1,2118520.0
NY,2014Q2,5763402.666666667
NY,2014Q3,5849728.0
NY,2014Q4,5963999.333333333
NY,2015Q1,6104954.666666667
NY,2015Q2,6655606.333333333
NY,2015Q3,6596058.333333333
NY,2015Q4,6309165.333333333
NY,2016Q1,6151755.666666667
NY,2016Q2,6127780.333333333
NY,2016Q3,6119869.0
NY,2016Q4,6093051.333333333
NY,2017Q1,6094997.333333333
NY,2017Q2,6121836.0
NY,2017Q3,6106654.0
NY,2017Q4,6141576.0
NY,2018Q1,6168095.666666667
NY,2018Q2,6160723.666666667
NY,2018Q3,6155684.333333333
NY,2018Q4,6150913.666666667
NY,2019Q1,6139991.0
NY,2019Q2,6095223.0
NY,2019Q3,6107596.333333333
NY,2019Q4,6086837.0
NY,2020Q1,6065989.333333333
NY,2020Q2,6270436.666666667
NY,2020Q3,6513092.333333333
NY,2020Q4,6707414.0
NY,2021Q1,6891325.333333333
NY,2021Q2,7019416.333333333
NY,2021Q3,7177344.333333333
NY,2021Q4,7299709.666666667
NY,2022Q1,7394283.666666667
NY,2022Q2,7469425.666666667
NY,2022Q3,7581013.666666667
NY,2022Q4,7702166.333333333
NY,2023Q1,7834377.333333333
NY,2023Q2,7955525.0
NY,2023Q3,7817652.333333333
NY,2023Q4,7613179.333333333
NY,2024Q1,7365472.0
NY,2024Q2,7099787.666666667
NY,2024Q3,6984580.333333333
NY,2024Q4,6954550.333333333
OH,2014Q1,2525791.0
OH,2014Q2,2704811.6666666665
OH,2014Q3,2822278.6666666665
OH,2014Q4,2898000.0
OH,2015Q1,3025517.333333333
OH,2015Q2,3075711.6666666665
OH,2015Q3,3056696.0
OH,2015Q4,3144226.6666666665
OH,2016Q1,3160755.0
OH,2016Q2,3105967.0
OH,2016Q3,3052833.0
OH,2016Q4,3062046.6666666665
OH,2017Q1,3080616.6666666665
OH,2017Q2,3079689.0
OH,2017Q3,3048904.0
OH,2017Q4,3040206.6666666665
OH,2018Q1,3012423.6666666665
OH,2018Q2,2962712.0
OH,2018Q3,2927230.0
OH,2018Q4,2880530.0
OH,2019Q1,2845402.333333333
OH,2019Q2,2800104.333333333
OH,2019Q3,2825976.6666666665
OH,2019Q4,2787555.333333333
OH,2020Q1,2757556.0
OH,2020Q2,2887718.0
OH,2020Q3,2942478.0
OH,2020Q4,3125999.333333333
OH,2021Q1,3194655.333333333
OH,2021Q2,3246665.0
OH,2021Q3,3305806.0
OH,2021Q4,3364563.0
OH,2022Q1,3418973.6666666665
OH,2022Q2,3459929.333333333
OH,2022Q3,3484553.333333333
OH,2022Q4,3537770.0
OH,2023Q1,3627297.6666666665
OH,2023Q2,3618788.6666666665
OH,2023Q3,3474786.333333333
OH,2023Q4,3341900.0
OH,2024Q1,3249536.6666666665
OH,2024Q2,3149224.333333333
OH,2024Q3,3108944.333333333
OH,2024Q4,3094191.0
OK,2014Q1,762574.3333333334
OK,2014Q2,737985.3333333334
OK,2014Q3,754773.0
OK,2014Q4,753331.6666666666
OK,2015Q1,748960.3333333334
OK,2015Q2,758565.3333333334
OK,2015Q3,697406.6666666666
OK,2015Q4,684158.3333333334
OK,2016Q1,666786.0
OK,2016Q2,660313.0
OK,2016Q3,670541.6666666666
OK,2016Q4,678001.6666666666
OK,2017Q1,679641.3333333334
OK,2017Q2,675692.6666666666
OK,2017Q3,669365.6666666666
OK,2017Q4,661396.3333333334
OK,2018Q1,651388.6666666666
OK,2018Q2,650472.6666666666
OK,2018Q3,651897.6666666666
OK,2018Q4,647649.6666666666
OK,2019Q1,641332.6666666666
OK,2019Q2,640718.6666666666
OK,2019Q3,645974.3333333334
OK,2019Q4,639366.3333333334
OK,2020Q1,643023.6666666666
OK,2020Q2,696884.6666666666
OK,2020Q3,749078.3333333334
OK,2020Q4,790520.3333333334
OK,2021Q1,815059.0
OK,2021Q2,833734.3333333334
OK,2021Q3,925393.3333333334
OK,2021Q4,1058042.3333333333
OK,2022Q1,1103326.3333333333
OK,2022Q2,1139145.6666666667
OK,2022Q3,1185053.6666666667
OK,2022Q4,1219591.3333333333
OK,2023Q1,1251324.6666666667
OK,2023Q2,1243144.6666666667
OK,2023Q3,1158626.0
OK,2023Q4,1020254.6666666666
OK,2024Q1,1011640.3333333334
OK,2024Q2,983070.0
OK,2024Q3,982299.3333333334
OK,2024Q4,972180.6666666666
OR,2014Q1,960737.6666666666
OR,2014Q2,965964.0
OR,2014Q3,994433.3333333334
OR,2014Q4,1013541.0
OR,2015Q1,1065066.0
OR,2015Q2,1097998.0
OR,2015Q3,1089608.0
OR,2015Q4,1071514.6666666667
OR,2016Q1,1098303.6666666667
OR,2016Q2,1080119.3333333333
OR,2016Q3,1033315.6666666666
OR,2016Q4,1001882.3333333334
OR,2017Q1,994107.3333333334
OR,2017Q2,1012950.0
OR,2017Q3,978692.0
OR,2017Q4,965543.3333333334
OR,2018Q1,960257.0
OR,2018Q2,957699.0
OR,2018Q3,954984.6666666666
OR,2018Q4,955111.0
OR,2019Q1,963173.0
OR,2019Q2,962991.0
OR,2019Q3,962710.3333333334
OR,2019Q4,968203.0
OR,2020Q1,979283.6666666666
OR,2020Q2,1021751.0
OR,2020Q3,1061010.6666666667
OR,2020Q4,1104632.0
OR,2021Q1,1143604.6666666667
OR,2021Q2,1162912.0
OR,2021Q3,1185055.3333333333
OR,2021Q4,1206366.0
OR,2022Q1,1230270.3333333333
OR,2022Q2,1248745.3333333333
OR,2022Q3,1275239.6666666667
OR,2022Q4,1293361.6666666667
OR,2023Q1,1318042.0
OR,2023Q2,1341424.3333333333
OR,2023Q3,1347756.0
OR,2023Q4,1331191.6666666667
OR,2024Q1,1298126.0
OR,2024Q2,1280102.3333333333
OR,2024Q3,1276308.0
OR,2024Q4,1300680.3333333333
PA,2014Q1,2075442.0
PA,2014Q2,2102136.6666666665
PA,2014Q3,2085016.3333333333
PA,2014Q4,2086113.0
PA,2015Q1,2376836.0
PA,2015Q2,2512299.0
PA,2015Q3,2585787.0
PA,2015Q4,2642836.6666666665
PA,2016Q1,2715743.333333333
PA,2016Q2,2758595.0
PA,2016Q3,2789370.333333333
PA,2016Q4,2811331.333333333
PA,2017Q1,2850454.6666666665
PA,2017Q2,2849530.333333333
PA,2017Q3,2759163.0
PA,2017Q4,2723214.0
PA,2018Q1,2744836.333333333
PA,2018Q2,2732714.6666666665
PA,2018Q3,2876101.333333333
PA,2018Q4,2858014.0
PA,2019Q1,2861822.333333333
PA,2019Q2,2858732.6666666665
PA,2019Q3,2844503.6666666665
PA,2019Q4,2827303.333333333
PA,2020Q1,2833186.0
PA,2020Q2,2929918.0
PA,2020Q3,3035281.333333333
PA,2020Q4,3127815.6666666665
PA,2021Q1,3214154.6666666665
PA,2021Q2,3274376.0
PA,2021Q3,3335824.0
PA,2021Q4,3402413.333333333
PA,2022Q1,3460141.333333333
PA,2022Q2,3510264.0
PA,2022Q3,3563464.0
PA,2022Q4,3615802.0
PA,2023Q1,3674688.6666666665
PA,2023Q2,3681047.3333333335
PA,2023Q3,3528116.6666666665
PA,2023Q4,3342062.0
PA,2024Q1,3201595.333333333
PA,2024Q2,3031064.333333333
PA,2024Q3,2993647.0
PA,2024Q4,2991915.0
PR,2014Q1,1315722.0
PR,2014Q2,1227357.6666666667
PR,2014Q3,1791646.6666666667
PR,2014Q4,1343084.0
PR,2015Q1,1128136.3333333333
PR,2015Q2,1123700.0
PR,2015Q3,1111919.6666666667
PR,2015Q4,1322290.3333333333
PR,2016Q1,1288133.6666666667
PR,2016Q2,1273686.3333333333
PR,2016Q3,1278524.3333333333
PR,2016Q4,1281075.0
PR,2017Q1,1249693.0
PR,2017Q2,1261764.3333333333
PR,2017Q3,1234244.0
PR,2017Q4,1242147.3333333333
PR,2018Q1,1262539.6666666667
PR,2018Q2,1275169.6666666667
PR,2018Q3,1255491.6666666667
PR,2018Q4,1231235.3333333333
PR,2019Q1,1207282.0
PR,2019Q2,1231304.3333333333
PR,2019Q3,1161542.6666666667
PR,2019Q4,1167571.0
PR,2020Q1,1151624.6666666667
PR,2020Q2,1162666.6666666667
PR,2020Q3,1190864.6666666667
PR,2020Q4,1260051.6666666667
PR,2021Q1,1388531.3333333333
PR,2021Q2,1414378.0
PR,2021Q3,1436039.6666666667
PR,2021Q4,1438562.3333333333
PR,2022Q1,1447054.3333333333
PR,2022Q2,1458452.0
PR,2022Q3,1473779.6666666667
PR,2022Q4,1494320.0
PR,2023Q1,1508394.0
PR,2023Q2,1525733.0
PR,2023Q3,1525904.3333333333
PR,2023Q4,1529332.6666666667
PR,2024Q1,1421092.6666666667
PR,2024Q2,1402269.0
PR,2024Q3,1366627.3333333333
PR,2024Q4,1354819.3333333333
RI,2014Q1,236095.0
RI,2014Q2,257892.3333333333
RI,2014Q3,263271.3333333333
RI,2014Q4,266400.6666666667
RI,2015Q1,273303.0
RI,2015Q2,275432.6666666667
RI,2015Q3,277181.0
RI,2015Q4,277133.0
RI,2016Q1,280390.0
RI,2016Q2,281826.3333333333
RI,2016Q3,285220.0
RI,2016Q4,290357.3333333333
RI,2017Q1,302152.6666666667
RI,2017Q2,310248.6666666667
RI,2017Q3,310419.3333333333
RI,2017Q4,309330.0
RI,2018Q1,309026.3333333333
RI,2018Q2,309148.6666666667
RI,2018Q3,309060.0
RI,2018Q4,308324.0
RI,2019Q1,304989.6666666667
RI,2019Q2,301080.6666666667
RI,2019Q3,297897.6666666667
RI,2019Q4,291180.6666666667
RI,2020Q1,288143.6666666667
RI,2020Q2,299125.0
RI,2020Q3,307870.0
RI,2020Q4,316760.0
RI,2021Q1,331100.0
RI,2021Q2,329581.0
RI,2021Q3,334515.3333333333
RI,2021Q4,338846.3333333333
RI,2022Q1,342095.3333333333
RI,2022Q2,345802.0
RI,2022Q3,345624.6666666667
RI,2022Q4,349166.6666666667
RI,2023Q1,358693.0
RI,2023Q2,362387.0
RI,2023Q3,360578.3333333333
RI,2023Q4,346808.3333333333
RI,2024Q1,332370.0
RI,2024Q2,313946.3333333333
RI,2024Q3,308972.0
RI,2024Q4,129774.33333333331
SC,2014Q1,1039117.3333333334
SC,2014Q2,1085082.0
SC,2014Q3,1152322.0
SC,2014Q4,1188550.3333333333
SC,2015Q1,1198877.0
SC,2015Q2,1212541.6666666667
SC,2015Q3,1216055.0
SC,2015Q4,1169052.0
SC,2016Q1,1195425.3333333333
SC,2016Q2,1227287.3333333333
SC,2016Q3,1232724.3333333333
SC,2016Q4,1260202.6666666667
SC,2017Q1,1257655.0
SC,2017Q2,1248809.6666666667
SC,2017Q3,1227813.3333333333
SC,2017Q4,1256267.3333333333
SC,2018Q1,1258796.3333333333
SC,2018Q2,1249390.3333333333
SC,2018Q3,1261593.0
SC,2018Q4,1264790.6666666667
SC,2019Q1,1268650.3333333333
SC,2019Q2,1259245.6666666667
SC,2019Q3,1292867.0
SC,2019Q4,1283887.6666666667
SC,2020Q1,1263507.6666666667
SC,2020Q2,1288982.3333333333
SC,2020Q3,1323757.0
SC,2020Q4,1364945.3333333333
SC,2021Q1,1396635.6666666667
SC,2021Q2,1425105.6666666667
SC,2021Q3,1450854.6666666667
SC,2021Q4,1474073.0
SC,2022Q1,1501832.0
SC,2022Q2,1526518.0
SC,2022Q3,1555037.0
SC,2022Q4,1582717.3333333333
SC,2023Q1,1597676.6666666667
SC,2023Q2,1595017.0
SC,2023Q3,1558570.6666666667
SC,2023Q4,1520844.6666666667
SC,2024Q1,1479578.6666666667
SC,2024Q2,1405861.3333333333
SC,2024Q3,1304406.0
SC,2024Q4,1282540.6666666667
SD,2014Q1,106393.33333333331
SD,2014Q2,108575.66666666669
SD,2014Q3,107657.33333333331
SD,2014Q4,107943.66666666669
SD,2015Q1,109413.66666666669
SD,2015Q2,109644.33333333331
SD,2015Q3,109359.33333333331
SD,2015Q4,108511.33333333331
SD,2016Q1,108645.66666666669
SD,2016Q2,108252.66666666669
SD,2016Q3,108328.66666666669
SD,2016Q4,107678.66666666669
SD,2017Q1,108108.66666666669
SD,2017Q2,106749.66666666669
SD,2017Q3,106148.0
SD,2017Q4,86679.0
SD,2018Q1,105670.66666666669
SD,2018Q2,105750.66666666669
SD,2018Q3,105072.66666666669
SD,2018Q4,104184.33333333331
SD,2019Q1,104397.0
SD,2019Q2,104330.66666666669
SD,2019Q3,103702.33333333331
SD,2019Q4,102781.66666666669
SD,2020Q1,102919.33333333331
SD,2020Q2,105966.66666666669
SD,2020Q3,110659.66666666669
SD,2020Q4,114365.0
SD,2021Q1,117248.0
SD,2021Q2,119988.0
SD,2021Q3,122718.0
SD,2021Q4,125296.0
SD,2022Q1,127676.33333333331
SD,2022Q2,130301.0
SD,2022Q3,133077.66666666666
SD,2022Q4,134996.0
SD,2023Q1,136963.33333333334
SD,2023Q2,118342.33333333331
SD,2023Q3,109158.66666666669
SD,2023Q4,112026.66666666669
SD,2024Q1,117712.33333333331
SD,2024Q2,123135.0
SD,2024Q3,130451.0
SD,2024Q4,135117.33333333334
TN,2014Q1,1351918.6666666667
TN,2014Q2,1417619.6666666667
TN,2014Q3,1451512.0
TN,2014Q4,1495442.0
TN,2015Q1,1540439.3333333333
TN,2015Q2,1574706.3333333333
TN,2015Q3,1614454.6666666667
TN,2015Q4,1646447.0
TN,2016Q1,1683381.0
TN,2016Q2,1709045.6666666667
TN,2016Q3,1722048.6666666667
TN,2016Q4,1716006.6666666667
TN,2017Q1,1674428.6666666667
TN,2017Q2,1597986.6666666667
TN,2017Q3,1576490.0
TN,2017Q4,1614361.3333333333
TN,2018Q1,1620346.3333333333
TN,2018Q2,1587050.0
TN,2018Q3,1518018.0
TN,2018Q4,1509166.3333333333
TN,2019Q1,1542456.0
TN,2019Q2,1582111.6666666667
TN,2019Q3,1590447.0
TN,2019Q4,1581407.0
TN,2020Q1,1587778.6666666667
TN,2020Q2,1588299.0
TN,2020Q3,1633314.0
TN,2020Q4,1653200.0
TN,2021Q1,1682486.0
TN,2021Q2,1708400.3333333333
TN,2021Q3,1733338.0
TN,2021Q4,1758191.6666666667
TN,2022Q1,1782641.6666666667
TN,2022Q2,1804462.0
TN,2022Q3,1829184.6666666667
TN,2022Q4,1854395.6666666667
TN,2023Q1,1880041.3333333333
TN,2023Q2,1902793.6666666667
TN,2023Q3,1870392.6666666667
TN,2023Q4,1783662.3333333333
TN,2024Q1,1676300.6666666667
TN,2024Q2,1571835.3333333333
TN,2024Q3,1534551.3333333333
TN,2024Q4,1519717.3333333333
TX,2014Q1,3928145.0
TX,2014Q2,4051277.6666666665
TX,2014Q3,4204354.333333333
TX,2014Q4,4320708.0
TX,2015Q1,4329341.666666667
TX,2015Q2,4287287.666666667
TX,2015Q3,4295774.666666667
TX,2015Q4,4317089.0
TX,2016Q1,4326233.666666667
TX,2016Q2,4303974.666666667
TX,2016Q3,4334443.0
TX,2016Q4,4354205.666666667
TX,2017Q1,4344626.333333333
TX,2017Q2,4312748.0
TX,2017Q3,4318695.666666667
TX,2017Q4,4336146.666666667
TX,2018Q1,4305496.333333333
TX,2018Q2,4262989.0
TX,2018Q3,4257470.0
TX,2018Q4,4235451.0
TX,2019Q1,4206232.0
TX,2019Q2,4133346.3333333335
TX,2019Q3,4163431.0
TX,2019Q4,4150263.3333333335
TX,2020Q1,4153566.6666666665
TX,2020Q2,4368488.0
TX,2020Q3,4586060.0
TX,2020Q4,4785668.333333333
TX,2021Q1,4974046.0
TX,2021Q2,5136213.333333333
TX,2021Q3,5289274.666666667
TX,2021Q4,5438542.0
TX,2022Q1,5584044.333333333
TX,2022Q2,5770612.0
TX,2022Q3,5908736.333333333
TX,2022Q4,6040723.0
TX,2023Q1,6159680.333333333
TX,2023Q2,6134666.0
TX,2023Q3,5695427.666666667
TX,2023Q4,4876029.666666667
TX,2024Q1,4434492.333333333
TX,2024Q2,4450593.0
TX,2024Q3,4418336.0
TX,2024Q4,4382726.0
Totals,2014Q1,64971135.333333336
Totals,2014Q2,71411369.0
Totals,2014Q3,65013480.66666666
Totals,2014Q4,74179311.0
Totals,2015Q1,75621224.66666667
Totals,2015Q2,76015949.0
Totals,2015Q3,75842467.0
Totals,2015Q4,76079483.0
Totals,2016Q1,76431678.0
Totals,2016Q2,76101115.0
Totals,2016Q3,75597833.33333333
Totals,2017Q4,76709680.0
Totals,2018Q1,76850016.33333333
Totals,2018Q2,76311923.0
Totals,2018Q3,75968262.66666667
Totals,2018Q4,75365189.0
Totals,2019Q1,75135637.33333333
Totals,2019Q2,74699814.33333333
Totals,2019Q3,75050338.66666667
Totals,2019Q4,74629529.66666667
Totals,2020Q1,74484132.33333333
Totals,2020Q2,77113335.66666667
Totals,2020Q3,80150337.66666667
Totals,2020Q4,83539270.33333333
Totals,2021Q1,85403903.0
Totals,2021Q2,87186462.0
Totals,2021Q3,88933198.0
Totals,2021Q4,90786139.66666669
Totals,2022Q1,92438144.66666669
Totals,2022Q2,97548377.0
Totals,2022Q3,95726216.0
Totals,2022Q4,97384179.66666669
Totals,2023Q1,99228847.66666669
Totals,2023Q2,99455050.33333331
Totals,2023Q3,96605624.66666669
Totals,2023Q4,92127726.0
Totals,2024Q1,89214820.0
Totals,2024Q2,86317515.33333333
Totals,2024Q3,85233156.33333333
Totals,2024Q4,84613386.0
UT,2014Q1,306236.0
UT,2014Q2,314441.6666666667
UT,2014Q3,312911.3333333333
UT,2014Q4,323729.6666666667
UT,2015Q1,326500.6666666667
UT,2015Q2,326750.3333333333
UT,2015Q3,326240.0
UT,2015Q4,328802.6666666667
UT,2016Q1,336685.0
UT,2016Q2,335114.3333333333
UT,2016Q3,332417.3333333333
UT,2016Q4,309923.3333333333
UT,2017Q1,308070.3333333333
UT,2017Q2,303690.3333333333
UT,2017Q3,299551.3333333333
UT,2017Q4,299743.3333333333
UT,2018Q1,299674.0
UT,2018Q2,296571.6666666667
UT,2018Q3,294707.3333333333
UT,2018Q4,291957.3333333333
UT,2019Q1,288838.6666666667
UT,2019Q2,291317.0
UT,2019Q3,295509.0
UT,2019Q4,295318.0
UT,2020Q1,300530.0
UT,2020Q2,325708.0
UT,2020Q3,355701.0
UT,2020Q4,382894.6666666667
UT,2021Q1,406906.0
UT,2021Q2,425844.0
UT,2021Q3,443280.3333333333
UT,2021Q4,458854.0
UT,2022Q1,473995.3333333333
UT,2022Q2,486444.0
UT,2022Q3,499817.0
UT,2022Q4,514023.3333333333
UT,2023Q1,528262.6666666666
UT,2023Q2,508738.6666666667
UT,2023Q3,443708.0
UT,2023Q4,395997.6666666667
UT,2024Q1,359643.0
UT,2024Q2,342212.0
UT,2024Q3,343621.0
UT,2024Q4,344183.3333333333
VA,2014Q1,880195.6666666666
VA,2014Q2,899422.3333333334
VA,2014Q3,911691.6666666666
VA,2014Q4,927116.0
VA,2015Q1,936308.3333333334
VA,2015Q2,973966.0
VA,2015Q3,987230.6666666666
VA,2015Q4,991022.0
VA,2016Q1,989684.0
VA,2016Q2,996858.6666666666
VA,2016Q3,998824.3333333334
VA,2016Q4,1007220.6666666666
VA,2017Q1,1015235.3333333334
VA,2017Q2,1024460.0
VA,2017Q3,1032093.3333333334
VA,2017Q4,1044684.3333333334
VA,2018Q1,1051191.0
VA,2018Q2,1064895.6666666667
VA,2018Q3,1071450.3333333333
VA,2018Q4,1078521.6666666667
VA,2019Q1,1397024.0
VA,2019Q2,1501650.0
VA,2019Q3,1265581.0
VA,2019Q4,1298691.0
VA,2020Q1,1355946.3333333333
VA,2020Q2,1423071.6666666667
VA,2020Q3,1493293.0
VA,2020Q4,1553011.6666666667
VA,2021Q1,1614265.6666666667
VA,2021Q2,1659633.0
VA,2021Q3,1703927.0
VA,2021Q4,1752463.3333333333
VA,2022Q1,1801892.6666666667
VA,2022Q2,1843881.0
VA,2022Q3,1879060.3333333333
VA,2022Q4,1914615.0
VA,2023Q1,1967163.3333333333
VA,2023Q2,2000505.3333333333
VA,2023Q3,1977884.6666666667
VA,2023Q4,1958230.3333333333
VA,2024Q1,1922857.3333333333
VA,2024Q2,1857178.3333333333
VA,2024Q3,1815563.0
VA,2024Q4,1769046.0
VI,2014Q1,14008.666666666666
VI,2014Q2,14182.333333333334
VI,2014Q3,15026.666666666666
VI,2014Q4,15631.0
VI,2015Q1,14948.0
VI,2015Q2,17420.666666666668
VI,2015Q3,20365.666666666668
VI,2015Q4,22874.33333333333
VI,2016Q1,24310.33333333333
VI,2016Q2,23526.33333333333
VI,2016Q3,22836.33333333333
VI,2016Q4,23254.666666666668
VI,2017Q1,35483.666666666664
VI,2017Q2,23599.666666666668
VI,2017Q3,17472.0
VI,2017Q4,23084.666666666668
VI,2018Q1,24220.0
VI,2018Q2,24930.666666666668
VI,2018Q3,25298.33333333333
VI,2018Q4,26977.666666666668
VI,2019Q1,27965.666666666668
VI,2019Q2,28831.33333333333
VI,2019Q3,29669.33333333333
VI,2019Q4,30412.666666666668
VI,2020Q1,30956.0
VI,2020Q2,31488.33333333333
VI,2020Q3,31825.33333333333
VI,2020Q4,32921.0
VI,2021Q1,33517.333333333336
VI,2021Q2,34250.666666666664
VI,2021Q3,34369.0
VI,2021Q4,35506.333333333336
VI,2022Q1,36008.333333333336
VI,2022Q2,36630.66666666666
VI,2022Q3,37098.66666666666
VI,2022Q4,37616.333333333336
VI,2023Q1,38014.0
VI,2023Q2,38346.0
VI,2023Q3,34348.666666666664
VI,2023Q4,29561.666666666668
VI,2024Q1,24875.666666666668
VI,2024Q2,22202.0
VI,2024Q3,21164.33333333333
VI,2024Q4,21718.33333333333
VT,2014Q1,188530.0
VT,2014Q2,183802.3333333333
VT,2014Q3,186893.3333333333
VT,2014Q4,190932.3333333333
VT,2015Q1,197509.0
VT,2015Q2,201228.66666666663
VT,2015Q3,204234.0
VT,2015Q4,207348.3333333333
VT,2016Q1,209846.3333333333
VT,2016Q2,206647.66666666663
VT,2016Q3,193595.0
VT,2016Q4,187105.66666666663
VT,2017Q1,186222.0
VT,2017Q2,184515.3333333333
VT,2017Q3,179639.0
VT,2017Q4,177869.33333333334
VT,2018Q1,178669.33333333334
VT,2018Q2,177581.33333333334
VT,2018Q3,175215.0
VT,2018Q4,173151.66666666666
VT,2019Q1,170429.0
VT,2019Q2,167689.66666666666
VT,2019Q3,166330.0
VT,2019Q4,163902.0
VT,2020Q1,164010.33333333334
VT,2020Q2,171085.33333333334
VT,2020Q3,176469.33333333334
VT,2020Q4,181578.66666666663
VT,2021Q1,186046.66666666663
VT,2021Q2,189266.3333333333
VT,2021Q3,192825.66666666663
VT,2021Q4,195328.66666666663
VT,2022Q1,197450.0
VT,2022Q2,199021.3333333333
VT,2022Q3,199773.66666666663
VT,2022Q4,201567.66666666663
VT,2023Q1,203266.0
VT,2023Q2,202144.3333333333
VT,2023Q3,192451.3333333333
VT,2023Q4,183689.66666666663
VT,2024Q1,179191.66666666666
VT,2024Q2,173040.66666666666
VT,2024Q3,169597.66666666666
VT,2024Q4,167403.0
WA,2014Q1,1476742.0
WA,2014Q2,1574214.0
WA,2014Q3,1612223.3333333333
WA,2014Q4,1656593.6666666667
WA,2015Q1,1717263.6666666667
WA,2015Q2,1750599.0
WA,2015Q3,1768950.0
WA,2015Q4,1801232.6666666667
WA,2016Q1,1815201.6666666667
WA,2016Q2,1810563.3333333333
WA,2016Q3,1821851.3333333333
WA,2016Q4,1838410.6666666667
WA,2017Q1,1844079.3333333333
WA,2017Q2,1840406.0
WA,2017Q3,1808352.3333333333
WA,2017Q4,1798903.0
WA,2018Q1,1791660.6666666667
WA,2018Q2,1780286.6666666667
WA,2018Q3,1766547.6666666667
WA,2018Q4,1758931.0
WA,2019Q1,1744601.3333333333
WA,2019Q2,1731651.6666666667
WA,2019Q3,1848481.0
WA,2019Q4,1728988.0
WA,2020Q1,1727729.6666666667
WA,2020Q2,1776316.0
WA,2020Q3,1865729.3333333333
WA,2020Q4,2517831.333333333
WA,2021Q1,1936866.0
WA,2021Q2,1974011.6666666667
WA,2021Q3,2012133.6666666667
WA,2021Q4,2047591.3333333333
WA,2022Q1,2076990.6666666667
WA,2022Q2,2113487.6666666665
WA,2022Q3,2091742.6666666667
WA,2022Q4,2162891.6666666665
WA,2023Q1,2186785.6666666665
WA,2023Q2,2188009.0
WA,2023Q3,2010282.0
WA,2023Q4,1966572.0
WA,2024Q1,1918238.0
WA,2024Q2,1875257.3333333333
WA,2024Q3,1849109.3333333333
WA,2024Q4,1851107.0
WI,2014Q1,1171801.6666666667
WI,2014Q2,1198964.6666666667
WI,2014Q3,1198997.0
WI,2014Q4,1183818.6666666667
WI,2015Q1,1201346.3333333333
WI,2015Q2,1200014.0
WI,2015Q3,1194909.6666666667
WI,2015Q4,1192181.0
WI,2016Q1,1198602.0
WI,2016Q2,1195635.6666666667
WI,2016Q3,1191443.6666666667
WI,2016Q4,1187973.0
WI,2017Q1,1192710.3333333333
WI,2017Q2,1188067.0
WI,2017Q3,1186242.6666666667
WI,2017Q4,1186205.6666666667
WI,2018Q1,1191453.3333333333
WI,2018Q2,1188213.6666666667
WI,2018Q3,1184505.0
WI,2018Q4,1179406.0
WI,2019Q1,1177500.0
WI,2019Q2,1182994.0
WI,2019Q3,1185273.0
WI,2019Q4,1184171.3333333333
WI,2020Q1,1185402.6666666667
WI,2020Q2,1245606.6666666667
WI,2020Q3,1299725.3333333333
WI,2020Q4,1340769.0
WI,2021Q1,1376693.3333333333
WI,2021Q2,1405623.3333333333
WI,2021Q3,1432249.6666666667
WI,2021Q4,1459054.3333333333
WI,2022Q1,1487526.0
WI,2022Q2,1507485.0
WI,2022Q3,1527182.0
WI,2022Q4,1551431.0
WI,2023Q1,1628608.6666666667
WI,2023Q2,1574885.3333333333
WI,2023Q3,1470120.6666666667
WI,2023Q4,1402306.6666666667
WI,2024Q1,1363643.0
WI,2024Q2,1294502.0
WI,2024Q3,1265674.3333333333
WI,2024Q4,1265534.3333333333
WV,2014Q1,455816.0
WV,2014Q2,492612.0
WV,2014Q3,510562.3333333333
WV,2014Q4,519080.6666666667
WV,2015Q1,532725.0
WV,2015Q2,541160.0
WV,2015Q3,551085.3333333334
WV,2015Q4,554419.6666666666
WV,2016Q1,564786.6666666666
WV,2016Q2,564358.3333333334
WV,2016Q3,567055.6666666666
WV,2016Q4,570151.0
WV,2017Q1,559069.6666666666
WV,2017Q2,553838.0
WV,2017Q3,550894.3333333334
WV,2017Q4,545364.3333333334
WV,2018Q1,541700.3333333334
WV,2018Q2,538721.0
WV,2018Q3,535796.3333333334
WV,2018Q4,528470.0
WV,2019Q1,523463.3333333333
WV,2019Q2,521719.0
WV,2019Q3,521302.3333333333
WV,2019Q4,519454.6666666667
WV,2020Q1,518100.3333333333
WV,2020Q2,529607.0
WV,2020Q3,549268.6666666666
WV,2020Q4,568717.0
WV,2021Q1,585019.6666666666
WV,2021Q2,597675.6666666666
WV,2021Q3,609320.3333333334
WV,2021Q4,620384.0
WV,2022Q1,630253.6666666666
WV,2022Q2,639011.6666666666
WV,2022Q3,648675.6666666666
WV,2022Q4,657637.0
WV,2023Q1,666473.3333333334
WV,2023Q2,650181.3333333334
WV,2023Q3,598689.0
WV,2023Q4,561566.0
WV,2024Q1,533495.3333333334
WV,2024Q2,523093.3333333333
WV,2024Q3,521239.0
WV,2024Q4,515471.6666666667
WY,2014Q1,67978.33333333333
WY,2014Q2,69075.66666666667
WY,2014Q3,70685.66666666667
WY,2014Q4,72944.33333333333
WY,2015Q1,71070.66666666667
WY,2015Q2,69260.0
WY,2015Q3,65292.66666666666
WY,2015Q4,65249.333333333336
WY,2016Q1,64227.66666666666
WY,2016Q2,64234.0
WY,2016Q3,64042.66666666666
WY,2016Q4,61941.66666666666
WY,2017Q1,62149.66666666666
WY,2017Q2,62155.333333333336
WY,2017Q3,60687.0
WY,2017Q4,60219.333333333336
WY,2018Q1,59062.66666666666
WY,2018Q2,58601.0
WY,2018Q3,57623.66666666666
WY,2018Q4,57179.66666666666
WY,2019Q1,55150.333333333336
WY,2019Q2,54959.333333333336
WY,2019Q3,53933.0
WY,2019Q4,53993.66666666666
WY,2020Q1,54367.66666666666
WY,2020Q2,58292.333333333336
WY,2020Q3,62019.0
WY,2020Q4,61458.333333333336
WY,2021Q1,65889.66666666667
WY,2021Q2,71909.33333333333
WY,2021Q3,73829.66666666667
WY,2021Q4,76266.33333333333
WY,2022Q1,77918.33333333333
WY,2022Q2,79041.0
WY,2022Q3,83662.66666666667
WY,2022Q4,85321.66666666667
WY,2023Q1,87729.33333333333
WY,2023Q2,88417.33333333333
WY,2023Q3,81542.0
WY,2023Q4,78439.66666666667
WY,2024Q1,77011.0
WY,2024Q2,70443.33333333333
WY,2024Q3,68826.0
WY,2024Q4,67897.0
