State,Enrollment Year,Quarter,Avg_Total_Medicaid_Enrollees
Alabama,2014.0,1.0,1004433.3333333334
Alabama,2014.0,2.0,1026705.0
Alabama,2014.0,3.0,1044615.6666666666
Alabama,2014.0,4.0,1049282.3333333333
Alabama,2015.0,1.0,1049218.0
Alabama,2015.0,2.0,1049405.0
Alabama,2015.0,3.0,1052562.3333333333
Alabama,2015.0,4.0,1047963.6666666666
Alabama,2016.0,1.0,1046428.0
Alabama,2016.0,2.0,1042295.6666666666
Alabama,2016.0,3.0,1037516.6666666666
Alabama,2016.0,4.0,1030187.6666666666
Alabama,2017.0,1.0,1019973.0
Alabama,2017.0,2.0,1016816.0
Alabama,2017.0,3.0,1019782.0
Alabama,2017.0,4.0,1018509.6666666666
Alabama,2018.0,1.0,1020837.6666666666
Alabama,2018.0,2.0,1022330.3333333334
Alabama,2018.0,3.0,1022206.0
Alabama,2018.0,4.0,1029058.0
Alabama,2019.0,1.0,1032761.0
Alabama,2019.0,2.0,1033221.6666666666
Alabama,2019.0,3.0,1043193.3333333334
Alabama,2019.0,4.0,1048775.0
Alabama,2020.0,1.0,1053454.3333333333
Alabama,2020.0,2.0,1073171.0
Alabama,2020.0,3.0,1103095.0
Alabama,2020.0,4.0,1132700.0
Alabama,2021.0,1.0,1157577.6666666667
Alabama,2021.0,2.0,1181693.3333333333
Alabama,2021.0,3.0,1207181.6666666667
Alabama,2021.0,4.0,1230629.0
Alabama,2022.0,1.0,1253956.6666666667
Alabama,2022.0,2.0,1272591.3333333333
Alabama,2022.0,3.0,1295523.6666666667
Alabama,2022.0,4.0,1317604.0
Alabama,2023.0,1.0,1347926.0
Alabama,2023.0,2.0,1369909.0
Alabama,2023.0,3.0,1325098.0
Alabama ,2023.0,4.0,1251657.0
Alabama ,2024.0,1.0,1192647.6666666667
Alabama ,2024.0,2.0,1122485.3333333333
Alabama ,2024.0,3.0,1091271.0
Alabama ,2024.0,4.0,1085180.6666666667
Alaska,2014.0,1.0,107998.33333333333
Alaska,2014.0,2.0,115946.0
Alaska,2014.0,3.0,118862.33333333333
Alaska,2014.0,4.0,120304.33333333333
Alaska,2015.0,1.0,124527.66666666667
Alaska,2015.0,2.0,126642.66666666667
Alaska,2015.0,3.0,120278.66666666667
Alaska,2015.0,4.0,135703.0
Alaska,2016.0,1.0,151430.33333333334
Alaska,2016.0,2.0,157028.0
Alaska,2016.0,3.0,161079.33333333334
Alaska,2016.0,4.0,173380.66666666666
Alaska,2017.0,1.0,180677.66666666666
Alaska,2017.0,2.0,184889.33333333334
Alaska,2017.0,3.0,184185.66666666666
Alaska,2017.0,4.0,193784.66666666666
Alaska,2018.0,1.0,196836.33333333334
Alaska,2018.0,2.0,198563.0
Alaska,2018.0,3.0,205991.0
Alaska,2018.0,4.0,206503.66666666666
Alaska,2019.0,1.0,207064.0
Alaska,2019.0,2.0,205735.33333333334
Alaska,2019.0,3.0,213297.33333333334
Alaska,2019.0,4.0,213974.33333333334
Alaska,2020.0,1.0,215320.0
Alaska,2020.0,2.0,220452.33333333334
Alaska,2020.0,3.0,224144.0
Alaska,2020.0,4.0,231242.33333333334
Alaska,2021.0,1.0,235796.66666666666
Alaska,2021.0,2.0,240709.66666666666
Alaska,2021.0,3.0,242994.66666666666
Alaska,2021.0,4.0,247014.66666666666
Alaska,2022.0,1.0,250337.66666666666
Alaska,2022.0,2.0,252925.33333333334
Alaska,2022.0,3.0,254849.66666666666
Alaska,2022.0,4.0,257069.33333333334
Alaska,2023.0,1.0,259400.33333333334
Alaska,2023.0,2.0,260180.66666666666
Alaska,2023.0,3.0,250610.33333333334
Alaska ,2023.0,4.0,244210.33333333334
Alaska ,2024.0,1.0,243760.33333333334
Alaska ,2024.0,2.0,244265.0
Alaska ,2024.0,3.0,244104.66666666666
Alaska ,2024.0,4.0,239885.66666666666
Amer. Samoa,2017.0,4.0,27898.0
Amer. Samoa,2018.0,1.0,27898.0
Amer. Samoa,2018.0,2.0,27898.0
Amer. Samoa,2018.0,3.0,27898.0
Amer. Samoa,2018.0,4.0,28183.0
Amer. Samoa,2019.0,1.0,28183.0
Amer. Samoa,2019.0,2.0,37829.0
Amer. Samoa,2019.0,3.0,37829.0
Amer. Samoa,2019.0,4.0,35002.0
Amer. Samoa,2020.0,1.0,35002.0
Amer. Samoa,2020.0,2.0,35002.0
Amer. Samoa,2020.0,3.0,35002.0
Amer. Samoa,2020.0,4.0,37756.0
Amer. Samoa,2021.0,1.0,37756.0
Amer. Samoa,2021.0,2.0,37756.0
Amer. Samoa,2021.0,3.0,37756.0
Amer. Samoa,2021.0,4.0,31434.0
Amer. Samoa,2022.0,1.0,31434.0
Amer. Samoa,2022.0,2.0,31434.0
Amer. Samoa,2022.0,3.0,31434.0
Amer. Samoa,2022.0,4.0,33887.0
Amer. Samoa,2023.0,1.0,33887.0
Amer. Samoa,2023.0,2.0,33887.0
Amer. Samoa,2023.0,3.0,33887.0
Amer. Samoa ,2023.0,4.0,33746.0
Amer. Samoa ,2024.0,1.0,33746.0
Amer. Samoa ,2024.0,2.0,33746.0
Amer. Samoa ,2024.0,3.0,33746.0
Amer. Samoa ,2024.0,4.0,31150.0
American Samoa,2014.0,1.0,36726.0
American Samoa,2014.0,2.0,36726.0
American Samoa,2014.0,3.0,36726.0
American Samoa,2014.0,4.0,36726.0
American Samoa,2015.0,1.0,36726.0
American Samoa,2015.0,2.0,36726.0
American Samoa,2015.0,3.0,36726.0
American Samoa,2015.0,4.0,40517.0
American Samoa,2016.0,1.0,40517.0
American Samoa,2016.0,2.0,40517.0
American Samoa,2016.0,3.0,40517.0
American Samoa,2016.0,4.0,41214.0
American Samoa,2017.0,1.0,41214.0
American Samoa,2017.0,2.0,41214.0
American Samoa,2017.0,3.0,41214.0
Arizona,2014.0,1.0,1451044.0
Arizona,2014.0,2.0,1573708.6666666667
Arizona,2014.0,3.0,1686447.6666666667
Arizona,2014.0,4.0,1723678.6666666667
Arizona,2015.0,1.0,1728164.3333333333
Arizona,2015.0,2.0,1754268.3333333333
Arizona,2015.0,3.0,1815228.6666666667
Arizona,2015.0,4.0,1877248.3333333333
Arizona,2016.0,1.0,1896147.3333333333
Arizona,2016.0,2.0,1891561.0
Arizona,2016.0,3.0,1907716.0
Arizona,2016.0,4.0,1942573.0
Arizona,2017.0,1.0,1945027.6666666667
Arizona,2017.0,2.0,1937251.0
Arizona,2017.0,3.0,1931021.3333333333
Arizona,2017.0,4.0,1934234.6666666667
Arizona,2018.0,1.0,1891265.0
Arizona,2018.0,2.0,1867824.0
Arizona,2018.0,3.0,1874902.6666666667
Arizona,2018.0,4.0,1874802.6666666667
Arizona,2019.0,1.0,1877310.0
Arizona,2019.0,2.0,1869703.0
Arizona,2019.0,3.0,1886558.6666666667
Arizona,2019.0,4.0,1889215.6666666667
Arizona,2020.0,1.0,1873437.3333333333
Arizona,2020.0,2.0,1946241.0
Arizona,2020.0,3.0,2022184.6666666667
Arizona,2020.0,4.0,2081176.3333333333
Arizona,2021.0,1.0,2131127.6666666665
Arizona,2021.0,2.0,2178143.3333333335
Arizona,2021.0,3.0,2224804.6666666665
Arizona,2021.0,4.0,2266357.3333333335
Arizona,2022.0,1.0,2302339.3333333335
Arizona,2022.0,2.0,2351818.3333333335
Arizona,2022.0,3.0,2382008.3333333335
Arizona,2022.0,4.0,2420051.3333333335
Arizona,2023.0,1.0,2608516.3333333335
Arizona,2023.0,2.0,2387769.3333333335
Arizona,2023.0,3.0,2406995.6666666665
Arizona ,2023.0,4.0,2180298.0
Arizona ,2024.0,1.0,2174480.0
Arizona ,2024.0,2.0,2168885.3333333335
Arizona ,2024.0,3.0,2145289.0
Arizona ,2024.0,4.0,2089211.3333333333
Arkansas,2014.0,1.0,866722.6666666666
Arkansas,2014.0,2.0,821864.3333333334
Arkansas,2014.0,3.0,842529.0
Arkansas,2014.0,4.0,855266.6666666666
Arkansas,2015.0,1.0,1178006.6666666667
Arkansas,2015.0,2.0,919116.3333333334
Arkansas,2015.0,3.0,917396.6666666666
Arkansas,2015.0,4.0,939481.3333333334
Arkansas,2016.0,1.0,928906.0
Arkansas,2016.0,2.0,882018.3333333334
Arkansas,2016.0,3.0,928853.0
Arkansas,2016.0,4.0,952536.3333333334
Arkansas,2017.0,1.0,954168.0
Arkansas,2017.0,2.0,939271.3333333334
Arkansas,2017.0,3.0,937571.3333333334
Arkansas,2017.0,4.0,931862.6666666666
Arkansas,2018.0,1.0,923930.3333333334
Arkansas,2018.0,2.0,921438.6666666666
Arkansas,2018.0,3.0,911571.3333333334
Arkansas,2018.0,4.0,860208.0
Arkansas,2019.0,1.0,833060.3333333334
Arkansas,2019.0,2.0,825826.6666666666
Arkansas,2019.0,3.0,830106.3333333334
Arkansas,2019.0,4.0,835105.0
Arkansas,2020.0,1.0,832768.6666666666
Arkansas,2020.0,2.0,855881.6666666666
Arkansas,2020.0,3.0,882775.3333333334
Arkansas,2020.0,4.0,911025.0
Arkansas,2021.0,1.0,934674.6666666666
Arkansas,2021.0,2.0,950707.3333333334
Arkansas,2021.0,3.0,969103.3333333334
Arkansas,2021.0,4.0,987616.0
Arkansas,2022.0,1.0,1007158.0
Arkansas,2022.0,2.0,1032172.6666666666
Arkansas,2022.0,3.0,1044947.3333333334
Arkansas,2022.0,4.0,1060932.6666666667
Arkansas,2023.0,1.0,1080359.0
Arkansas,2023.0,2.0,1015619.3333333334
Arkansas,2023.0,3.0,874187.3333333334
Arkansas ,2023.0,4.0,818166.0
Arkansas ,2024.0,1.0,805184.0
Arkansas ,2024.0,2.0,812343.6666666666
Arkansas ,2024.0,3.0,811723.3333333334
Arkansas ,2024.0,4.0,800972.3333333334
California,2014.0,1.0,13365631.666666666
California,2014.0,2.0,13980258.0
California,2014.0,3.0,5529373.666666667
California,2014.0,4.0,14104689.0
California,2015.0,1.0,13960781.666666666
California,2015.0,2.0,13630340.0
California,2015.0,3.0,13316623.0
California,2015.0,4.0,13148939.0
California,2016.0,1.0,13093534.0
California,2016.0,2.0,12764492.0
California,2016.0,3.0,12073575.666666666
California,2016.0,4.0,12032626.0
California,2017.0,1.0,11821194.333333334
California,2017.0,2.0,11688252.0
California,2017.0,3.0,11316818.666666666
California,2017.0,4.0,13109776.333333334
California,2018.0,1.0,13082849.0
California,2018.0,2.0,12987836.333333334
California,2018.0,3.0,12858150.333333334
California,2018.0,4.0,12785341.333333334
California,2019.0,1.0,12712384.333333334
California,2019.0,2.0,12581041.0
California,2019.0,3.0,12562396.666666666
California,2019.0,4.0,12391835.0
California,2020.0,1.0,12218098.0
California,2020.0,4.0,13114364.333333334
California,2021.0,1.0,13393550.333333334
California,2021.0,2.0,13600543.0
California,2021.0,3.0,13803171.0
California,2021.0,4.0,13979532.666666666
California,2022.0,1.0,14198083.0
California,2022.0,2.0,14458082.333333334
California,2022.0,3.0,14723000.333333334
California,2022.0,4.0,14934860.333333334
California,2023.0,1.0,15162012.666666666
California,2023.0,2.0,15345432.666666666
California,2023.0,3.0,15244707.666666666
California ,2023.0,4.0,14836794.333333334
California ,2024.0,1.0,14776719.666666666
California ,2024.0,2.0,14640206.333333334
California ,2024.0,3.0,14860128.0
California ,2024.0,4.0,14868487.666666666
California *,2020.0,2.0,12448511.666666666
California *,2020.0,3.0,12848760.0
Colorado,2014.0,1.0,930054.3333333334
Colorado,2014.0,2.0,1026231.3333333334
Colorado,2014.0,3.0,1088002.3333333333
Colorado,2014.0,4.0,1132798.6666666667
Colorado,2015.0,1.0,1192191.0
Colorado,2015.0,2.0,1231830.0
Colorado,2015.0,3.0,1259514.6666666667
Colorado,2015.0,4.0,1285072.6666666667
Colorado,2016.0,1.0,1314377.3333333333
Colorado,2016.0,2.0,1328980.6666666667
Colorado,2016.0,3.0,1333838.3333333333
Colorado,2016.0,4.0,1339078.6666666667
Colorado,2017.0,1.0,1345945.6666666667
Colorado,2017.0,2.0,1365833.6666666667
Colorado,2017.0,3.0,1362938.0
Colorado,2017.0,4.0,1316861.3333333333
Colorado,2018.0,1.0,1298917.3333333333
Colorado,2018.0,2.0,1286687.0
Colorado,2018.0,3.0,1298391.3333333333
Colorado,2018.0,4.0,1276583.0
Colorado,2019.0,1.0,1254404.0
Colorado,2019.0,2.0,1235000.0
Colorado,2019.0,3.0,1230346.3333333333
Colorado,2019.0,4.0,1217316.0
Colorado,2020.0,1.0,1198636.3333333333
Colorado,2020.0,2.0,1255693.6666666667
Colorado,2020.0,3.0,1325283.3333333333
Colorado,2020.0,4.0,1390572.0
Colorado,2021.0,1.0,1445022.0
Colorado,2021.0,2.0,1483499.0
Colorado,2021.0,3.0,1518333.6666666667
Colorado,2021.0,4.0,1551833.3333333333
Colorado,2022.0,1.0,1587516.3333333333
Colorado,2022.0,2.0,1617074.6666666667
Colorado,2022.0,3.0,1641633.0
Colorado,2022.0,4.0,1672232.6666666667
Colorado,2023.0,1.0,1710726.0
Colorado,2023.0,2.0,1699990.0
Colorado,2023.0,3.0,1581996.0
Colorado ,2023.0,4.0,1434839.6666666667
Colorado ,2024.0,1.0,1265052.3333333333
Colorado ,2024.0,2.0,1151337.3333333333
Colorado ,2024.0,3.0,1163359.3333333333
Colorado ,2024.0,4.0,1188305.6666666667
Connecticut,2014.0,1.0,696880.6666666666
Connecticut,2014.0,2.0,808570.3333333334
Connecticut,2014.0,3.0,836235.6666666666
Connecticut,2014.0,4.0,850072.6666666666
Connecticut,2015.0,1.0,826246.6666666666
Connecticut,2015.0,2.0,818215.0
Connecticut,2015.0,3.0,797339.3333333334
Connecticut,2015.0,4.0,828224.6666666666
Connecticut,2016.0,1.0,848968.0
Connecticut,2016.0,2.0,861268.6666666666
Connecticut,2016.0,3.0,852844.6666666666
Connecticut,2016.0,4.0,892075.3333333334
Connecticut,2017.0,1.0,901842.0
Connecticut,2017.0,2.0,892401.0
Connecticut,2017.0,3.0,890228.6666666666
Connecticut,2017.0,4.0,910168.3333333334
Connecticut,2018.0,1.0,920697.0
Connecticut,2018.0,2.0,925831.3333333334
Connecticut,2018.0,3.0,935486.6666666666
Connecticut,2018.0,4.0,942762.6666666666
Connecticut,2019.0,1.0,951897.3333333334
Connecticut,2019.0,2.0,952741.6666666666
Connecticut,2019.0,3.0,951455.3333333334
Connecticut,2019.0,4.0,951734.6666666666
Connecticut,2020.0,1.0,953966.3333333334
Connecticut,2020.0,2.0,978442.6666666666
Connecticut,2020.0,3.0,998774.6666666666
Connecticut,2020.0,4.0,1031718.3333333334
Connecticut,2021.0,1.0,1063600.3333333333
Connecticut,2021.0,2.0,1079836.6666666667
Connecticut,2021.0,3.0,1113695.0
Connecticut,2021.0,4.0,1132410.6666666667
Connecticut,2022.0,1.0,1109341.3333333333
Connecticut,2022.0,2.0,1121387.6666666667
Connecticut,2022.0,3.0,1143364.3333333333
Connecticut,2022.0,4.0,1159965.6666666667
Connecticut,2023.0,1.0,1179182.6666666667
Connecticut,2023.0,2.0,1180692.0
Connecticut,2023.0,3.0,1147671.6666666667
Connecticut ,2023.0,4.0,1115740.3333333333
Connecticut ,2024.0,1.0,1115899.3333333333
Connecticut ,2024.0,2.0,1093107.3333333333
Connecticut ,2024.0,3.0,1089128.6666666667
Connecticut ,2024.0,4.0,1080103.6666666667
Delaware,2014.0,1.0,196376.0
Delaware,2014.0,2.0,194814.66666666666
Delaware,2014.0,3.0,200071.33333333334
Delaware,2014.0,4.0,203526.66666666666
Delaware,2015.0,1.0,208563.66666666666
Delaware,2015.0,2.0,210104.0
Delaware,2015.0,3.0,211450.66666666666
Delaware,2015.0,4.0,210416.0
Delaware,2016.0,1.0,217853.0
Delaware,2016.0,2.0,203859.0
Delaware,2016.0,3.0,202186.66666666666
Delaware,2016.0,4.0,203195.33333333334
Delaware,2017.0,1.0,207584.33333333334
Delaware,2017.0,2.0,206896.0
Delaware,2017.0,3.0,209295.33333333334
Delaware,2017.0,4.0,211004.66666666666
Delaware,2018.0,1.0,211253.66666666666
Delaware,2018.0,2.0,209852.0
Delaware,2018.0,3.0,211124.0
Delaware,2018.0,4.0,145885.66666666666
Delaware,2019.0,1.0,219247.0
Delaware,2019.0,2.0,204867.33333333334
Delaware,2019.0,3.0,213796.33333333334
Delaware,2019.0,4.0,212259.66666666666
Delaware,2020.0,1.0,213170.33333333334
Delaware,2020.0,2.0,220473.66666666666
Delaware,2020.0,3.0,229183.66666666666
Delaware,2020.0,4.0,236517.33333333334
Delaware,2021.0,1.0,244210.33333333334
Delaware,2021.0,2.0,251002.33333333334
Delaware,2021.0,3.0,257048.33333333334
Delaware,2021.0,4.0,263558.3333333333
Delaware,2022.0,1.0,270390.3333333333
Delaware,2022.0,2.0,276558.0
Delaware,2022.0,3.0,282482.3333333333
Delaware,2022.0,4.0,288277.3333333333
Delaware,2023.0,1.0,292990.6666666667
Delaware,2023.0,2.0,299336.6666666667
Delaware,2023.0,3.0,291172.6666666667
Delaware ,2023.0,4.0,277525.3333333333
Delaware ,2024.0,1.0,261443.0
Delaware ,2024.0,2.0,247045.0
Delaware ,2024.0,3.0,235902.0
Delaware ,2024.0,4.0,233437.0
Dist. Of Col.,2017.0,4.0,263084.6666666667
Dist. Of Col.,2018.0,1.0,263268.6666666667
Dist. Of Col.,2018.0,2.0,260290.66666666666
Dist. Of Col.,2018.0,3.0,260700.33333333334
Dist. Of Col.,2018.0,4.0,260837.0
Dist. Of Col.,2019.0,1.0,260772.0
Dist. Of Col.,2019.0,2.0,259927.66666666666
Dist. Of Col.,2019.0,3.0,262395.0
Dist. Of Col.,2019.0,4.0,262853.6666666667
Dist. Of Col.,2020.0,1.0,255963.0
Dist. Of Col.,2020.0,2.0,259851.0
Dist. Of Col.,2020.0,3.0,266199.0
Dist. Of Col.,2020.0,4.0,259062.0
Dist. Of Col.,2021.0,1.0,263910.6666666667
Dist. Of Col.,2021.0,2.0,267327.3333333333
Dist. Of Col.,2021.0,3.0,270877.0
Dist. Of Col.,2021.0,4.0,275240.3333333333
Dist. Of Col.,2022.0,1.0,279313.6666666667
Dist. Of Col.,2022.0,2.0,283067.3333333333
Dist. Of Col.,2022.0,3.0,329570.0
Dist. Of Col.,2022.0,4.0,290040.3333333333
Dist. Of Col.,2023.0,1.0,293287.3333333333
Dist. Of Col.,2023.0,2.0,295598.0
Dist. Of Col.,2023.0,3.0,291259.6666666667
Dist. Of Col. ,2023.0,4.0,283780.3333333333
Dist. Of Col. ,2024.0,1.0,274578.0
Dist. Of Col. ,2024.0,2.0,267455.0
Dist. Of Col. ,2024.0,3.0,261280.33333333334
Dist. Of Col. ,2024.0,4.0,262671.6666666667
District Of Columbia,2017.0,3.0,260507.66666666666
District of Columbia,2014.0,1.0,227812.66666666666
District of Columbia,2014.0,2.0,235604.66666666666
District of Columbia,2014.0,3.0,239763.0
District of Columbia,2014.0,4.0,242968.66666666666
District of Columbia,2015.0,1.0,248662.0
District of Columbia,2015.0,2.0,249242.0
District of Columbia,2015.0,3.0,249768.0
District of Columbia,2015.0,4.0,242512.0
District of Columbia,2016.0,1.0,246460.0
District of Columbia,2016.0,2.0,246407.66666666666
District of Columbia,2016.0,3.0,239351.0
District of Columbia,2016.0,4.0,247836.0
District of Columbia,2017.0,1.0,253182.0
District of Columbia,2017.0,2.0,257318.66666666666
Florida,2014.0,1.0,3776828.6666666665
Florida,2014.0,2.0,3872654.6666666665
Florida,2014.0,3.0,3921510.6666666665
Florida,2014.0,4.0,3944231.3333333335
Florida,2015.0,1.0,4030842.6666666665
Florida,2015.0,2.0,4040165.3333333335
Florida,2015.0,3.0,3976079.3333333335
Florida,2015.0,4.0,3998873.0
Florida,2016.0,1.0,4016503.6666666665
Florida,2016.0,2.0,4010695.0
Florida,2016.0,3.0,3987996.6666666665
Florida,2016.0,4.0,3998566.0
Florida,2017.0,1.0,4063863.6666666665
Florida,2017.0,2.0,4045939.6666666665
Florida,2017.0,3.0,4008700.0
Florida,2017.0,4.0,4004565.0
Florida,2018.0,1.0,3959854.3333333335
Florida,2018.0,2.0,3889010.0
Florida,2018.0,3.0,3819999.6666666665
Florida,2018.0,4.0,3808965.0
Florida,2019.0,1.0,3761522.6666666665
Florida,2019.0,2.0,3795238.6666666665
Florida,2019.0,3.0,3793870.0
Florida,2019.0,4.0,3770941.0
Florida,2020.0,1.0,3753170.6666666665
Florida,2020.0,2.0,4032456.0
Florida,2020.0,3.0,4236961.666666667
Florida,2020.0,4.0,4432365.666666667
Florida,2021.0,1.0,4613862.0
Florida,2021.0,2.0,4764551.0
Florida,2021.0,3.0,4884479.333333333
Florida,2021.0,4.0,5008524.666666667
Florida,2022.0,1.0,5155968.0
Florida,2022.0,2.0,5212099.0
Florida,2022.0,3.0,5370780.0
Florida,2022.0,4.0,5507253.333333333
Florida,2023.0,1.0,5718928.333333333
Florida,2023.0,2.0,5532479.333333333
Florida,2023.0,3.0,5370780.0
Florida ,2023.0,4.0,4992872.666666667
Florida ,2024.0,1.0,4799019.333333333
Florida ,2024.0,2.0,4326954.666666667
Florida ,2024.0,3.0,4258837.0
Florida ,2024.0,4.0,4178927.0
Georgia,2014.0,1.0,1639532.6666666667
Georgia,2014.0,2.0,1721245.0
Georgia,2014.0,3.0,1776824.3333333333
Georgia,2014.0,4.0,1796793.0
Georgia,2015.0,1.0,1828409.6666666667
Georgia,2015.0,2.0,1843693.6666666667
Georgia,2015.0,3.0,1865862.0
Georgia,2015.0,4.0,1866028.6666666667
Georgia,2016.0,1.0,1862223.6666666667
Georgia,2016.0,2.0,1862089.6666666667
Georgia,2016.0,3.0,1855856.6666666667
Georgia,2016.0,4.0,1833092.3333333333
Georgia,2017.0,1.0,1836004.3333333333
Georgia,2017.0,2.0,1843098.3333333333
Georgia,2017.0,3.0,1865054.0
Georgia,2017.0,4.0,1944540.6666666667
Georgia,2018.0,1.0,1959811.0
Georgia,2018.0,2.0,1956849.6666666667
Georgia,2018.0,3.0,1952723.3333333333
Georgia,2018.0,4.0,1943638.6666666667
Georgia,2019.0,1.0,1958765.0
Georgia,2019.0,2.0,1963102.0
Georgia,2019.0,3.0,1986926.6666666667
Georgia,2019.0,4.0,2038961.0
Georgia,2020.0,1.0,2037565.0
Georgia,2020.0,2.0,2053823.0
Georgia,2020.0,3.0,2125357.3333333335
Georgia,2020.0,4.0,2206010.6666666665
Georgia,2021.0,1.0,2269494.0
Georgia,2021.0,2.0,2302665.3333333335
Georgia,2021.0,3.0,2352917.0
Georgia,2021.0,4.0,2402930.0
Georgia,2022.0,1.0,2445790.0
Georgia,2022.0,2.0,2486655.0
Georgia,2022.0,3.0,2521825.3333333335
Georgia,2022.0,4.0,2538193.6666666665
Georgia,2023.0,1.0,2550796.6666666665
Georgia,2023.0,2.0,2610345.6666666665
Georgia,2023.0,3.0,2520090.3333333335
Georgia ,2023.0,4.0,2319285.3333333335
Georgia ,2024.0,1.0,2144125.0
Georgia ,2024.0,2.0,2216229.3333333335
Georgia ,2024.0,3.0,2171651.0
Georgia ,2024.0,4.0,2177891.0
Guam,2014.0,1.0,37090.333333333336
Guam,2014.0,2.0,36914.0
Guam,2014.0,3.0,36831.0
Guam,2014.0,4.0,36800.333333333336
Guam,2015.0,1.0,36584.333333333336
Guam,2015.0,2.0,35890.333333333336
Guam,2015.0,3.0,36037.333333333336
Guam,2015.0,4.0,35890.333333333336
Guam,2016.0,1.0,35970.666666666664
Guam,2016.0,2.0,35729.666666666664
Guam,2016.0,3.0,35515.333333333336
Guam,2016.0,4.0,35574.666666666664
Guam,2017.0,1.0,35805.0
Guam,2017.0,2.0,35953.333333333336
Guam,2017.0,3.0,35891.333333333336
Guam,2017.0,4.0,35805.0
Guam,2018.0,1.0,35612.666666666664
Guam,2018.0,2.0,36124.666666666664
Guam,2018.0,3.0,36277.333333333336
Guam,2018.0,4.0,36411.333333333336
Guam,2019.0,1.0,36192.0
Guam,2019.0,2.0,35685.333333333336
Guam,2019.0,3.0,35385.666666666664
Guam,2019.0,4.0,34784.333333333336
Guam,2020.0,1.0,34095.333333333336
Guam,2020.0,2.0,34038.333333333336
Guam,2020.0,3.0,33370.0
Guam,2020.0,4.0,32462.333333333332
Guam,2021.0,1.0,32215.666666666668
Guam,2021.0,2.0,33711.666666666664
Guam,2021.0,3.0,37171.666666666664
Guam,2021.0,4.0,36442.0
Guam,2022.0,1.0,38042.666666666664
Guam,2022.0,2.0,39606.666666666664
Guam,2022.0,3.0,41615.333333333336
Guam,2022.0,4.0,43403.333333333336
Guam,2023.0,1.0,44418.0
Guam,2023.0,2.0,44234.333333333336
Guam,2023.0,3.0,44408.0
Guam ,2023.0,4.0,44905.333333333336
Guam ,2024.0,1.0,41860.666666666664
Guam ,2024.0,2.0,38937.0
Guam ,2024.0,3.0,35937.0
Guam ,2024.0,4.0,35873.666666666664
Hawaii,2014.0,1.0,282120.3333333333
Hawaii,2014.0,2.0,290579.3333333333
Hawaii,2014.0,3.0,282178.0
Hawaii,2014.0,4.0,276080.0
Hawaii,2015.0,1.0,291667.3333333333
Hawaii,2015.0,2.0,301266.0
Hawaii,2015.0,3.0,309136.0
Hawaii,2015.0,4.0,316329.0
Hawaii,2016.0,1.0,323438.3333333333
Hawaii,2016.0,2.0,326696.6666666667
Hawaii,2016.0,3.0,329065.3333333333
Hawaii,2016.0,4.0,329377.3333333333
Hawaii,2017.0,1.0,331813.0
Hawaii,2017.0,2.0,331382.0
Hawaii,2017.0,3.0,326670.0
Hawaii,2017.0,4.0,329540.0
Hawaii,2018.0,1.0,331113.3333333333
Hawaii,2018.0,2.0,327476.6666666667
Hawaii,2018.0,3.0,320394.3333333333
Hawaii,2018.0,4.0,315681.0
Hawaii,2019.0,1.0,312190.3333333333
Hawaii,2019.0,2.0,306898.3333333333
Hawaii,2019.0,3.0,310790.0
Hawaii,2019.0,4.0,309716.0
Hawaii,2020.0,1.0,308625.3333333333
Hawaii,2020.0,2.0,321403.3333333333
Hawaii,2020.0,3.0,343506.0
Hawaii,2020.0,4.0,390861.3333333333
Hawaii,2021.0,1.0,409875.6666666667
Hawaii,2021.0,2.0,420505.0
Hawaii,2021.0,3.0,429058.6666666667
Hawaii,2021.0,4.0,436545.3333333333
Hawaii,2022.0,1.0,443716.0
Hawaii,2022.0,2.0,449809.0
Hawaii,2022.0,3.0,456695.0
Hawaii,2022.0,4.0,462268.0
Hawaii,2023.0,1.0,468671.6666666667
Hawaii,2023.0,2.0,469815.6666666667
Hawaii,2023.0,3.0,468730.6666666667
Hawaii ,2023.0,4.0,475052.6666666667
Hawaii ,2024.0,1.0,477878.3333333333
Hawaii ,2024.0,2.0,462308.3333333333
Hawaii ,2024.0,3.0,430381.6666666667
Hawaii ,2024.0,4.0,413626.3333333333
Idaho,2014.0,1.0,273547.0
Idaho,2014.0,2.0,277037.6666666667
Idaho,2014.0,3.0,285235.6666666667
Idaho,2014.0,4.0,289529.3333333333
Idaho,2015.0,1.0,296249.6666666667
Idaho,2015.0,2.0,298989.3333333333
Idaho,2015.0,3.0,300745.3333333333
Idaho,2015.0,4.0,301989.0
Idaho,2016.0,1.0,304572.3333333333
Idaho,2016.0,2.0,306313.6666666667
Idaho,2016.0,3.0,310346.3333333333
Idaho,2016.0,4.0,318153.3333333333
Idaho,2017.0,1.0,319008.0
Idaho,2017.0,2.0,319898.6666666667
Idaho,2017.0,3.0,319467.6666666667
Idaho,2017.0,4.0,320582.3333333333
Idaho,2018.0,1.0,305424.3333333333
Idaho,2018.0,2.0,295117.0
Idaho,2018.0,3.0,301001.6666666667
Idaho,2018.0,4.0,303807.6666666667
Idaho,2019.0,1.0,294418.0
Idaho,2019.0,2.0,298229.3333333333
Idaho,2019.0,3.0,287735.6666666667
Idaho,2019.0,4.0,291723.6666666667
Idaho,2020.0,1.0,342505.0
Idaho,2020.0,2.0,362277.6666666667
Idaho,2020.0,3.0,378392.3333333333
Idaho,2020.0,4.0,393235.3333333333
Idaho,2021.0,1.0,405971.0
Idaho,2021.0,2.0,416609.6666666667
Idaho,2021.0,3.0,421316.0
Idaho,2021.0,4.0,430494.0
Idaho,2022.0,1.0,438086.6666666667
Idaho,2022.0,2.0,444603.6666666667
Idaho,2022.0,3.0,448399.6666666667
Idaho,2023.0,1.0,481862.6666666667
Idaho,2023.0,2.0,445049.0
Idaho,2023.0,3.0,367074.0
Idaho ,2023.0,4.0,366280.6666666667
Idaho ,2024.0,1.0,465849.6666666667
Idaho ,2024.0,2.0,359891.0
Idaho ,2024.0,3.0,347828.0
Idaho ,2024.0,4.0,347320.0
Idaho *,2022.0,4.0,472526.6666666667
Illinois,2014.0,1.0,2779608.6666666665
Illinois,2014.0,2.0,2927461.0
Illinois,2014.0,3.0,2963569.0
Illinois,2014.0,4.0,2988896.3333333335
Illinois,2015.0,1.0,3005481.6666666665
Illinois,2015.0,2.0,2980818.3333333335
Illinois,2015.0,3.0,2947795.3333333335
Illinois,2015.0,4.0,2933134.0
Illinois,2016.0,1.0,2959028.6666666665
Illinois,2016.0,2.0,2928380.6666666665
Illinois,2016.0,3.0,2910365.0
Illinois,2016.0,4.0,2904903.3333333335
Illinois,2017.0,1.0,2904882.0
Illinois,2017.0,2.0,2878470.0
Illinois,2017.0,3.0,2833521.0
Illinois,2017.0,4.0,2884864.6666666665
Illinois,2018.0,1.0,2901152.6666666665
Illinois,2018.0,2.0,2838548.3333333335
Illinois,2018.0,3.0,2813200.3333333335
Illinois,2018.0,4.0,2715744.3333333335
Illinois,2019.0,1.0,2642231.3333333335
Illinois,2019.0,2.0,2590201.3333333335
Illinois,2019.0,3.0,2679109.3333333335
Illinois,2019.0,4.0,2660947.0
Illinois,2020.0,1.0,2644775.0
Illinois,2020.0,2.0,2738163.3333333335
Illinois,2020.0,3.0,2820711.6666666665
Illinois,2020.0,4.0,2937347.0
Illinois,2021.0,1.0,3021028.3333333335
Illinois,2021.0,2.0,3069916.0
Illinois,2021.0,3.0,3129447.0
Illinois,2021.0,4.0,3189034.3333333335
Illinois,2022.0,1.0,3241818.6666666665
Illinois,2022.0,2.0,3299915.0
Illinois,2022.0,3.0,3375438.0
Illinois,2022.0,4.0,3428278.6666666665
Illinois,2023.0,1.0,3471977.6666666665
Illinois,2023.0,2.0,3468169.6666666665
Illinois,2023.0,3.0,3440220.3333333335
Illinois ,2023.0,4.0,3290799.0
Illinois ,2024.0,1.0,3220153.3333333335
Illinois ,2024.0,2.0,3064561.3333333335
Illinois ,2024.0,3.0,2974965.3333333335
Illinois ,2024.0,4.0,2952563.6666666665
Indiana,2014.0,1.0,1077058.6666666667
Indiana,2014.0,2.0,1093494.0
Indiana,2014.0,3.0,1070969.0
Indiana,2014.0,4.0,1063303.3333333333
Indiana,2015.0,1.0,1094536.6666666667
Indiana,2015.0,2.0,1160728.3333333333
Indiana,2015.0,3.0,1213119.3333333333
Indiana,2015.0,4.0,1244926.3333333333
Indiana,2016.0,1.0,1273719.6666666667
Indiana,2016.0,2.0,1290370.3333333333
Indiana,2016.0,3.0,1308518.3333333333
Indiana,2016.0,4.0,1322007.3333333333
Indiana,2017.0,1.0,1340711.3333333333
Indiana,2017.0,2.0,1344308.0
Indiana,2017.0,3.0,1352132.6666666667
Indiana,2017.0,4.0,1349519.3333333333
Indiana,2018.0,1.0,1343081.3333333333
Indiana,2018.0,2.0,1331400.0
Indiana,2018.0,3.0,1317294.6666666667
Indiana,2018.0,4.0,1312306.3333333333
Indiana,2019.0,1.0,1317100.3333333333
Indiana,2019.0,2.0,1322439.6666666667
Indiana,2019.0,3.0,1326660.6666666667
Indiana,2019.0,4.0,1330330.0
Indiana,2020.0,1.0,1355380.0
Indiana,2020.0,2.0,1452318.3333333333
Indiana,2020.0,3.0,1548856.3333333333
Indiana,2020.0,4.0,1630833.6666666667
Indiana,2021.0,1.0,1703526.3333333333
Indiana,2021.0,2.0,1761990.6666666667
Indiana,2021.0,3.0,1819999.3333333333
Indiana,2021.0,4.0,1866191.3333333333
Indiana,2022.0,1.0,1924010.0
Indiana,2022.0,2.0,1970224.0
Indiana,2022.0,3.0,1991168.3333333333
Indiana,2022.0,4.0,2032879.3333333333
Indiana,2023.0,1.0,2079235.3333333333
Indiana,2023.0,2.0,2091204.3333333333
Indiana,2023.0,3.0,1999850.3333333333
Indiana ,2023.0,4.0,1927657.6666666667
Indiana ,2024.0,1.0,1888686.0
Indiana ,2024.0,2.0,1860125.0
Indiana ,2024.0,3.0,1849850.6666666667
Indiana ,2024.0,4.0,1848454.0
Iowa,2014.0,1.0,510702.0
Iowa,2014.0,2.0,541464.3333333334
Iowa,2014.0,3.0,547954.6666666666
Iowa,2014.0,4.0,551988.0
Iowa,2015.0,1.0,555666.3333333334
Iowa,2015.0,2.0,572218.3333333334
Iowa,2015.0,3.0,581754.6666666666
Iowa,2015.0,4.0,586384.6666666666
Iowa,2016.0,1.0,588225.6666666666
Iowa,2016.0,2.0,592672.0
Iowa,2016.0,3.0,593654.6666666666
Iowa,2016.0,4.0,596160.6666666666
Iowa,2017.0,1.0,602619.0
Iowa,2017.0,2.0,595103.3333333334
Iowa,2017.0,3.0,590950.0
Iowa,2017.0,4.0,589673.3333333334
Iowa,2018.0,1.0,597978.6666666666
Iowa,2018.0,2.0,603304.3333333334
Iowa,2018.0,3.0,603821.6666666666
Iowa,2018.0,4.0,604639.3333333334
Iowa,2019.0,1.0,603098.3333333334
Iowa,2019.0,2.0,605434.0
Iowa,2019.0,3.0,605076.0
Iowa,2019.0,4.0,603472.0
Iowa,2020.0,1.0,600909.6666666666
Iowa,2020.0,2.0,622259.0
Iowa,2020.0,3.0,648394.0
Iowa,2020.0,4.0,670405.0
Iowa,2021.0,1.0,688415.3333333334
Iowa,2021.0,2.0,708002.0
Iowa,2021.0,3.0,722045.0
Iowa,2021.0,4.0,734401.0
Iowa,2022.0,1.0,748960.0
Iowa,2022.0,2.0,760286.3333333334
Iowa,2022.0,3.0,772989.0
Iowa,2022.0,4.0,787679.6666666666
Iowa,2023.0,1.0,804116.3333333334
Iowa,2023.0,2.0,795660.6666666666
Iowa,2023.0,3.0,708817.6666666666
Iowa ,2023.0,4.0,646580.6666666666
Iowa ,2024.0,1.0,629400.3333333334
Iowa ,2024.0,2.0,605059.3333333334
Iowa ,2024.0,3.0,601664.0
Iowa ,2024.0,4.0,601820.6666666666
Kansas,2014.0,1.0,359036.3333333333
Kansas,2014.0,2.0,369490.6666666667
Kansas,2014.0,3.0,368142.6666666667
Kansas,2014.0,4.0,368005.0
Kansas,2015.0,1.0,370896.0
Kansas,2015.0,2.0,372544.0
Kansas,2015.0,3.0,373490.6666666667
Kansas,2015.0,4.0,373924.3333333333
Kansas,2016.0,1.0,376759.6666666667
Kansas,2016.0,2.0,395365.3333333333
Kansas,2016.0,3.0,406172.6666666667
Kansas,2016.0,4.0,402342.3333333333
Kansas,2017.0,1.0,381575.3333333333
Kansas,2017.0,2.0,377186.6666666667
Kansas,2017.0,3.0,373188.0
Kansas,2017.0,4.0,361796.6666666667
Kansas,2018.0,1.0,371576.3333333333
Kansas,2018.0,2.0,367279.3333333333
Kansas,2018.0,3.0,375074.0
Kansas,2018.0,4.0,373060.6666666667
Kansas,2019.0,1.0,365635.3333333333
Kansas,2019.0,2.0,348815.6666666667
Kansas,2019.0,3.0,358501.6666666667
Kansas,2019.0,4.0,357857.3333333333
Kansas,2020.0,1.0,356567.6666666667
Kansas,2020.0,2.0,365021.0
Kansas,2020.0,3.0,378432.3333333333
Kansas,2020.0,4.0,392267.3333333333
Kansas,2021.0,1.0,402645.6666666667
Kansas,2021.0,2.0,411547.0
Kansas,2021.0,3.0,421744.0
Kansas,2021.0,4.0,431924.6666666667
Kansas,2022.0,1.0,441583.3333333333
Kansas,2022.0,2.0,449003.0
Kansas,2022.0,3.0,455725.0
Kansas,2022.0,4.0,464131.3333333333
Kansas,2023.0,1.0,472134.6666666667
Kansas,2023.0,2.0,460852.0
Kansas,2023.0,3.0,440450.6666666667
Kansas ,2023.0,4.0,418634.3333333333
Kansas ,2024.0,1.0,399143.6666666667
Kansas ,2024.0,2.0,399876.0
Kansas ,2024.0,3.0,384951.6666666667
Kansas ,2024.0,4.0,385340.6666666667
Kentucky,2014.0,1.0,1002721.6666666666
Kentucky,2014.0,2.0,1099504.6666666667
Kentucky,2014.0,3.0,1140760.6666666667
Kentucky,2014.0,4.0,1212113.3333333333
Kentucky,2015.0,1.0,1259748.6666666667
Kentucky,2015.0,2.0,1269056.6666666667
Kentucky,2015.0,3.0,1262296.0
Kentucky,2015.0,4.0,1269899.0
Kentucky,2016.0,1.0,1279065.3333333333
Kentucky,2016.0,2.0,1310312.0
Kentucky,2016.0,3.0,1308614.0
Kentucky,2016.0,4.0,1316557.0
Kentucky,2017.0,1.0,1329612.3333333333
Kentucky,2017.0,2.0,1338202.0
Kentucky,2017.0,3.0,1345714.0
Kentucky,2017.0,4.0,1349775.6666666667
Kentucky,2018.0,1.0,1355666.0
Kentucky,2018.0,2.0,1332720.6666666667
Kentucky,2018.0,3.0,1317721.3333333333
Kentucky,2018.0,4.0,1296805.0
Kentucky,2019.0,1.0,1293211.0
Kentucky,2019.0,2.0,1289673.0
Kentucky,2019.0,3.0,1286813.6666666667
Kentucky,2019.0,4.0,1268487.6666666667
Kentucky,2020.0,1.0,1263875.0
Kentucky,2020.0,2.0,1374054.3333333333
Kentucky,2020.0,3.0,1498066.3333333333
Kentucky,2020.0,4.0,1514151.3333333333
Kentucky,2021.0,1.0,1551352.6666666667
Kentucky,2021.0,2.0,1565935.3333333333
Kentucky,2021.0,3.0,1464924.3333333333
Kentucky,2021.0,4.0,1486330.3333333333
Kentucky,2022.0,1.0,1502924.3333333333
Kentucky,2022.0,2.0,1522818.3333333333
Kentucky,2022.0,3.0,1546569.3333333333
Kentucky,2022.0,4.0,1569670.0
Kentucky,2023.0,1.0,1585420.0
Kentucky,2023.0,2.0,1601567.0
Kentucky,2023.0,3.0,1526741.0
Kentucky ,2023.0,4.0,1488741.6666666667
Kentucky ,2024.0,1.0,1466204.3333333333
Kentucky ,2024.0,2.0,1439673.6666666667
Kentucky ,2024.0,3.0,1375343.0
Kentucky ,2024.0,4.0,1363566.6666666667
Louisiana,2014.0,1.0,1247928.0
Louisiana,2014.0,2.0,1265955.0
Louisiana,2014.0,3.0,1329402.0
Louisiana,2014.0,4.0,1348833.6666666667
Louisiana,2015.0,1.0,1381382.6666666667
Louisiana,2015.0,2.0,1414301.3333333333
Louisiana,2015.0,3.0,1438994.3333333333
Louisiana,2015.0,4.0,1455465.0
Louisiana,2016.0,1.0,1457594.0
Louisiana,2016.0,2.0,1463957.6666666667
Louisiana,2016.0,3.0,1561498.6666666667
Louisiana,2016.0,4.0,1607791.6666666667
Louisiana,2017.0,1.0,1658062.6666666667
Louisiana,2017.0,2.0,1625819.6666666667
Louisiana,2017.0,3.0,1631144.6666666667
Louisiana,2017.0,4.0,1636861.6666666667
Louisiana,2018.0,1.0,1646839.0
Louisiana,2018.0,2.0,1645273.3333333333
Louisiana,2018.0,3.0,1644139.6666666667
Louisiana,2018.0,4.0,1651888.3333333333
Louisiana,2019.0,1.0,1675895.0
Louisiana,2019.0,2.0,1609901.3333333333
Louisiana,2019.0,3.0,1615742.6666666667
Louisiana,2019.0,4.0,1606224.3333333333
Louisiana,2020.0,1.0,1622615.0
Louisiana,2020.0,2.0,1679959.3333333333
Louisiana,2020.0,3.0,1745795.6666666667
Louisiana,2020.0,4.0,1800885.6666666667
Louisiana,2021.0,1.0,1843682.6666666667
Louisiana,2021.0,2.0,1874949.3333333333
Louisiana,2021.0,3.0,1903239.6666666667
Louisiana,2021.0,4.0,1927862.6666666667
Louisiana,2022.0,1.0,1951194.3333333333
Louisiana,2022.0,2.0,4170727.6666666665
Louisiana,2022.0,3.0,1994480.3333333333
Louisiana,2022.0,4.0,2018642.3333333333
Louisiana,2023.0,1.0,1889664.3333333333
Louisiana,2023.0,2.0,2056720.3333333333
Louisiana,2023.0,3.0,2195708.3333333335
Louisiana ,2023.0,4.0,2131428.0
Louisiana ,2024.0,1.0,2044508.6666666667
Louisiana ,2024.0,2.0,1943640.0
Louisiana ,2024.0,3.0,1885517.0
Louisiana ,2024.0,4.0,1871522.3333333333
Maine,2014.0,1.0,299737.3333333333
Maine,2014.0,2.0,295735.3333333333
Maine,2014.0,3.0,290375.0
Maine,2014.0,4.0,284998.0
Maine,2015.0,1.0,278316.3333333333
Maine,2015.0,2.0,276452.0
Maine,2015.0,3.0,275292.6666666667
Maine,2015.0,4.0,273214.0
Maine,2016.0,1.0,270909.0
Maine,2016.0,2.0,267887.6666666667
Maine,2016.0,3.0,264431.6666666667
Maine,2016.0,4.0,261585.66666666666
Maine,2017.0,1.0,259691.66666666666
Maine,2017.0,2.0,259469.0
Maine,2017.0,3.0,258600.0
Maine,2017.0,4.0,257078.66666666666
Maine,2018.0,1.0,256686.0
Maine,2018.0,2.0,256432.0
Maine,2018.0,3.0,252692.33333333334
Maine,2018.0,4.0,250010.33333333334
Maine,2019.0,1.0,256529.66666666666
Maine,2019.0,2.0,267016.6666666667
Maine,2019.0,3.0,277183.3333333333
Maine,2019.0,4.0,282683.3333333333
Maine,2020.0,1.0,285832.6666666667
Maine,2020.0,2.0,301338.6666666667
Maine,2020.0,3.0,314465.0
Maine,2020.0,4.0,326431.0
Maine,2021.0,1.0,336744.6666666667
Maine,2021.0,2.0,346342.6666666667
Maine,2021.0,3.0,353019.0
Maine,2021.0,4.0,358799.0
Maine,2022.0,1.0,365849.0
Maine,2022.0,2.0,377374.6666666667
Maine,2022.0,3.0,385271.0
Maine,2022.0,4.0,394347.3333333333
Maine,2023.0,1.0,407979.0
Maine,2023.0,2.0,413851.6666666667
Maine,2023.0,3.0,407454.6666666667
Maine ,2023.0,4.0,401102.6666666667
Maine ,2024.0,1.0,400106.6666666667
Maine ,2024.0,2.0,396392.3333333333
Maine ,2024.0,3.0,396745.6666666667
Maine ,2024.0,4.0,378154.3333333333
Maryland,2014.0,1.0,1053314.6666666667
Maryland,2014.0,2.0,1145304.6666666667
Maryland,2014.0,3.0,1149670.3333333333
Maryland,2014.0,4.0,1113914.3333333333
Maryland,2015.0,1.0,1174972.6666666667
Maryland,2015.0,2.0,1113980.6666666667
Maryland,2015.0,3.0,1078838.3333333333
Maryland,2015.0,4.0,1066204.6666666667
Maryland,2016.0,1.0,1086324.3333333333
Maryland,2016.0,2.0,1126738.0
Maryland,2016.0,3.0,1153758.6666666667
Maryland,2016.0,4.0,1175188.3333333333
Maryland,2017.0,1.0,1202317.0
Maryland,2017.0,2.0,1213787.0
Maryland,2017.0,3.0,1215368.0
Maryland,2017.0,4.0,1220146.6666666667
Maryland,2018.0,1.0,1233550.3333333333
Maryland,2018.0,2.0,1227714.0
Maryland,2018.0,3.0,1215304.3333333333
Maryland,2018.0,4.0,1213467.0
Maryland,2019.0,1.0,1216661.6666666667
Maryland,2019.0,2.0,1227281.3333333333
Maryland,2019.0,3.0,1237960.0
Maryland,2019.0,4.0,1245449.3333333333
Maryland,2020.0,1.0,1253110.6666666667
Maryland,2020.0,2.0,1285785.0
Maryland,2020.0,3.0,1327499.3333333333
Maryland,2020.0,4.0,1367206.0
Maryland,2021.0,1.0,1408076.3333333333
Maryland,2021.0,2.0,1437092.6666666667
Maryland,2021.0,3.0,1461700.3333333333
Maryland,2021.0,4.0,1485104.3333333333
Maryland,2022.0,1.0,1511227.0
Maryland,2022.0,2.0,2851931.0
Maryland,2022.0,3.0,1557655.6666666667
Maryland,2022.0,4.0,1578254.3333333333
Maryland,2023.0,1.0,1601418.6666666667
Maryland,2023.0,2.0,1614792.0
Maryland,2023.0,3.0,1581770.0
Maryland ,2023.0,4.0,1565632.6666666667
Maryland ,2024.0,1.0,1512911.3333333333
Maryland ,2024.0,2.0,1488057.3333333333
Maryland ,2024.0,3.0,1426974.0
Maryland ,2024.0,4.0,1372899.3333333333
Massachusetts,2014.0,1.0,1698474.6666666667
Massachusetts,2014.0,2.0,1783727.0
Massachusetts,2014.0,3.0,1866897.3333333333
Massachusetts,2014.0,4.0,1951849.6666666667
Massachusetts,2015.0,1.0,1948792.0
Massachusetts,2015.0,2.0,1774243.6666666667
Massachusetts,2015.0,3.0,1780364.0
Massachusetts,2015.0,4.0,1827500.0
Massachusetts,2016.0,1.0,1836338.3333333333
Massachusetts,2016.0,2.0,1807845.6666666667
Massachusetts,2016.0,3.0,1835916.6666666667
Massachusetts,2016.0,4.0,1862783.6666666667
Massachusetts,2017.0,1.0,1827548.0
Massachusetts,2017.0,2.0,1815268.3333333333
Massachusetts,2017.0,3.0,1768131.0
Massachusetts,2017.0,4.0,1740366.0
Massachusetts,2018.0,1.0,1878095.3333333333
Massachusetts,2018.0,2.0,1830304.0
Massachusetts,2018.0,3.0,1766586.0
Massachusetts,2018.0,4.0,1739616.6666666667
Massachusetts,2019.0,1.0,1462917.6666666667
Massachusetts,2019.0,2.0,1450171.6666666667
Massachusetts,2019.0,3.0,1727308.6666666667
Massachusetts,2019.0,4.0,1706651.6666666667
Massachusetts,2020.0,1.0,1703807.6666666667
Massachusetts,2020.0,2.0,1705358.3333333333
Massachusetts,2020.0,3.0,1753054.6666666667
Massachusetts,2020.0,4.0,1784354.3333333333
Massachusetts,2021.0,1.0,1843112.0
Massachusetts,2021.0,2.0,1884848.3333333333
Massachusetts,2021.0,3.0,1953086.0
Massachusetts,2021.0,4.0,2055273.6666666667
Massachusetts,2022.0,1.0,2053507.3333333333
Massachusetts,2022.0,2.0,2083138.6666666667
Massachusetts,2022.0,3.0,2125770.6666666665
Massachusetts,2022.0,4.0,2184993.3333333335
Massachusetts,2023.0,1.0,2229437.3333333335
Massachusetts,2023.0,2.0,2278629.3333333335
Massachusetts,2023.0,3.0,2274257.6666666665
Massachusetts ,2023.0,4.0,2209795.3333333335
Massachusetts ,2024.0,1.0,2074914.6666666667
Massachusetts ,2024.0,2.0,1996287.6666666667
Massachusetts ,2024.0,3.0,2003834.6666666667
Massachusetts ,2024.0,4.0,2016810.3333333333
Michigan,2014.0,1.0,1808995.0
Michigan,2014.0,2.0,2072678.0
Michigan,2014.0,3.0,2127954.6666666665
Michigan,2014.0,4.0,2143468.6666666665
Michigan,2015.0,1.0,2230228.3333333335
Michigan,2015.0,2.0,2269138.6666666665
Michigan,2015.0,3.0,2298231.0
Michigan,2015.0,4.0,2286387.6666666665
Michigan,2016.0,1.0,2316592.0
Michigan,2016.0,2.0,2316305.0
Michigan,2016.0,3.0,2307625.0
Michigan,2016.0,4.0,2350128.3333333335
Michigan,2017.0,1.0,2393812.3333333335
Michigan,2017.0,2.0,2107279.3333333335
Michigan,2017.0,3.0,1612240.6666666667
Michigan,2017.0,4.0,2432629.3333333335
Michigan,2018.0,1.0,2447338.0
Michigan,2018.0,2.0,2440101.3333333335
Michigan,2018.0,3.0,2434395.3333333335
Michigan,2018.0,4.0,2423788.0
Michigan,2019.0,1.0,2433139.3333333335
Michigan,2019.0,2.0,2402479.0
Michigan,2019.0,3.0,2375436.3333333335
Michigan,2019.0,4.0,2384103.6666666665
Michigan,2020.0,1.0,2410589.3333333335
Michigan,2020.0,2.0,2501887.0
Michigan,2020.0,3.0,2599339.0
Michigan,2020.0,4.0,2692540.3333333335
Michigan,2021.0,1.0,2769102.3333333335
Michigan,2021.0,2.0,2813740.3333333335
Michigan,2021.0,3.0,2847527.3333333335
Michigan,2021.0,4.0,2890871.6666666665
Michigan,2022.0,1.0,2929334.3333333335
Michigan,2022.0,2.0,2960733.3333333335
Michigan,2022.0,3.0,3001142.3333333335
Michigan,2022.0,4.0,3042227.6666666665
Michigan,2023.0,1.0,3082259.0
Michigan,2023.0,2.0,3109684.6666666665
Michigan,2023.0,3.0,3053203.0
Michigan ,2023.0,4.0,2832446.0
Michigan ,2024.0,1.0,2657247.0
Michigan ,2024.0,2.0,2464790.3333333335
Michigan ,2024.0,3.0,2365379.6666666665
Michigan ,2024.0,4.0,2371853.3333333335
Minnesota,2014.0,1.0,963670.6666666666
Minnesota,2014.0,2.0,1026671.0
Minnesota,2014.0,3.0,1070196.0
Minnesota,2014.0,4.0,1103534.6666666667
Minnesota,2015.0,1.0,1153600.6666666667
Minnesota,2015.0,2.0,1157693.3333333333
Minnesota,2015.0,3.0,1158247.0
Minnesota,2015.0,4.0,1190646.3333333333
Minnesota,2016.0,1.0,1178357.6666666667
Minnesota,2016.0,2.0,1163022.3333333333
Minnesota,2016.0,3.0,1159202.3333333333
Minnesota,2016.0,4.0,1143529.0
Minnesota,2017.0,1.0,1142545.3333333333
Minnesota,2017.0,2.0,1157744.0
Minnesota,2017.0,3.0,1078559.3333333333
Minnesota,2017.0,4.0,1088368.6666666667
Minnesota,2018.0,1.0,1093775.3333333333
Minnesota,2018.0,2.0,1096979.6666666667
Minnesota,2018.0,3.0,1093616.3333333333
Minnesota,2018.0,4.0,1079819.3333333333
Minnesota,2019.0,1.0,1065215.3333333333
Minnesota,2019.0,2.0,1058273.6666666667
Minnesota,2019.0,3.0,1057468.6666666667
Minnesota,2019.0,4.0,1051726.6666666667
Minnesota,2020.0,1.0,1056514.0
Minnesota,2020.0,2.0,1092638.6666666667
Minnesota,2020.0,3.0,1133440.3333333333
Minnesota,2020.0,4.0,1170814.0
Minnesota,2021.0,1.0,1206916.3333333333
Minnesota,2021.0,2.0,1232863.3333333333
Minnesota,2021.0,3.0,1258377.6666666667
Minnesota,2021.0,4.0,1280759.6666666667
Minnesota,2022.0,1.0,1307001.3333333333
Minnesota,2022.0,2.0,1326701.0
Minnesota,2022.0,3.0,1352462.0
Minnesota,2022.0,4.0,1380851.0
Minnesota,2023.0,1.0,1404802.0
Minnesota,2023.0,2.0,1421809.0
Minnesota,2023.0,3.0,1391424.3333333333
Minnesota ,2023.0,4.0,1361521.6666666667
Minnesota ,2024.0,1.0,1272915.6666666667
Minnesota ,2024.0,2.0,1195697.6666666667
Minnesota ,2024.0,3.0,1191418.0
Minnesota ,2024.0,4.0,1177608.3333333333
Mississippi,2014.0,1.0,653320.3333333334
Mississippi,2014.0,2.0,682017.0
Mississippi,2014.0,3.0,700201.0
Mississippi,2014.0,4.0,719890.3333333334
Mississippi,2015.0,1.0,745445.3333333334
Mississippi,2015.0,2.0,743358.0
Mississippi,2015.0,3.0,733922.0
Mississippi,2015.0,4.0,725012.3333333334
Mississippi,2016.0,1.0,728075.0
Mississippi,2016.0,2.0,727804.3333333334
Mississippi,2016.0,3.0,719768.3333333334
Mississippi,2016.0,4.0,713800.0
Mississippi,2017.0,1.0,713307.6666666666
Mississippi,2017.0,2.0,712256.6666666666
Mississippi,2017.0,3.0,708525.3333333334
Mississippi,2017.0,4.0,704534.3333333334
Mississippi,2018.0,1.0,696256.0
Mississippi,2018.0,2.0,687221.0
Mississippi,2018.0,3.0,677417.0
Mississippi,2018.0,4.0,672875.6666666666
Mississippi,2019.0,1.0,674603.3333333334
Mississippi,2019.0,2.0,674250.6666666666
Mississippi,2019.0,3.0,672577.6666666666
Mississippi,2019.0,4.0,672181.0
Mississippi,2020.0,1.0,671046.3333333334
Mississippi,2020.0,2.0,684695.3333333334
Mississippi,2020.0,3.0,713047.3333333334
Mississippi,2020.0,4.0,735130.6666666666
Mississippi,2021.0,1.0,752850.3333333334
Mississippi,2021.0,2.0,768287.6666666666
Mississippi,2021.0,3.0,781131.0
Mississippi,2021.0,4.0,792699.0
Mississippi,2022.0,1.0,802427.3333333334
Mississippi,2022.0,2.0,810856.6666666666
Mississippi,2022.0,3.0,821454.0
Mississippi,2022.0,4.0,835375.0
Mississippi,2023.0,1.0,849869.6666666666
Mississippi,2023.0,2.0,859587.3333333334
Mississippi,2023.0,3.0,814612.0
Mississippi ,2023.0,4.0,768278.6666666666
Mississippi ,2024.0,1.0,749043.0
Mississippi ,2024.0,2.0,684747.3333333334
Mississippi ,2024.0,3.0,656481.0
Mississippi ,2024.0,4.0,656719.0
Missouri,2014.0,1.0,783371.0
Missouri,2014.0,2.0,777803.6666666666
Missouri,2014.0,3.0,796792.3333333334
Missouri,2014.0,4.0,833203.0
Missouri,2015.0,1.0,869805.0
Missouri,2015.0,2.0,916203.0
Missouri,2015.0,3.0,934890.3333333334
Missouri,2015.0,4.0,951777.0
Missouri,2016.0,1.0,966336.0
Missouri,2016.0,2.0,975557.3333333334
Missouri,2016.0,3.0,978994.3333333334
Missouri,2016.0,4.0,988131.6666666666
Missouri,2017.0,1.0,987225.3333333334
Missouri,2017.0,2.0,982763.6666666666
Missouri,2017.0,3.0,975779.3333333334
Missouri,2017.0,4.0,969437.0
Missouri,2018.0,1.0,963390.0
Missouri,2018.0,2.0,962560.6666666666
Missouri,2018.0,3.0,938083.6666666666
Missouri,2018.0,4.0,905763.3333333334
Missouri,2019.0,1.0,889020.3333333334
Missouri,2019.0,2.0,858937.6666666666
Missouri,2019.0,3.0,838997.6666666666
Missouri,2019.0,4.0,837560.0
Missouri,2020.0,1.0,837966.3333333334
Missouri,2020.0,2.0,902855.0
Missouri,2020.0,3.0,955042.0
Missouri,2020.0,4.0,996597.0
Missouri,2021.0,1.0,1028149.0
Missouri,2021.0,2.0,1059809.0
Missouri,2021.0,3.0,1085323.6666666667
Missouri,2021.0,4.0,1135420.3333333333
Missouri,2022.0,1.0,1191943.3333333333
Missouri,2022.0,2.0,1263844.6666666667
Missouri,2022.0,3.0,1345694.6666666667
Missouri,2022.0,4.0,1413574.0
Missouri,2023.0,1.0,1472011.3333333333
Missouri,2023.0,2.0,1500431.0
Missouri,2023.0,3.0,1464300.6666666667
Missouri ,2023.0,4.0,1402820.6666666667
Missouri ,2024.0,1.0,1328407.3333333333
Missouri ,2024.0,2.0,1254017.3333333333
Missouri ,2024.0,3.0,1225167.6666666667
Missouri ,2024.0,4.0,1224405.6666666667
Montana,2014.0,1.0,148270.66666666666
Montana,2014.0,2.0,150069.33333333334
Montana,2014.0,3.0,146031.66666666666
Montana,2014.0,4.0,151561.66666666666
Montana,2015.0,1.0,128554.0
Montana,2015.0,2.0,131958.66666666666
Montana,2015.0,3.0,135499.66666666666
Montana,2015.0,4.0,138506.66666666666
Montana,2016.0,1.0,196647.0
Montana,2016.0,2.0,206482.0
Montana,2016.0,3.0,209136.66666666666
Montana,2016.0,4.0,223526.0
Montana,2017.0,1.0,226381.66666666666
Montana,2017.0,2.0,239372.0
Montana,2017.0,3.0,242843.66666666666
Montana,2017.0,4.0,246575.66666666666
Montana,2018.0,1.0,257005.0
Montana,2018.0,2.0,259752.33333333334
Montana,2018.0,3.0,257077.0
Montana,2018.0,4.0,257472.0
Montana,2019.0,1.0,258001.0
Montana,2019.0,2.0,255379.66666666666
Montana,2019.0,3.0,252092.33333333334
Montana,2019.0,4.0,248085.0
Montana,2020.0,1.0,240144.33333333334
Montana,2020.0,2.0,243010.0
Montana,2020.0,3.0,251398.66666666666
Montana,2020.0,4.0,261797.33333333334
Montana,2021.0,1.0,270313.3333333333
Montana,2021.0,2.0,275899.6666666667
Montana,2021.0,3.0,281404.6666666667
Montana,2021.0,4.0,287018.0
Montana,2022.0,1.0,292913.3333333333
Montana,2022.0,2.0,296747.3333333333
Montana,2022.0,3.0,300662.0
Montana,2022.0,4.0,306599.3333333333
Montana,2023.0,1.0,312812.0
Montana,2023.0,2.0,310275.3333333333
Montana,2023.0,3.0,274635.0
Montana ,2023.0,4.0,246243.33333333334
Montana ,2024.0,1.0,235771.33333333334
Montana ,2024.0,2.0,229313.0
Montana ,2024.0,3.0,220762.33333333334
Montana ,2024.0,4.0,214296.0
N. Mariana Islands,2014.0,1.0,17000.0
N. Mariana Islands,2014.0,2.0,17000.0
N. Mariana Islands,2014.0,3.0,17000.0
N. Mariana Islands,2014.0,4.0,17000.0
N. Mariana Islands,2015.0,1.0,17000.0
N. Mariana Islands,2015.0,2.0,17000.0
N. Mariana Islands,2015.0,3.0,17000.0
N. Mariana Islands,2015.0,4.0,17000.0
N. Mariana Islands,2016.0,1.0,17000.0
N. Mariana Islands,2016.0,2.0,17000.0
N. Mariana Islands,2016.0,3.0,17000.0
N. Mariana Islands,2016.0,4.0,15472.0
N. Mariana Islands,2017.0,1.0,15472.0
N. Mariana Islands,2017.0,2.0,15472.0
N. Mariana Islands,2017.0,3.0,15472.0
N. Mariana Islands,2017.0,4.0,1071.3333333333333
N. Mariana Islands,2018.0,1.0,1387.0
N. Mariana Islands,2018.0,2.0,1342.6666666666667
N. Mariana Islands,2018.0,3.0,17021.0
N. Mariana Islands,2018.0,4.0,15994.666666666666
N. Mariana Islands,2019.0,1.0,16125.666666666666
N. Mariana Islands,2019.0,2.0,16337.0
N. Mariana Islands,2019.0,3.0,16554.333333333332
N. Mariana Islands,2019.0,4.0,16110.666666666666
N. Mariana Islands,2020.0,1.0,16435.666666666668
N. Mariana Islands,2020.0,2.0,15952.666666666666
N. Mariana Islands,2020.0,3.0,16462.0
N. Mariana Islands,2020.0,4.0,15786.0
N. Mariana Islands,2021.0,1.0,16010.333333333334
N. Mariana Islands,2021.0,2.0,16668.666666666668
N. Mariana Islands,2021.0,3.0,16305.0
N. Mariana Islands,2021.0,4.0,15397.666666666666
N. Mariana Islands,2022.0,1.0,15277.0
N. Mariana Islands,2022.0,2.0,19700.0
N. Mariana Islands,2022.0,3.0,21511.0
N. Mariana Islands,2022.0,4.0,20648.0
N. Mariana Islands,2023.0,1.0,20648.0
N. Mariana Islands,2023.0,2.0,20620.0
N. Mariana Islands,2023.0,3.0,15837.666666666666
N. Mariana Islands ,2023.0,4.0,15669.666666666666
N. Mariana Islands ,2024.0,1.0,19747.333333333332
N. Mariana Islands ,2024.0,2.0,20936.666666666668
N. Mariana Islands ,2024.0,3.0,17114.666666666668
N. Mariana Islands ,2024.0,4.0,17114.666666666668
Nebraska,2014.0,1.0,234837.66666666666
Nebraska,2014.0,2.0,234534.0
Nebraska,2014.0,3.0,234866.0
Nebraska,2014.0,4.0,235203.33333333334
Nebraska,2015.0,1.0,235405.0
Nebraska,2015.0,2.0,233385.33333333334
Nebraska,2015.0,3.0,231824.0
Nebraska,2015.0,4.0,233169.33333333334
Nebraska,2016.0,1.0,234555.0
Nebraska,2016.0,2.0,236627.66666666666
Nebraska,2016.0,3.0,237685.33333333334
Nebraska,2016.0,4.0,239195.66666666666
Nebraska,2017.0,1.0,240132.66666666666
Nebraska,2017.0,2.0,240964.0
Nebraska,2017.0,3.0,259047.33333333334
Nebraska,2017.0,4.0,242860.33333333334
Nebraska,2018.0,1.0,246703.33333333334
Nebraska,2018.0,2.0,247011.66666666666
Nebraska,2018.0,3.0,245673.0
Nebraska,2018.0,4.0,244690.66666666666
Nebraska,2019.0,1.0,244896.0
Nebraska,2019.0,2.0,243623.66666666666
Nebraska,2019.0,3.0,241609.0
Nebraska,2019.0,4.0,237580.33333333334
Nebraska,2020.0,1.0,238864.66666666666
Nebraska,2020.0,2.0,245028.33333333334
Nebraska,2020.0,3.0,254702.33333333334
Nebraska,2020.0,4.0,292901.3333333333
Nebraska,2021.0,1.0,311750.6666666667
Nebraska,2021.0,2.0,326237.6666666667
Nebraska,2021.0,3.0,334842.3333333333
Nebraska,2021.0,4.0,349679.3333333333
Nebraska,2022.0,1.0,361824.3333333333
Nebraska,2022.0,2.0,375895.3333333333
Nebraska,2022.0,3.0,377983.6666666667
Nebraska,2022.0,4.0,387331.3333333333
Nebraska,2023.0,1.0,396163.0
Nebraska,2023.0,2.0,400764.0
Nebraska,2023.0,3.0,387581.6666666667
Nebraska ,2023.0,4.0,372487.6666666667
Nebraska ,2024.0,1.0,360684.6666666667
Nebraska ,2024.0,2.0,350884.3333333333
Nebraska ,2024.0,3.0,346170.0
Nebraska ,2024.0,4.0,342350.0
Nevada,2014.0,1.0,375691.6666666667
Nevada,2014.0,2.0,466724.6666666667
Nevada,2014.0,3.0,545434.0
Nevada,2014.0,4.0,541971.6666666666
Nevada,2015.0,1.0,525307.3333333334
Nevada,2015.0,2.0,525968.3333333334
Nevada,2015.0,3.0,560198.3333333334
Nevada,2015.0,4.0,574905.3333333334
Nevada,2016.0,1.0,589141.6666666666
Nevada,2016.0,2.0,590801.0
Nevada,2016.0,3.0,594836.3333333334
Nevada,2016.0,4.0,601304.6666666666
Nevada,2017.0,1.0,604565.0
Nevada,2017.0,2.0,607591.3333333334
Nevada,2017.0,3.0,591358.0
Nevada,2017.0,4.0,593741.3333333334
Nevada,2018.0,1.0,598776.3333333334
Nevada,2018.0,2.0,600836.3333333334
Nevada,2018.0,3.0,601428.0
Nevada,2018.0,4.0,595185.6666666666
Nevada,2019.0,1.0,588450.0
Nevada,2019.0,2.0,588139.3333333334
Nevada,2019.0,3.0,588055.0
Nevada,2019.0,4.0,583803.0
Nevada,2020.0,1.0,582305.6666666666
Nevada,2020.0,2.0,626920.0
Nevada,2020.0,3.0,670785.6666666666
Nevada,2020.0,4.0,703152.3333333334
Nevada,2021.0,1.0,729548.0
Nevada,2021.0,2.0,748063.6666666666
Nevada,2021.0,3.0,763191.6666666666
Nevada,2021.0,4.0,774734.0
Nevada,2022.0,1.0,792622.0
Nevada,2022.0,2.0,805413.3333333334
Nevada,2022.0,3.0,825640.0
Nevada,2022.0,4.0,825785.3333333334
Nevada,2023.0,1.0,836762.3333333334
Nevada,2023.0,2.0,849161.0
Nevada,2023.0,3.0,838824.0
Nevada ,2023.0,4.0,818508.6666666666
Nevada ,2024.0,1.0,805259.6666666666
Nevada ,2024.0,2.0,747207.3333333334
Nevada ,2024.0,3.0,713247.3333333334
Nevada ,2024.0,4.0,715784.6666666666
New Hampshire,2014.0,1.0,134475.0
New Hampshire,2014.0,2.0,138608.0
New Hampshire,2014.0,3.0,151625.0
New Hampshire,2014.0,4.0,164957.0
New Hampshire,2015.0,1.0,177542.33333333334
New Hampshire,2015.0,2.0,181618.0
New Hampshire,2015.0,3.0,184398.0
New Hampshire,2015.0,4.0,186721.33333333334
New Hampshire,2016.0,1.0,191189.0
New Hampshire,2016.0,2.0,190214.66666666666
New Hampshire,2016.0,3.0,189125.0
New Hampshire,2016.0,4.0,203535.66666666666
New Hampshire,2017.0,1.0,204552.66666666666
New Hampshire,2017.0,2.0,192123.66666666666
New Hampshire,2017.0,3.0,190677.0
New Hampshire,2017.0,4.0,191069.0
New Hampshire,2018.0,1.0,190611.33333333334
New Hampshire,2018.0,2.0,188675.0
New Hampshire,2018.0,3.0,187126.0
New Hampshire,2018.0,4.0,185878.33333333334
New Hampshire,2019.0,1.0,184983.33333333334
New Hampshire,2019.0,2.0,182051.66666666666
New Hampshire,2019.0,3.0,180449.66666666666
New Hampshire,2019.0,4.0,180971.66666666666
New Hampshire,2020.0,1.0,182648.0
New Hampshire,2020.0,2.0,190711.33333333334
New Hampshire,2020.0,3.0,198237.0
New Hampshire,2020.0,4.0,206438.0
New Hampshire,2021.0,1.0,213352.66666666666
New Hampshire,2021.0,2.0,217320.0
New Hampshire,2021.0,3.0,220918.33333333334
New Hampshire,2021.0,4.0,226012.33333333334
New Hampshire,2022.0,1.0,229563.66666666666
New Hampshire,2022.0,2.0,231079.33333333334
New Hampshire,2022.0,3.0,232814.66666666666
New Hampshire,2022.0,4.0,235615.33333333334
New Hampshire,2023.0,1.0,238673.66666666666
New Hampshire,2023.0,2.0,213121.33333333334
New Hampshire,2023.0,3.0,188074.33333333334
New Hampshire ,2023.0,4.0,181613.33333333334
New Hampshire ,2024.0,1.0,182014.66666666666
New Hampshire ,2024.0,2.0,181721.0
New Hampshire ,2024.0,3.0,183146.0
New Hampshire ,2024.0,4.0,182381.66666666666
New Jersey,2014.0,1.0,1418654.6666666667
New Jersey,2014.0,2.0,1518529.3333333333
New Jersey,2014.0,3.0,1585111.6666666667
New Jersey,2014.0,4.0,1640356.0
New Jersey,2015.0,1.0,1702086.6666666667
New Jersey,2015.0,2.0,1732712.3333333333
New Jersey,2015.0,3.0,1717624.0
New Jersey,2015.0,4.0,1695590.3333333333
New Jersey,2016.0,1.0,1702818.6666666667
New Jersey,2016.0,2.0,1702209.0
New Jersey,2016.0,3.0,1696926.3333333333
New Jersey,2016.0,4.0,1706122.0
New Jersey,2017.0,1.0,1718031.3333333333
New Jersey,2017.0,2.0,1707938.0
New Jersey,2017.0,3.0,1656112.6666666667
New Jersey,2017.0,4.0,1697427.0
New Jersey,2018.0,1.0,1696414.0
New Jersey,2018.0,2.0,1691372.6666666667
New Jersey,2018.0,3.0,1683237.3333333333
New Jersey,2018.0,4.0,1661822.3333333333
New Jersey,2019.0,1.0,1641006.0
New Jersey,2019.0,2.0,1598102.6666666667
New Jersey,2019.0,3.0,1612776.6666666667
New Jersey,2019.0,4.0,1604914.6666666667
New Jersey,2020.0,1.0,1594089.3333333333
New Jersey,2020.0,2.0,1643337.0
New Jersey,2020.0,3.0,1709909.3333333333
New Jersey,2020.0,4.0,1777972.6666666667
New Jersey,2021.0,1.0,1831061.0
New Jersey,2021.0,2.0,1871347.3333333333
New Jersey,2021.0,3.0,1911291.6666666667
New Jersey,2021.0,4.0,1950771.6666666667
New Jersey,2022.0,1.0,1988125.0
New Jersey,2022.0,2.0,2012417.0
New Jersey,2022.0,3.0,2037093.6666666667
New Jersey,2022.0,4.0,2064464.0
New Jersey,2023.0,1.0,2114591.0
New Jersey,2023.0,2.0,2152162.0
New Jersey,2023.0,3.0,2147700.6666666665
New Jersey ,2023.0,4.0,2009489.0
New Jersey ,2024.0,1.0,1912577.6666666667
New Jersey ,2024.0,2.0,1808384.0
New Jersey ,2024.0,3.0,1702937.0
New Jersey ,2024.0,4.0,1684135.0
New Mexico,2014.0,1.0,634002.0
New Mexico,2014.0,2.0,678716.3333333334
New Mexico,2014.0,3.0,719601.0
New Mexico,2014.0,4.0,747771.6666666666
New Mexico,2015.0,1.0,780569.6666666666
New Mexico,2015.0,2.0,800366.3333333334
New Mexico,2015.0,3.0,823341.3333333334
New Mexico,2015.0,4.0,836987.3333333334
New Mexico,2016.0,1.0,853089.0
New Mexico,2016.0,2.0,863801.6666666666
New Mexico,2016.0,3.0,879248.0
New Mexico,2016.0,4.0,881068.3333333334
New Mexico,2017.0,1.0,905957.6666666666
New Mexico,2017.0,2.0,903355.0
New Mexico,2017.0,3.0,876594.3333333334
New Mexico,2017.0,4.0,855981.6666666666
New Mexico,2018.0,1.0,859378.3333333334
New Mexico,2018.0,2.0,848042.0
New Mexico,2018.0,3.0,833604.6666666666
New Mexico,2018.0,4.0,834189.3333333334
New Mexico,2019.0,1.0,835147.3333333334
New Mexico,2019.0,2.0,830416.0
New Mexico,2019.0,3.0,829129.6666666666
New Mexico,2019.0,4.0,831013.3333333334
New Mexico,2020.0,1.0,833443.3333333334
New Mexico,2020.0,2.0,855199.3333333334
New Mexico,2020.0,3.0,880175.3333333334
New Mexico,2020.0,4.0,901119.3333333334
New Mexico,2021.0,1.0,918920.3333333334
New Mexico,2021.0,2.0,930261.0
New Mexico,2021.0,3.0,943103.6666666666
New Mexico,2021.0,4.0,951273.3333333334
New Mexico,2022.0,1.0,965309.0
New Mexico,2022.0,2.0,972625.6666666666
New Mexico,2022.0,3.0,982044.6666666666
New Mexico,2022.0,4.0,986869.3333333334
New Mexico,2023.0,1.0,994323.0
New Mexico,2023.0,2.0,967862.3333333334
New Mexico,2023.0,3.0,898978.3333333334
New Mexico ,2023.0,4.0,896826.3333333334
New Mexico ,2024.0,1.0,887423.0
New Mexico ,2024.0,2.0,881800.6666666666
New Mexico ,2024.0,3.0,887980.0
New Mexico ,2024.0,4.0,858963.3333333334
New York,2014.0,1.0,2118520.0
New York,2014.0,2.0,5763402.666666667
New York,2014.0,3.0,5849728.0
New York,2014.0,4.0,5963999.333333333
New York,2015.0,1.0,6104954.666666667
New York,2015.0,2.0,6655606.333333333
New York,2015.0,3.0,6596058.333333333
New York,2015.0,4.0,6309165.333333333
New York,2016.0,1.0,6151755.666666667
New York,2016.0,2.0,6127780.333333333
New York,2016.0,3.0,6119869.0
New York,2016.0,4.0,6093051.333333333
New York,2017.0,1.0,6094997.333333333
New York,2017.0,2.0,6121836.0
New York,2017.0,3.0,6106654.0
New York,2017.0,4.0,6141576.0
New York,2018.0,1.0,6168095.666666667
New York,2018.0,2.0,6160723.666666667
New York,2018.0,3.0,6155684.333333333
New York,2018.0,4.0,6150913.666666667
New York,2019.0,1.0,6139991.0
New York,2019.0,2.0,6095223.0
New York,2019.0,3.0,6107596.333333333
New York,2019.0,4.0,6086837.0
New York,2020.0,1.0,6065989.333333333
New York,2020.0,2.0,6270436.666666667
New York,2020.0,3.0,6513092.333333333
New York,2020.0,4.0,6707414.0
New York,2021.0,1.0,6891325.333333333
New York,2021.0,2.0,7019416.333333333
New York,2021.0,3.0,7177344.333333333
New York,2021.0,4.0,7299709.666666667
New York,2022.0,1.0,7394283.666666667
New York,2022.0,2.0,7469425.666666667
New York,2022.0,3.0,7581013.666666667
New York,2022.0,4.0,7702166.333333333
New York,2023.0,1.0,7834377.333333333
New York,2023.0,2.0,7955525.0
New York,2023.0,3.0,7817652.333333333
New York ,2023.0,4.0,7613179.333333333
New York ,2024.0,1.0,7365472.0
New York ,2024.0,2.0,7099787.666666667
New York ,2024.0,3.0,6984580.333333333
New York ,2024.0,4.0,6954550.333333333
North Carolina,2014.0,1.0,1817853.3333333333
North Carolina,2014.0,2.0,1857726.0
North Carolina,2014.0,3.0,1890528.3333333333
North Carolina,2014.0,4.0,1924695.0
North Carolina,2015.0,1.0,1964400.6666666667
North Carolina,2015.0,2.0,1975593.0
North Carolina,2015.0,3.0,1975321.0
North Carolina,2015.0,4.0,1994253.6666666667
North Carolina,2016.0,1.0,2031892.0
North Carolina,2016.0,2.0,2040774.6666666667
North Carolina,2016.0,3.0,2056434.6666666667
North Carolina,2016.0,4.0,2080202.6666666667
North Carolina,2017.0,1.0,2091461.6666666667
North Carolina,2017.0,2.0,2089079.3333333333
North Carolina,2017.0,3.0,2069763.3333333333
North Carolina,2017.0,4.0,2137631.0
North Carolina,2018.0,1.0,2155117.0
North Carolina,2018.0,2.0,2164444.3333333335
North Carolina,2018.0,3.0,2180959.3333333335
North Carolina,2018.0,4.0,2180708.3333333335
North Carolina,2019.0,1.0,2171385.0
North Carolina,2019.0,2.0,2136004.3333333335
North Carolina,2019.0,3.0,2173067.0
North Carolina,2019.0,4.0,2165236.0
North Carolina,2020.0,1.0,2153833.6666666665
North Carolina,2020.0,2.0,2213258.3333333335
North Carolina,2020.0,3.0,2289944.0
North Carolina,2020.0,4.0,2380372.0
North Carolina,2021.0,1.0,2453310.6666666665
North Carolina,2021.0,2.0,2512176.3333333335
North Carolina,2021.0,3.0,2579149.3333333335
North Carolina,2021.0,4.0,2647661.0
North Carolina,2022.0,1.0,2713350.3333333335
North Carolina,2022.0,2.0,2763901.0
North Carolina,2022.0,3.0,2825201.3333333335
North Carolina,2022.0,4.0,2886698.3333333335
North Carolina,2023.0,1.0,2944013.0
North Carolina,2023.0,2.0,3011706.6666666665
North Carolina,2023.0,3.0,2956922.0
North Carolina ,2023.0,4.0,2955245.6666666665
North Carolina ,2024.0,1.0,3017497.3333333335
North Carolina ,2024.0,2.0,3044770.3333333335
North Carolina ,2024.0,3.0,3072878.6666666665
North Carolina ,2024.0,4.0,3115827.3333333335
North Dakota,2014.0,1.0,77848.0
North Dakota,2014.0,2.0,80475.0
North Dakota,2014.0,3.0,79207.66666666667
North Dakota,2014.0,4.0,82088.66666666667
North Dakota,2015.0,1.0,86128.33333333333
North Dakota,2015.0,2.0,86825.0
North Dakota,2015.0,3.0,86668.66666666667
North Dakota,2015.0,4.0,87131.66666666667
North Dakota,2016.0,1.0,91794.0
North Dakota,2016.0,2.0,93247.33333333333
North Dakota,2016.0,3.0,93377.0
North Dakota,2017.0,1.0,92094.66666666667
North Dakota,2017.0,3.0,92164.5
North Dakota,2017.0,4.0,93110.66666666667
North Dakota,2018.0,1.0,93162.0
North Dakota,2018.0,2.0,93856.0
North Dakota,2018.0,3.0,92224.66666666667
North Dakota,2018.0,4.0,90829.66666666667
North Dakota,2019.0,1.0,89512.66666666667
North Dakota,2019.0,2.0,89836.33333333333
North Dakota,2019.0,3.0,88958.66666666667
North Dakota,2019.0,4.0,88656.33333333333
North Dakota,2020.0,1.0,89978.33333333333
North Dakota,2020.0,2.0,94455.0
North Dakota,2020.0,3.0,102093.33333333333
North Dakota,2020.0,4.0,109145.66666666667
North Dakota,2021.0,1.0,111339.0
North Dakota,2021.0,2.0,114918.66666666667
North Dakota,2021.0,3.0,113420.33333333333
North Dakota,2021.0,4.0,118304.0
North Dakota,2022.0,1.0,121531.66666666667
North Dakota,2022.0,2.0,124499.33333333333
North Dakota,2022.0,3.0,127539.33333333333
North Dakota,2022.0,4.0,130585.33333333333
North Dakota,2023.0,1.0,134089.0
North Dakota,2023.0,2.0,135983.66666666666
North Dakota,2023.0,3.0,123595.33333333333
North Dakota ,2023.0,4.0,117393.66666666667
North Dakota ,2024.0,1.0,111087.0
North Dakota ,2024.0,2.0,105558.33333333333
North Dakota ,2024.0,3.0,106143.66666666667
North Dakota ,2024.0,4.0,107198.33333333333
North Dakota *,2016.0,4.0,93473.0
North Dakota *,2017.0,2.0,92350.66666666667
North Dakota *,2017.0,3.0,92363.0
Ohio,2014.0,1.0,2525791.0
Ohio,2014.0,2.0,2704811.6666666665
Ohio,2014.0,3.0,2822278.6666666665
Ohio,2014.0,4.0,2898000.0
Ohio,2015.0,1.0,3025517.3333333335
Ohio,2015.0,2.0,3075711.6666666665
Ohio,2015.0,3.0,3056696.0
Ohio,2015.0,4.0,3144226.6666666665
Ohio,2016.0,1.0,3160755.0
Ohio,2016.0,2.0,3105967.0
Ohio,2016.0,3.0,3052833.0
Ohio,2016.0,4.0,3062046.6666666665
Ohio,2017.0,1.0,3080616.6666666665
Ohio,2017.0,2.0,3079689.0
Ohio,2017.0,3.0,3048904.0
Ohio,2017.0,4.0,3040206.6666666665
Ohio,2018.0,1.0,3012423.6666666665
Ohio,2018.0,2.0,2962712.0
Ohio,2018.0,3.0,2927230.0
Ohio,2018.0,4.0,2880530.0
Ohio,2019.0,1.0,2845402.3333333335
Ohio,2019.0,2.0,2800104.3333333335
Ohio,2019.0,3.0,2825976.6666666665
Ohio,2019.0,4.0,2787555.3333333335
Ohio,2020.0,1.0,2757556.0
Ohio,2020.0,2.0,2887718.0
Ohio,2020.0,3.0,2942478.0
Ohio,2020.0,4.0,3125999.3333333335
Ohio,2021.0,1.0,3194655.3333333335
Ohio,2021.0,2.0,3246665.0
Ohio,2021.0,3.0,3305806.0
Ohio,2021.0,4.0,3364563.0
Ohio,2022.0,1.0,3418973.6666666665
Ohio,2022.0,2.0,3459929.3333333335
Ohio,2022.0,3.0,3484553.3333333335
Ohio,2022.0,4.0,3537770.0
Ohio,2023.0,1.0,3627297.6666666665
Ohio,2023.0,2.0,3618788.6666666665
Ohio,2023.0,3.0,3474786.3333333335
Ohio ,2023.0,4.0,3341900.0
Ohio ,2024.0,1.0,3249536.6666666665
Ohio ,2024.0,2.0,3149224.3333333335
Ohio ,2024.0,3.0,3108944.3333333335
Ohio ,2024.0,4.0,3094191.0
Oklahoma,2014.0,1.0,762574.3333333334
Oklahoma,2014.0,2.0,737985.3333333334
Oklahoma,2014.0,3.0,754773.0
Oklahoma,2014.0,4.0,753331.6666666666
Oklahoma,2015.0,1.0,748960.3333333334
Oklahoma,2015.0,2.0,758565.3333333334
Oklahoma,2015.0,3.0,697406.6666666666
Oklahoma,2015.0,4.0,684158.3333333334
Oklahoma,2016.0,1.0,666786.0
Oklahoma,2016.0,2.0,660313.0
Oklahoma,2016.0,3.0,670541.6666666666
Oklahoma,2016.0,4.0,678001.6666666666
Oklahoma,2017.0,1.0,679641.3333333334
Oklahoma,2017.0,2.0,675692.6666666666
Oklahoma,2017.0,3.0,669365.6666666666
Oklahoma,2017.0,4.0,661396.3333333334
Oklahoma,2018.0,1.0,651388.6666666666
Oklahoma,2018.0,2.0,650472.6666666666
Oklahoma,2018.0,3.0,651897.6666666666
Oklahoma,2018.0,4.0,647649.6666666666
Oklahoma,2019.0,1.0,641332.6666666666
Oklahoma,2019.0,2.0,640718.6666666666
Oklahoma,2019.0,3.0,645974.3333333334
Oklahoma,2019.0,4.0,639366.3333333334
Oklahoma,2020.0,1.0,643023.6666666666
Oklahoma,2020.0,2.0,696884.6666666666
Oklahoma,2020.0,3.0,749078.3333333334
Oklahoma,2020.0,4.0,790520.3333333334
Oklahoma,2021.0,1.0,815059.0
Oklahoma,2021.0,2.0,833734.3333333334
Oklahoma,2021.0,3.0,925393.3333333334
Oklahoma,2021.0,4.0,1058042.3333333333
Oklahoma,2022.0,1.0,1103326.3333333333
Oklahoma,2022.0,2.0,1139145.6666666667
Oklahoma,2022.0,3.0,1185053.6666666667
Oklahoma,2022.0,4.0,1219591.3333333333
Oklahoma,2023.0,1.0,1251324.6666666667
Oklahoma,2023.0,2.0,1243144.6666666667
Oklahoma,2023.0,3.0,1158626.0
Oklahoma ,2023.0,4.0,1020254.6666666666
Oklahoma ,2024.0,1.0,1011640.3333333334
Oklahoma ,2024.0,2.0,983070.0
Oklahoma ,2024.0,3.0,982299.3333333334
Oklahoma ,2024.0,4.0,972180.6666666666
Oregon,2014.0,1.0,960737.6666666666
Oregon,2014.0,2.0,965964.0
Oregon,2014.0,3.0,994433.3333333334
Oregon,2014.0,4.0,1013541.0
Oregon,2015.0,1.0,1065066.0
Oregon,2015.0,2.0,1097998.0
Oregon,2015.0,3.0,1089608.0
Oregon,2015.0,4.0,1071514.6666666667
Oregon,2016.0,1.0,1098303.6666666667
Oregon,2016.0,2.0,1080119.3333333333
Oregon,2016.0,3.0,1033315.6666666666
Oregon,2016.0,4.0,1001882.3333333334
Oregon,2017.0,1.0,994107.3333333334
Oregon,2017.0,2.0,1012950.0
Oregon,2017.0,3.0,978692.0
Oregon,2017.0,4.0,965543.3333333334
Oregon,2018.0,1.0,960257.0
Oregon,2018.0,2.0,957699.0
Oregon,2018.0,3.0,954984.6666666666
Oregon,2018.0,4.0,955111.0
Oregon,2019.0,1.0,963173.0
Oregon,2019.0,2.0,962991.0
Oregon,2019.0,3.0,962710.3333333334
Oregon,2019.0,4.0,968203.0
Oregon,2020.0,1.0,979283.6666666666
Oregon,2020.0,2.0,1021751.0
Oregon,2020.0,3.0,1061010.6666666667
Oregon,2020.0,4.0,1104632.0
Oregon,2021.0,1.0,1143604.6666666667
Oregon,2021.0,2.0,1162912.0
Oregon,2021.0,3.0,1185055.3333333333
Oregon,2021.0,4.0,1206366.0
Oregon,2022.0,1.0,1230270.3333333333
Oregon,2022.0,2.0,1248745.3333333333
Oregon,2022.0,3.0,1275239.6666666667
Oregon,2022.0,4.0,1293361.6666666667
Oregon,2023.0,1.0,1318042.0
Oregon,2023.0,2.0,1341424.3333333333
Oregon,2023.0,3.0,1347756.0
Oregon ,2023.0,4.0,1331191.6666666667
Oregon ,2024.0,1.0,1298126.0
Oregon ,2024.0,2.0,1280102.3333333333
Oregon ,2024.0,3.0,1276308.0
Oregon ,2024.0,4.0,1300680.3333333333
Pennsylvania,2014.0,1.0,2075442.0
Pennsylvania,2014.0,2.0,2102136.6666666665
Pennsylvania,2014.0,3.0,2085016.3333333333
Pennsylvania,2014.0,4.0,2086113.0
Pennsylvania,2015.0,1.0,2376836.0
Pennsylvania,2015.0,2.0,2512299.0
Pennsylvania,2015.0,3.0,2585787.0
Pennsylvania,2015.0,4.0,2642836.6666666665
Pennsylvania,2016.0,1.0,2715743.3333333335
Pennsylvania,2016.0,2.0,2758595.0
Pennsylvania,2016.0,3.0,2789370.3333333335
Pennsylvania,2016.0,4.0,2811331.3333333335
Pennsylvania,2017.0,1.0,2850454.6666666665
Pennsylvania,2017.0,2.0,2849530.3333333335
Pennsylvania,2017.0,3.0,2759163.0
Pennsylvania,2017.0,4.0,2723214.0
Pennsylvania,2018.0,1.0,2744836.3333333335
Pennsylvania,2018.0,2.0,2732714.6666666665
Pennsylvania,2018.0,3.0,2876101.3333333335
Pennsylvania,2018.0,4.0,2858014.0
Pennsylvania,2019.0,1.0,2861822.3333333335
Pennsylvania,2019.0,2.0,2858732.6666666665
Pennsylvania,2019.0,3.0,2844503.6666666665
Pennsylvania,2019.0,4.0,2827303.3333333335
Pennsylvania,2020.0,1.0,2833186.0
Pennsylvania,2020.0,2.0,2929918.0
Pennsylvania,2020.0,3.0,3035281.3333333335
Pennsylvania,2020.0,4.0,3127815.6666666665
Pennsylvania,2021.0,1.0,3214154.6666666665
Pennsylvania,2021.0,2.0,3274376.0
Pennsylvania,2021.0,3.0,3335824.0
Pennsylvania,2021.0,4.0,3402413.3333333335
Pennsylvania,2022.0,1.0,3460141.3333333335
Pennsylvania,2022.0,2.0,3510264.0
Pennsylvania,2022.0,3.0,3563464.0
Pennsylvania,2022.0,4.0,3615802.0
Pennsylvania,2023.0,1.0,3674688.6666666665
Pennsylvania,2023.0,2.0,3681047.3333333335
Pennsylvania,2023.0,3.0,3528116.6666666665
Pennsylvania ,2023.0,4.0,3342062.0
Pennsylvania ,2024.0,1.0,3201595.3333333335
Pennsylvania ,2024.0,2.0,3031064.3333333335
Pennsylvania ,2024.0,3.0,2993647.0
Pennsylvania ,2024.0,4.0,2991915.0
Puerto Rico,2014.0,1.0,1315722.0
Puerto Rico,2014.0,2.0,1227357.6666666667
Puerto Rico,2014.0,3.0,1791646.6666666667
Puerto Rico,2014.0,4.0,1343084.0
Puerto Rico,2015.0,1.0,1128136.3333333333
Puerto Rico,2015.0,2.0,1123700.0
Puerto Rico,2015.0,3.0,1111919.6666666667
Puerto Rico,2015.0,4.0,1322290.3333333333
Puerto Rico,2016.0,1.0,1288133.6666666667
Puerto Rico,2016.0,2.0,1273686.3333333333
Puerto Rico,2016.0,3.0,1278524.3333333333
Puerto Rico,2016.0,4.0,1281075.0
Puerto Rico,2017.0,1.0,1249693.0
Puerto Rico,2017.0,2.0,1261764.3333333333
Puerto Rico,2017.0,3.0,1234244.0
Puerto Rico,2017.0,4.0,1242147.3333333333
Puerto Rico,2018.0,1.0,1262539.6666666667
Puerto Rico,2018.0,2.0,1275169.6666666667
Puerto Rico,2018.0,3.0,1255491.6666666667
Puerto Rico,2018.0,4.0,1231235.3333333333
Puerto Rico,2019.0,1.0,1207282.0
Puerto Rico,2019.0,2.0,1231304.3333333333
Puerto Rico,2019.0,3.0,1161542.6666666667
Puerto Rico,2019.0,4.0,1167571.0
Puerto Rico,2020.0,1.0,1151624.6666666667
Puerto Rico,2020.0,2.0,1162666.6666666667
Puerto Rico,2020.0,3.0,1190864.6666666667
Puerto Rico,2020.0,4.0,1260051.6666666667
Puerto Rico,2021.0,1.0,1388531.3333333333
Puerto Rico,2021.0,2.0,1414378.0
Puerto Rico,2021.0,3.0,1436039.6666666667
Puerto Rico,2021.0,4.0,1438562.3333333333
Puerto Rico,2022.0,1.0,1447054.3333333333
Puerto Rico,2022.0,2.0,1458452.0
Puerto Rico,2022.0,3.0,1473779.6666666667
Puerto Rico,2022.0,4.0,1494320.0
Puerto Rico,2023.0,1.0,1508394.0
Puerto Rico,2023.0,2.0,1525733.0
Puerto Rico,2023.0,3.0,1525904.3333333333
Puerto Rico ,2023.0,4.0,1529332.6666666667
Puerto Rico ,2024.0,1.0,1421092.6666666667
Puerto Rico ,2024.0,2.0,1402269.0
Puerto Rico ,2024.0,3.0,1366627.3333333333
Puerto Rico ,2024.0,4.0,1354819.3333333333
Rhode Island,2014.0,1.0,236095.0
Rhode Island,2014.0,2.0,257892.33333333334
Rhode Island,2014.0,3.0,263271.3333333333
Rhode Island,2014.0,4.0,266400.6666666667
Rhode Island,2015.0,1.0,273303.0
Rhode Island,2015.0,2.0,275432.6666666667
Rhode Island,2015.0,3.0,277181.0
Rhode Island,2015.0,4.0,277133.0
Rhode Island,2016.0,1.0,280390.0
Rhode Island,2016.0,2.0,281826.3333333333
Rhode Island,2016.0,3.0,285220.0
Rhode Island,2016.0,4.0,290357.3333333333
Rhode Island,2017.0,1.0,302152.6666666667
Rhode Island,2017.0,2.0,310248.6666666667
Rhode Island,2017.0,3.0,310419.3333333333
Rhode Island,2017.0,4.0,309330.0
Rhode Island,2018.0,1.0,309026.3333333333
Rhode Island,2018.0,2.0,309148.6666666667
Rhode Island,2018.0,3.0,309060.0
Rhode Island,2018.0,4.0,308324.0
Rhode Island,2019.0,1.0,304989.6666666667
Rhode Island,2019.0,2.0,301080.6666666667
Rhode Island,2019.0,3.0,297897.6666666667
Rhode Island,2019.0,4.0,291180.6666666667
Rhode Island,2020.0,1.0,288143.6666666667
Rhode Island,2020.0,2.0,299125.0
Rhode Island,2020.0,3.0,307870.0
Rhode Island,2020.0,4.0,316760.0
Rhode Island,2021.0,1.0,331100.0
Rhode Island,2021.0,2.0,329581.0
Rhode Island,2021.0,3.0,334515.3333333333
Rhode Island,2021.0,4.0,338846.3333333333
Rhode Island,2022.0,1.0,342095.3333333333
Rhode Island,2022.0,2.0,345802.0
Rhode Island,2022.0,3.0,345624.6666666667
Rhode Island,2022.0,4.0,349166.6666666667
Rhode Island,2023.0,1.0,358693.0
Rhode Island,2023.0,2.0,362387.0
Rhode Island,2023.0,3.0,360578.3333333333
Rhode Island ,2023.0,4.0,346808.3333333333
Rhode Island ,2024.0,1.0,332370.0
Rhode Island ,2024.0,2.0,313946.3333333333
Rhode Island ,2024.0,3.0,308972.0
Rhode Island ,2024.0,4.0,129774.33333333333
South Carolina,2014.0,1.0,1039117.3333333334
South Carolina,2014.0,2.0,1085082.0
South Carolina,2014.0,3.0,1152322.0
South Carolina,2014.0,4.0,1188550.3333333333
South Carolina,2015.0,1.0,1198877.0
South Carolina,2015.0,2.0,1212541.6666666667
South Carolina,2015.0,3.0,1216055.0
South Carolina,2015.0,4.0,1169052.0
South Carolina,2016.0,1.0,1195425.3333333333
South Carolina,2016.0,2.0,1227287.3333333333
South Carolina,2016.0,3.0,1232724.3333333333
South Carolina,2016.0,4.0,1260202.6666666667
South Carolina,2017.0,1.0,1257655.0
South Carolina,2017.0,2.0,1248809.6666666667
South Carolina,2017.0,3.0,1227813.3333333333
South Carolina,2017.0,4.0,1256267.3333333333
South Carolina,2018.0,1.0,1258796.3333333333
South Carolina,2018.0,2.0,1249390.3333333333
South Carolina,2018.0,3.0,1261593.0
South Carolina,2018.0,4.0,1264790.6666666667
South Carolina,2019.0,1.0,1268650.3333333333
South Carolina,2019.0,2.0,1259245.6666666667
South Carolina,2019.0,3.0,1292867.0
South Carolina,2019.0,4.0,1283887.6666666667
South Carolina,2020.0,1.0,1263507.6666666667
South Carolina,2020.0,2.0,1288982.3333333333
South Carolina,2020.0,3.0,1323757.0
South Carolina,2020.0,4.0,1364945.3333333333
South Carolina,2021.0,1.0,1396635.6666666667
South Carolina,2021.0,2.0,1425105.6666666667
South Carolina,2021.0,3.0,1450854.6666666667
South Carolina,2021.0,4.0,1474073.0
South Carolina,2022.0,1.0,1501832.0
South Carolina,2022.0,2.0,1526518.0
South Carolina,2022.0,3.0,1555037.0
South Carolina,2022.0,4.0,1582717.3333333333
South Carolina,2023.0,1.0,1597676.6666666667
South Carolina,2023.0,2.0,1595017.0
South Carolina,2023.0,3.0,1558570.6666666667
South Carolina ,2023.0,4.0,1520844.6666666667
South Carolina ,2024.0,1.0,1479578.6666666667
South Carolina ,2024.0,2.0,1405861.3333333333
South Carolina ,2024.0,3.0,1304406.0
South Carolina ,2024.0,4.0,1282540.6666666667
South Dakota,2014.0,1.0,106393.33333333333
South Dakota,2014.0,2.0,108575.66666666667
South Dakota,2014.0,3.0,107657.33333333333
South Dakota,2014.0,4.0,107943.66666666667
South Dakota,2015.0,1.0,109413.66666666667
South Dakota,2015.0,2.0,109644.33333333333
South Dakota,2015.0,3.0,109359.33333333333
South Dakota,2015.0,4.0,108511.33333333333
South Dakota,2016.0,1.0,108645.66666666667
South Dakota,2016.0,2.0,108252.66666666667
South Dakota,2016.0,3.0,108328.66666666667
South Dakota,2016.0,4.0,107678.66666666667
South Dakota,2017.0,1.0,108108.66666666667
South Dakota,2017.0,2.0,106749.66666666667
South Dakota,2017.0,3.0,106148.0
South Dakota,2017.0,4.0,86679.0
South Dakota,2018.0,1.0,105670.66666666667
South Dakota,2018.0,2.0,105750.66666666667
South Dakota,2018.0,3.0,105072.66666666667
South Dakota,2018.0,4.0,104184.33333333333
South Dakota,2019.0,1.0,104397.0
South Dakota,2019.0,2.0,104330.66666666667
South Dakota,2019.0,3.0,103702.33333333333
South Dakota,2019.0,4.0,102781.66666666667
South Dakota,2020.0,1.0,102919.33333333333
South Dakota,2020.0,2.0,105966.66666666667
South Dakota,2020.0,3.0,110659.66666666667
South Dakota,2020.0,4.0,114365.0
South Dakota,2021.0,1.0,117248.0
South Dakota,2021.0,2.0,119988.0
South Dakota,2021.0,3.0,122718.0
South Dakota,2021.0,4.0,125296.0
South Dakota,2022.0,1.0,127676.33333333333
South Dakota,2022.0,2.0,130301.0
South Dakota,2022.0,3.0,133077.66666666666
South Dakota,2022.0,4.0,134996.0
South Dakota,2023.0,1.0,136963.33333333334
South Dakota,2023.0,2.0,118342.33333333333
South Dakota,2023.0,3.0,109158.66666666667
South Dakota ,2023.0,4.0,112026.66666666667
South Dakota ,2024.0,1.0,117712.33333333333
South Dakota ,2024.0,2.0,123135.0
South Dakota ,2024.0,3.0,130451.0
South Dakota ,2024.0,4.0,135117.33333333334
Tennessee,2014.0,1.0,1351918.6666666667
Tennessee,2014.0,2.0,1417619.6666666667
Tennessee,2014.0,3.0,1451512.0
Tennessee,2014.0,4.0,1495442.0
Tennessee,2015.0,1.0,1540439.3333333333
Tennessee,2015.0,2.0,1574706.3333333333
Tennessee,2015.0,3.0,1614454.6666666667
Tennessee,2015.0,4.0,1646447.0
Tennessee,2016.0,1.0,1683381.0
Tennessee,2016.0,2.0,1709045.6666666667
Tennessee,2016.0,3.0,1722048.6666666667
Tennessee,2016.0,4.0,1716006.6666666667
Tennessee,2017.0,1.0,1674428.6666666667
Tennessee,2017.0,2.0,1597986.6666666667
Tennessee,2017.0,3.0,1576490.0
Tennessee,2017.0,4.0,1614361.3333333333
Tennessee,2018.0,1.0,1620346.3333333333
Tennessee,2018.0,2.0,1587050.0
Tennessee,2018.0,3.0,1518018.0
Tennessee,2018.0,4.0,1509166.3333333333
Tennessee,2019.0,1.0,1542456.0
Tennessee,2019.0,2.0,1582111.6666666667
Tennessee,2019.0,3.0,1590447.0
Tennessee,2019.0,4.0,1581407.0
Tennessee,2020.0,1.0,1587778.6666666667
Tennessee,2020.0,2.0,1588299.0
Tennessee,2020.0,3.0,1633314.0
Tennessee,2020.0,4.0,1653200.0
Tennessee,2021.0,1.0,1682486.0
Tennessee,2021.0,2.0,1708400.3333333333
Tennessee,2021.0,3.0,1733338.0
Tennessee,2021.0,4.0,1758191.6666666667
Tennessee,2022.0,1.0,1782641.6666666667
Tennessee,2022.0,2.0,1804462.0
Tennessee,2022.0,3.0,1829184.6666666667
Tennessee,2022.0,4.0,1854395.6666666667
Tennessee,2023.0,1.0,1880041.3333333333
Tennessee,2023.0,2.0,1902793.6666666667
Tennessee,2023.0,3.0,1870392.6666666667
Tennessee ,2023.0,4.0,1783662.3333333333
Tennessee ,2024.0,1.0,1676300.6666666667
Tennessee ,2024.0,2.0,1571835.3333333333
Tennessee ,2024.0,3.0,1534551.3333333333
Tennessee ,2024.0,4.0,1519717.3333333333
Texas,2014.0,1.0,3928145.0
Texas,2014.0,2.0,4051277.6666666665
Texas,2014.0,3.0,4204354.333333333
Texas,2014.0,4.0,4320708.0
Texas,2015.0,1.0,4329341.666666667
Texas,2015.0,2.0,4287287.666666667
Texas,2015.0,3.0,4295774.666666667
Texas,2015.0,4.0,4317089.0
Texas,2016.0,1.0,4326233.666666667
Texas,2016.0,2.0,4303974.666666667
Texas,2016.0,3.0,4334443.0
Texas,2016.0,4.0,4354205.666666667
Texas,2017.0,1.0,4344626.333333333
Texas,2017.0,2.0,4312748.0
Texas,2017.0,3.0,4318695.666666667
Texas,2017.0,4.0,4336146.666666667
Texas,2018.0,1.0,4305496.333333333
Texas,2018.0,2.0,4262989.0
Texas,2018.0,3.0,4257470.0
Texas,2018.0,4.0,4235451.0
Texas,2019.0,1.0,4206232.0
Texas,2019.0,2.0,4133346.3333333335
Texas,2019.0,3.0,4163431.0
Texas,2019.0,4.0,4150263.3333333335
Texas,2020.0,1.0,4153566.6666666665
Texas,2020.0,2.0,4368488.0
Texas,2020.0,3.0,4586060.0
Texas,2020.0,4.0,4785668.333333333
Texas,2021.0,1.0,4974046.0
Texas,2021.0,2.0,5136213.333333333
Texas,2021.0,3.0,5289274.666666667
Texas,2021.0,4.0,5438542.0
Texas,2022.0,1.0,5584044.333333333
Texas,2022.0,2.0,5770612.0
Texas,2022.0,3.0,5908736.333333333
Texas,2022.0,4.0,6040723.0
Texas,2023.0,1.0,6159680.333333333
Texas,2023.0,2.0,6134666.0
Texas,2023.0,3.0,5695427.666666667
Texas ,2023.0,4.0,4876029.666666667
Texas ,2024.0,1.0,4434492.333333333
Texas ,2024.0,2.0,4450593.0
Texas ,2024.0,3.0,4418336.0
Texas ,2024.0,4.0,4382726.0
Totals,2014.0,1.0,64971135.333333336
Totals,2014.0,2.0,71411369.0
Totals,2014.0,3.0,65013480.666666664
Totals,2014.0,4.0,74179311.0
Totals,2015.0,1.0,75621224.66666667
Totals,2015.0,2.0,76015949.0
Totals,2015.0,3.0,75842467.0
Totals,2015.0,4.0,76079483.0
Totals,2016.0,1.0,76431678.0
Totals,2016.0,2.0,76101115.0
Totals,2016.0,3.0,75597833.33333333
Totals,2017.0,4.0,76709680.0
Totals,2018.0,1.0,76850016.33333333
Totals,2018.0,2.0,76311923.0
Totals,2018.0,3.0,75968262.66666667
Totals,2018.0,4.0,75365189.0
Totals,2019.0,1.0,75135637.33333333
Totals,2019.0,2.0,74699814.33333333
Totals,2019.0,3.0,75050338.66666667
Totals,2019.0,4.0,74629529.66666667
Totals,2020.0,1.0,74484132.33333333
Totals,2020.0,2.0,77113335.66666667
Totals,2020.0,3.0,80150337.66666667
Totals,2020.0,4.0,83539270.33333333
Totals,2021.0,1.0,85403903.0
Totals,2021.0,2.0,87186462.0
Totals,2021.0,3.0,88933198.0
Totals,2021.0,4.0,90786139.66666667
Totals,2022.0,1.0,92438144.66666667
Totals,2022.0,2.0,97548377.0
Totals,2022.0,3.0,95726216.0
Totals,2022.0,4.0,97384179.66666667
Totals,2023.0,1.0,99228847.66666667
Totals,2023.0,2.0,99455050.33333333
Totals,2023.0,3.0,96605624.66666667
Totals,2023.0,4.0,92127726.0
Totals,2024.0,1.0,89214820.0
Totals,2024.0,2.0,86317515.33333333
Totals,2024.0,3.0,85233156.33333333
Totals,2024.0,4.0,84613386.0
Utah,2014.0,1.0,306236.0
Utah,2014.0,2.0,314441.6666666667
Utah,2014.0,3.0,312911.3333333333
Utah,2014.0,4.0,323729.6666666667
Utah,2015.0,1.0,326500.6666666667
Utah,2015.0,2.0,326750.3333333333
Utah,2015.0,3.0,326240.0
Utah,2015.0,4.0,328802.6666666667
Utah,2016.0,1.0,336685.0
Utah,2016.0,2.0,335114.3333333333
Utah,2016.0,3.0,332417.3333333333
Utah,2016.0,4.0,309923.3333333333
Utah,2017.0,1.0,308070.3333333333
Utah,2017.0,2.0,303690.3333333333
Utah,2017.0,3.0,299551.3333333333
Utah,2017.0,4.0,299743.3333333333
Utah,2018.0,1.0,299674.0
Utah,2018.0,2.0,296571.6666666667
Utah,2018.0,3.0,294707.3333333333
Utah,2018.0,4.0,291957.3333333333
Utah,2019.0,1.0,288838.6666666667
Utah,2019.0,2.0,291317.0
Utah,2019.0,3.0,295509.0
Utah,2019.0,4.0,295318.0
Utah,2020.0,1.0,300530.0
Utah,2020.0,2.0,325708.0
Utah,2020.0,3.0,355701.0
Utah,2020.0,4.0,382894.6666666667
Utah,2021.0,1.0,406906.0
Utah,2021.0,2.0,425844.0
Utah,2021.0,3.0,443280.3333333333
Utah,2021.0,4.0,458854.0
Utah,2022.0,1.0,473995.3333333333
Utah,2022.0,2.0,486444.0
Utah,2022.0,3.0,499817.0
Utah,2022.0,4.0,514023.3333333333
Utah,2023.0,1.0,528262.6666666666
Utah,2023.0,2.0,508738.6666666667
Utah,2023.0,3.0,443708.0
Utah ,2023.0,4.0,395997.6666666667
Utah ,2024.0,1.0,359643.0
Utah ,2024.0,2.0,342212.0
Utah ,2024.0,3.0,343621.0
Utah ,2024.0,4.0,344183.3333333333
Vermont,2014.0,1.0,188530.0
Vermont,2014.0,2.0,183802.33333333334
Vermont,2014.0,3.0,186893.33333333334
Vermont,2014.0,4.0,190932.33333333334
Vermont,2015.0,1.0,197509.0
Vermont,2015.0,2.0,201228.66666666666
Vermont,2015.0,3.0,204234.0
Vermont,2015.0,4.0,207348.33333333334
Vermont,2016.0,1.0,209846.33333333334
Vermont,2016.0,2.0,206647.66666666666
Vermont,2016.0,3.0,193595.0
Vermont,2016.0,4.0,187105.66666666666
Vermont,2017.0,1.0,186222.0
Vermont,2017.0,2.0,184515.33333333334
Vermont,2017.0,3.0,179639.0
Vermont,2017.0,4.0,177869.33333333334
Vermont,2018.0,1.0,178669.33333333334
Vermont,2018.0,2.0,177581.33333333334
Vermont,2018.0,3.0,175215.0
Vermont,2018.0,4.0,173151.66666666666
Vermont,2019.0,1.0,170429.0
Vermont,2019.0,2.0,167689.66666666666
Vermont,2019.0,3.0,166330.0
Vermont,2019.0,4.0,163902.0
Vermont,2020.0,1.0,164010.33333333334
Vermont,2020.0,2.0,171085.33333333334
Vermont,2020.0,3.0,176469.33333333334
Vermont,2020.0,4.0,181578.66666666666
Vermont,2021.0,1.0,186046.66666666666
Vermont,2021.0,2.0,189266.33333333334
Vermont,2021.0,3.0,192825.66666666666
Vermont,2021.0,4.0,195328.66666666666
Vermont,2022.0,1.0,197450.0
Vermont,2022.0,2.0,199021.33333333334
Vermont,2022.0,3.0,199773.66666666666
Vermont,2022.0,4.0,201567.66666666666
Vermont,2023.0,1.0,203266.0
Vermont,2023.0,2.0,202144.33333333334
Vermont,2023.0,3.0,192451.33333333334
Vermont ,2023.0,4.0,183689.66666666666
Vermont ,2024.0,1.0,179191.66666666666
Vermont ,2024.0,2.0,173040.66666666666
Vermont ,2024.0,3.0,169597.66666666666
Vermont ,2024.0,4.0,167403.0
Virgin Islands,2014.0,1.0,14008.666666666666
Virgin Islands,2014.0,2.0,14182.333333333334
Virgin Islands,2014.0,3.0,15026.666666666666
Virgin Islands,2014.0,4.0,15631.0
Virgin Islands,2015.0,1.0,14948.0
Virgin Islands,2015.0,2.0,17420.666666666668
Virgin Islands,2015.0,3.0,20365.666666666668
Virgin Islands,2015.0,4.0,22874.333333333332
Virgin Islands,2016.0,1.0,24310.333333333332
Virgin Islands,2016.0,2.0,23526.333333333332
Virgin Islands,2016.0,3.0,22836.333333333332
Virgin Islands,2016.0,4.0,23254.666666666668
Virgin Islands,2017.0,1.0,35483.666666666664
Virgin Islands,2017.0,2.0,23599.666666666668
Virgin Islands,2017.0,3.0,17472.0
Virgin Islands,2017.0,4.0,23084.666666666668
Virgin Islands,2018.0,1.0,24220.0
Virgin Islands,2018.0,2.0,24930.666666666668
Virgin Islands,2018.0,3.0,25298.333333333332
Virgin Islands,2018.0,4.0,26977.666666666668
Virgin Islands,2019.0,1.0,27965.666666666668
Virgin Islands,2019.0,2.0,28831.333333333332
Virgin Islands,2019.0,3.0,29669.333333333332
Virgin Islands,2019.0,4.0,30412.666666666668
Virgin Islands,2020.0,1.0,30956.0
Virgin Islands,2020.0,2.0,31488.333333333332
Virgin Islands,2020.0,3.0,31825.333333333332
Virgin Islands,2020.0,4.0,32921.0
Virgin Islands,2021.0,1.0,33517.333333333336
Virgin Islands,2021.0,2.0,34250.666666666664
Virgin Islands,2021.0,3.0,34369.0
Virgin Islands,2021.0,4.0,35506.333333333336
Virgin Islands,2022.0,1.0,36008.333333333336
Virgin Islands,2022.0,2.0,36630.666666666664
Virgin Islands,2022.0,3.0,37098.666666666664
Virgin Islands,2022.0,4.0,37616.333333333336
Virgin Islands,2023.0,1.0,38014.0
Virgin Islands,2023.0,2.0,38346.0
Virgin Islands,2023.0,3.0,34348.666666666664
Virgin Islands ,2023.0,4.0,29561.666666666668
Virgin Islands ,2024.0,1.0,24875.666666666668
Virgin Islands ,2024.0,2.0,22202.0
Virgin Islands ,2024.0,3.0,21164.333333333332
Virgin Islands ,2024.0,4.0,21718.333333333332
Virginia,2014.0,1.0,880195.6666666666
Virginia,2014.0,2.0,899422.3333333334
Virginia,2014.0,3.0,911691.6666666666
Virginia,2014.0,4.0,927116.0
Virginia,2015.0,1.0,936308.3333333334
Virginia,2015.0,2.0,973966.0
Virginia,2015.0,3.0,987230.6666666666
Virginia,2015.0,4.0,991022.0
Virginia,2016.0,1.0,989684.0
Virginia,2016.0,2.0,996858.6666666666
Virginia,2016.0,3.0,998824.3333333334
Virginia,2016.0,4.0,1007220.6666666666
Virginia,2017.0,1.0,1015235.3333333334
Virginia,2017.0,2.0,1024460.0
Virginia,2017.0,3.0,1032093.3333333334
Virginia,2017.0,4.0,1044684.3333333334
Virginia,2018.0,1.0,1051191.0
Virginia,2018.0,2.0,1064895.6666666667
Virginia,2018.0,3.0,1071450.3333333333
Virginia,2018.0,4.0,1078521.6666666667
Virginia,2019.0,1.0,1397024.0
Virginia,2019.0,2.0,1501650.0
Virginia,2019.0,3.0,1265581.0
Virginia,2019.0,4.0,1298691.0
Virginia,2020.0,1.0,1355946.3333333333
Virginia,2020.0,4.0,1553011.6666666667
Virginia,2021.0,1.0,1614265.6666666667
Virginia,2021.0,2.0,1659633.0
Virginia,2021.0,3.0,1703927.0
Virginia,2021.0,4.0,1752463.3333333333
Virginia,2022.0,1.0,1801892.6666666667
Virginia,2022.0,2.0,1843881.0
Virginia,2022.0,3.0,1879060.3333333333
Virginia,2022.0,4.0,1914615.0
Virginia,2023.0,1.0,1967163.3333333333
Virginia,2023.0,2.0,2000505.3333333333
Virginia,2023.0,3.0,1977884.6666666667
Virginia ,2023.0,4.0,1958230.3333333333
Virginia ,2024.0,1.0,1922857.3333333333
Virginia ,2024.0,2.0,1857178.3333333333
Virginia ,2024.0,3.0,1815563.0
Virginia ,2024.0,4.0,1769046.0
Virginia *,2020.0,2.0,1423071.6666666667
Virginia *,2020.0,3.0,1493293.0
Washington,2014.0,1.0,1476742.0
Washington,2014.0,2.0,1574214.0
Washington,2014.0,3.0,1612223.3333333333
Washington,2014.0,4.0,1656593.6666666667
Washington,2015.0,1.0,1717263.6666666667
Washington,2015.0,2.0,1750599.0
Washington,2015.0,3.0,1768950.0
Washington,2015.0,4.0,1801232.6666666667
Washington,2016.0,1.0,1815201.6666666667
Washington,2016.0,2.0,1810563.3333333333
Washington,2016.0,3.0,1821851.3333333333
Washington,2016.0,4.0,1838410.6666666667
Washington,2017.0,1.0,1844079.3333333333
Washington,2017.0,2.0,1840406.0
Washington,2017.0,3.0,1808352.3333333333
Washington,2017.0,4.0,1798903.0
Washington,2018.0,1.0,1791660.6666666667
Washington,2018.0,2.0,1780286.6666666667
Washington,2018.0,3.0,1766547.6666666667
Washington,2018.0,4.0,1758931.0
Washington,2019.0,1.0,1744601.3333333333
Washington,2019.0,2.0,1731651.6666666667
Washington,2019.0,3.0,1848481.0
Washington,2019.0,4.0,1728988.0
Washington,2020.0,1.0,1727729.6666666667
Washington,2020.0,2.0,1776316.0
Washington,2020.0,3.0,1865729.3333333333
Washington,2020.0,4.0,2517831.3333333335
Washington,2021.0,1.0,1936866.0
Washington,2021.0,2.0,1974011.6666666667
Washington,2021.0,3.0,2012133.6666666667
Washington,2021.0,4.0,2047591.3333333333
Washington,2022.0,1.0,2076990.6666666667
Washington,2022.0,2.0,2113487.6666666665
Washington,2022.0,3.0,2091742.6666666667
Washington,2022.0,4.0,2162891.6666666665
Washington,2023.0,1.0,2186785.6666666665
Washington,2023.0,2.0,2188009.0
Washington,2023.0,3.0,2010282.0
Washington ,2023.0,4.0,1966572.0
Washington ,2024.0,1.0,1918238.0
Washington ,2024.0,2.0,1875257.3333333333
Washington ,2024.0,3.0,1849109.3333333333
Washington ,2024.0,4.0,1851107.0
West Virginia,2014.0,1.0,455816.0
West Virginia,2014.0,2.0,492612.0
West Virginia,2014.0,3.0,510562.3333333333
West Virginia,2014.0,4.0,519080.6666666667
West Virginia,2015.0,1.0,532725.0
West Virginia,2015.0,2.0,541160.0
West Virginia,2015.0,3.0,551085.3333333334
West Virginia,2015.0,4.0,554419.6666666666
West Virginia,2016.0,1.0,564786.6666666666
West Virginia,2016.0,2.0,564358.3333333334
West Virginia,2016.0,3.0,567055.6666666666
West Virginia,2016.0,4.0,570151.0
West Virginia,2017.0,1.0,559069.6666666666
West Virginia,2017.0,2.0,553838.0
West Virginia,2017.0,3.0,550894.3333333334
West Virginia,2017.0,4.0,545364.3333333334
West Virginia,2018.0,1.0,541700.3333333334
West Virginia,2018.0,2.0,538721.0
West Virginia,2018.0,3.0,535796.3333333334
West Virginia,2018.0,4.0,528470.0
West Virginia,2019.0,1.0,523463.3333333333
West Virginia,2019.0,2.0,521719.0
West Virginia,2019.0,3.0,521302.3333333333
West Virginia,2019.0,4.0,519454.6666666667
West Virginia,2020.0,1.0,518100.3333333333
West Virginia,2020.0,2.0,529607.0
West Virginia,2020.0,3.0,549268.6666666666
West Virginia,2020.0,4.0,568717.0
West Virginia,2021.0,1.0,585019.6666666666
West Virginia,2021.0,2.0,597675.6666666666
West Virginia,2021.0,3.0,609320.3333333334
West Virginia,2021.0,4.0,620384.0
West Virginia,2022.0,1.0,630253.6666666666
West Virginia,2022.0,2.0,639011.6666666666
West Virginia,2022.0,3.0,648675.6666666666
West Virginia,2022.0,4.0,657637.0
West Virginia,2023.0,1.0,666473.3333333334
West Virginia,2023.0,2.0,650181.3333333334
West Virginia,2023.0,3.0,598689.0
West Virginia ,2023.0,4.0,561566.0
West Virginia ,2024.0,1.0,533495.3333333334
West Virginia ,2024.0,2.0,523093.3333333333
West Virginia ,2024.0,3.0,521239.0
West Virginia ,2024.0,4.0,515471.6666666667
Wisconsin,2014.0,1.0,1171801.6666666667
Wisconsin,2014.0,2.0,1198964.6666666667
Wisconsin,2014.0,3.0,1198997.0
Wisconsin,2014.0,4.0,1183818.6666666667
Wisconsin,2015.0,1.0,1201346.3333333333
Wisconsin,2015.0,2.0,1200014.0
Wisconsin,2015.0,3.0,1194909.6666666667
Wisconsin,2015.0,4.0,1192181.0
Wisconsin,2016.0,1.0,1198602.0
Wisconsin,2016.0,2.0,1195635.6666666667
Wisconsin,2016.0,3.0,1191443.6666666667
Wisconsin,2016.0,4.0,1187973.0
Wisconsin,2017.0,1.0,1192710.3333333333
Wisconsin,2017.0,2.0,1188067.0
Wisconsin,2017.0,3.0,1186242.6666666667
Wisconsin,2017.0,4.0,1186205.6666666667
Wisconsin,2018.0,1.0,1191453.3333333333
Wisconsin,2018.0,2.0,1188213.6666666667
Wisconsin,2018.0,3.0,1184505.0
Wisconsin,2018.0,4.0,1179406.0
Wisconsin,2019.0,1.0,1177500.0
Wisconsin,2019.0,2.0,1182994.0
Wisconsin,2019.0,3.0,1185273.0
Wisconsin,2019.0,4.0,1184171.3333333333
Wisconsin,2020.0,1.0,1185402.6666666667
Wisconsin,2020.0,2.0,1245606.6666666667
Wisconsin,2020.0,3.0,1299725.3333333333
Wisconsin,2020.0,4.0,1340769.0
Wisconsin,2021.0,1.0,1376693.3333333333
Wisconsin,2021.0,2.0,1405623.3333333333
Wisconsin,2021.0,3.0,1432249.6666666667
Wisconsin,2021.0,4.0,1459054.3333333333
Wisconsin,2022.0,1.0,1487526.0
Wisconsin,2022.0,2.0,1507485.0
Wisconsin,2022.0,3.0,1527182.0
Wisconsin,2022.0,4.0,1551431.0
Wisconsin,2023.0,1.0,1628608.6666666667
Wisconsin,2023.0,2.0,1574885.3333333333
Wisconsin,2023.0,3.0,1470120.6666666667
Wisconsin ,2023.0,4.0,1402306.6666666667
Wisconsin ,2024.0,1.0,1363643.0
Wisconsin ,2024.0,2.0,1294502.0
Wisconsin ,2024.0,3.0,1265674.3333333333
Wisconsin ,2024.0,4.0,1265534.3333333333
Wyoming,2014.0,1.0,67978.33333333333
Wyoming,2014.0,2.0,69075.66666666667
Wyoming,2014.0,3.0,70685.66666666667
Wyoming,2014.0,4.0,72944.33333333333
Wyoming,2015.0,1.0,71070.66666666667
Wyoming,2015.0,2.0,69260.0
Wyoming,2015.0,3.0,65292.666666666664
Wyoming,2015.0,4.0,65249.333333333336
Wyoming,2016.0,1.0,64227.666666666664
Wyoming,2016.0,2.0,64234.0
Wyoming,2016.0,3.0,64042.666666666664
Wyoming,2016.0,4.0,61941.666666666664
Wyoming,2017.0,1.0,62149.666666666664
Wyoming,2017.0,2.0,62155.333333333336
Wyoming,2017.0,3.0,60687.0
Wyoming,2017.0,4.0,60219.333333333336
Wyoming,2018.0,1.0,59062.666666666664
Wyoming,2018.0,2.0,58601.0
Wyoming,2018.0,3.0,57623.666666666664
Wyoming,2018.0,4.0,57179.666666666664
Wyoming,2019.0,1.0,55150.333333333336
Wyoming,2019.0,2.0,54959.333333333336
Wyoming,2019.0,3.0,53933.0
Wyoming,2019.0,4.0,53993.666666666664
Wyoming,2020.0,1.0,54367.666666666664
Wyoming,2020.0,2.0,58292.333333333336
Wyoming,2020.0,3.0,62019.0
Wyoming,2020.0,4.0,61458.333333333336
Wyoming,2021.0,1.0,65889.66666666667
Wyoming,2021.0,2.0,71909.33333333333
Wyoming,2021.0,3.0,73829.66666666667
Wyoming,2021.0,4.0,76266.33333333333
Wyoming,2022.0,1.0,77918.33333333333
Wyoming,2022.0,2.0,79041.0
Wyoming,2022.0,3.0,83662.66666666667
Wyoming,2022.0,4.0,85321.66666666667
Wyoming,2023.0,1.0,87729.33333333333
Wyoming,2023.0,2.0,88417.33333333333
Wyoming,2023.0,3.0,81542.0
Wyoming ,2023.0,4.0,78439.66666666667
Wyoming ,2024.0,1.0,77011.0
Wyoming ,2024.0,2.0,70443.33333333333
Wyoming ,2024.0,3.0,68826.0
Wyoming ,2024.0,4.0,67897.0
