unique_id,ds,best_model,confidence,consistency_ratio,forecast_point,forecast_low_pop,forecast_high_pop
MI_A01,2025-01-01,WindowAverage,Low,0.3333333333333333,2086750.6082499998,2086750.6082499998,2086750.6082499998
MI_A01,2025-04-01,WindowAverage,Low,0.3333333333333333,2086750.6082499998,2086750.6082499998,2086750.6082499998
MI_A01,2025-07-01,WindowAverage,Low,0.3333333333333333,2086750.6082499998,2086750.6082499998,2086750.6082499998
MI_A01,2025-10-01,WindowAverage,Low,0.3333333333333333,2086750.6082499998,2086750.6082499998,2086750.6082499998
MI_A01,2026-01-01,WindowAverage,Low,0.3333333333333333,2086750.6082499998,2086750.6082499998,2086750.6082499998
MI_A01,2026-04-01,WindowAverage,Low,0.3333333333333333,2086750.6082499998,2086750.6082499998,2086750.6082499998
MI_A01,2026-07-01,WindowAverage,Low,0.3333333333333333,2086750.6082499998,2086750.6082499998,2086750.6082499998
MI_A01,2026-10-01,WindowAverage,Low,0.3333333333333333,2086750.6082499998,2086750.6082499998,2086750.6082499998
MI_A02,2025-01-01,Naive,Medium,0.6666666666666666,11922290.75,11922290.75,11922290.75
MI_A02,2025-04-01,Naive,Medium,0.6666666666666666,11922290.75,11922290.75,11922290.75
MI_A02,2025-07-01,Naive,Medium,0.6666666666666666,11922290.75,11922290.75,11922290.75
MI_A02,2025-10-01,Naive,Medium,0.6666666666666666,11922290.75,11922290.75,11922290.75
MI_A02,2026-01-01,Naive,Medium,0.6666666666666666,11922290.75,11922290.75,11922290.75
MI_A02,2026-04-01,Naive,Medium,0.6666666666666666,11922290.75,11922290.75,11922290.75
MI_A02,2026-07-01,Naive,Medium,0.6666666666666666,11922290.75,11922290.75,11922290.75
MI_A02,2026-10-01,Naive,Medium,0.6666666666666666,11922290.75,11922290.75,11922290.75
MI_A03,2025-01-01,SARIMAX,Low,0.3333333333333333,1715779.742303944,1733905.5862819955,1697653.8983258924
MI_A03,2025-04-01,SARIMAX,Low,0.3333333333333333,1728053.2460200207,1746179.0899980722,1709927.4020419691
MI_A03,2025-07-01,SARIMAX,Low,0.3333333333333333,1739483.4671259257,1757609.3111039773,1721357.6231478741
MI_A03,2025-10-01,SARIMAX,Low,0.3333333333333333,1750128.3455202458,1768254.1894982974,1732002.5015421943
MI_A03,2026-01-01,SARIMAX,Low,0.3333333333333333,1760041.8401919566,1778167.6841700082,1741915.996213905
MI_A03,2026-04-01,SARIMAX,Low,0.3333333333333333,1769274.2027390457,1787400.0467170973,1751148.3587609942
MI_A03,2026-07-01,SARIMAX,Low,0.3333333333333333,1777872.2320943365,1795998.076072388,1759746.388116285
MI_A03,2026-10-01,SARIMAX,Low,0.3333333333333333,1785879.5117497218,1804005.3557277734,1767753.6677716703
MI_A04,2025-01-01,HistoricAverage,Low,0.3333333333333333,1332933.93128125,1332933.93128125,1332933.93128125
MI_A04,2025-04-01,HistoricAverage,Low,0.3333333333333333,1332933.93128125,1332933.93128125,1332933.93128125
MI_A04,2025-07-01,HistoricAverage,Low,0.3333333333333333,1332933.93128125,1332933.93128125,1332933.93128125
MI_A04,2025-10-01,HistoricAverage,Low,0.3333333333333333,1332933.93128125,1332933.93128125,1332933.93128125
MI_A04,2026-01-01,HistoricAverage,Low,0.3333333333333333,1332933.93128125,1332933.93128125,1332933.93128125
MI_A04,2026-04-01,HistoricAverage,Low,0.3333333333333333,1332933.93128125,1332933.93128125,1332933.93128125
MI_A04,2026-07-01,HistoricAverage,Low,0.3333333333333333,1332933.93128125,1332933.93128125,1332933.93128125
MI_A04,2026-10-01,HistoricAverage,Low,0.3333333333333333,1332933.93128125,1332933.93128125,1332933.93128125
MI_A05,2025-01-01,SARIMAX,Low,0.3333333333333333,142264.61330907626,140572.04619464933,143957.18042350322
MI_A05,2025-04-01,SARIMAX,Low,0.3333333333333333,142264.61330907626,140572.04619464933,143957.18042350322
MI_A05,2025-07-01,SARIMAX,Low,0.3333333333333333,142264.61330907626,140572.04619464933,143957.18042350322
MI_A05,2025-10-01,SARIMAX,Low,0.3333333333333333,142264.61330907626,140572.04619464933,143957.18042350322
MI_A05,2026-01-01,SARIMAX,Low,0.3333333333333333,142264.61330907626,140572.04619464933,143957.18042350322
MI_A05,2026-04-01,SARIMAX,Low,0.3333333333333333,142264.61330907626,140572.04619464933,143957.18042350322
MI_A05,2026-07-01,SARIMAX,Low,0.3333333333333333,142264.61330907626,140572.04619464933,143957.18042350322
MI_A05,2026-10-01,SARIMAX,Low,0.3333333333333333,142264.61330907626,140572.04619464933,143957.18042350322
MI_A06,2025-01-01,WindowAverage,Low,0.3333333333333333,27564465.880000003,27564465.880000003,27564465.880000003
MI_A06,2025-04-01,WindowAverage,Low,0.3333333333333333,27564465.880000003,27564465.880000003,27564465.880000003
MI_A06,2025-07-01,WindowAverage,Low,0.3333333333333333,27564465.880000003,27564465.880000003,27564465.880000003
MI_A06,2025-10-01,WindowAverage,Low,0.3333333333333333,27564465.880000003,27564465.880000003,27564465.880000003
MI_A06,2026-01-01,WindowAverage,Low,0.3333333333333333,27564465.880000003,27564465.880000003,27564465.880000003
MI_A06,2026-04-01,WindowAverage,Low,0.3333333333333333,27564465.880000003,27564465.880000003,27564465.880000003
MI_A06,2026-07-01,WindowAverage,Low,0.3333333333333333,27564465.880000003,27564465.880000003,27564465.880000003
MI_A06,2026-10-01,WindowAverage,Low,0.3333333333333333,27564465.880000003,27564465.880000003,27564465.880000003
MI_A07,2025-01-01,ARIMAX,Low,0.3333333333333333,3013273.7913298053,2260300.7784777256,3766246.8041818845
MI_A07,2025-04-01,ARIMAX,Low,0.3333333333333333,3013273.7913298053,2260300.7784777256,3766246.8041818845
MI_A07,2025-07-01,ARIMAX,Low,0.3333333333333333,3013273.7913298053,2260300.7784777256,3766246.8041818845
MI_A07,2025-10-01,ARIMAX,Low,0.3333333333333333,3013273.7913298053,2260300.7784777256,3766246.8041818845
MI_A07,2026-01-01,ARIMAX,Low,0.3333333333333333,3013273.7913298053,2260300.7784777256,3766246.8041818845
MI_A07,2026-04-01,ARIMAX,Low,0.3333333333333333,3013273.7913298053,2260300.7784777256,3766246.8041818845
MI_A07,2026-07-01,ARIMAX,Low,0.3333333333333333,3013273.7913298053,2260300.7784777256,3766246.8041818845
MI_A07,2026-10-01,ARIMAX,Low,0.3333333333333333,3013273.7913298053,2260300.7784777256,3766246.8041818845
MI_A08,2025-01-01,Naive,Medium,0.6666666666666666,66683.0,66683.0,66683.0
MI_A08,2025-04-01,Naive,Medium,0.6666666666666666,66683.0,66683.0,66683.0
MI_A08,2025-07-01,Naive,Medium,0.6666666666666666,66683.0,66683.0,66683.0
MI_A08,2025-10-01,Naive,Medium,0.6666666666666666,66683.0,66683.0,66683.0
MI_A08,2026-01-01,Naive,Medium,0.6666666666666666,66683.0,66683.0,66683.0
MI_A08,2026-04-01,Naive,Medium,0.6666666666666666,66683.0,66683.0,66683.0
MI_A08,2026-07-01,Naive,Medium,0.6666666666666666,66683.0,66683.0,66683.0
MI_A08,2026-10-01,Naive,Medium,0.6666666666666666,66683.0,66683.0,66683.0
MI_A09,2025-01-01,HistoricAverage,Low,0.3333333333333333,589360.69365625,589360.69365625,589360.69365625
MI_A09,2025-04-01,HistoricAverage,Low,0.3333333333333333,589360.69365625,589360.69365625,589360.69365625
MI_A09,2025-07-01,HistoricAverage,Low,0.3333333333333333,589360.69365625,589360.69365625,589360.69365625
MI_A09,2025-10-01,HistoricAverage,Low,0.3333333333333333,589360.69365625,589360.69365625,589360.69365625
MI_A09,2026-01-01,HistoricAverage,Low,0.3333333333333333,589360.69365625,589360.69365625,589360.69365625
MI_A09,2026-04-01,HistoricAverage,Low,0.3333333333333333,589360.69365625,589360.69365625,589360.69365625
MI_A09,2026-07-01,HistoricAverage,Low,0.3333333333333333,589360.69365625,589360.69365625,589360.69365625
MI_A09,2026-10-01,HistoricAverage,Low,0.3333333333333333,589360.69365625,589360.69365625,589360.69365625
MI_A10,2025-01-01,SARIMAX,Medium,0.6666666666666666,13068804.111642856,13019352.063056622,13118256.16022909
MI_A10,2025-04-01,SARIMAX,Medium,0.6666666666666666,13027176.35529071,12977724.306704476,13076628.403876945
MI_A10,2025-07-01,SARIMAX,Medium,0.6666666666666666,13005435.237664875,12955983.18907864,13054887.28625111
MI_A10,2025-10-01,SARIMAX,Medium,0.6666666666666666,12994080.405287603,12944628.356701368,13043532.453873837
MI_A10,2026-01-01,SARIMAX,Medium,0.6666666666666666,12988150.06534212,12938698.016755886,13037602.113928355
MI_A10,2026-04-01,SARIMAX,Medium,0.6666666666666666,12985052.79972864,12935600.751142405,13034504.848314874
MI_A10,2026-07-01,SARIMAX,Medium,0.6666666666666666,12983435.17673086,12933983.128144626,13032887.225317094
MI_A10,2026-10-01,SARIMAX,Medium,0.6666666666666666,12982590.333411142,12933138.284824908,13032042.381997377
MI_A11,2025-01-01,WindowAverage,Low,0.3333333333333333,910848.4915,910848.4915,910848.4915
MI_A11,2025-04-01,WindowAverage,Low,0.3333333333333333,910848.4915,910848.4915,910848.4915
MI_A11,2025-07-01,WindowAverage,Low,0.3333333333333333,910848.4915,910848.4915,910848.4915
MI_A11,2025-10-01,WindowAverage,Low,0.3333333333333333,910848.4915,910848.4915,910848.4915
MI_A11,2026-01-01,WindowAverage,Low,0.3333333333333333,910848.4915,910848.4915,910848.4915
MI_A11,2026-04-01,WindowAverage,Low,0.3333333333333333,910848.4915,910848.4915,910848.4915
MI_A11,2026-07-01,WindowAverage,Low,0.3333333333333333,910848.4915,910848.4915,910848.4915
MI_A11,2026-10-01,WindowAverage,Low,0.3333333333333333,910848.4915,910848.4915,910848.4915
MI_A12,2025-01-01,Naive,Medium,0.6666666666666666,8547300.19,8547300.19,8547300.19
MI_A12,2025-04-01,Naive,Medium,0.6666666666666666,8547300.19,8547300.19,8547300.19
MI_A12,2025-07-01,Naive,Medium,0.6666666666666666,8547300.19,8547300.19,8547300.19
MI_A12,2025-10-01,Naive,Medium,0.6666666666666666,8547300.19,8547300.19,8547300.19
MI_A12,2026-01-01,Naive,Medium,0.6666666666666666,8547300.19,8547300.19,8547300.19
MI_A12,2026-04-01,Naive,Medium,0.6666666666666666,8547300.19,8547300.19,8547300.19
MI_A12,2026-07-01,Naive,Medium,0.6666666666666666,8547300.19,8547300.19,8547300.19
MI_A12,2026-10-01,Naive,Medium,0.6666666666666666,8547300.19,8547300.19,8547300.19
MI_A16,2025-01-01,WindowAverage,Medium,0.6666666666666666,300272.63749999995,300272.63749999995,300272.63749999995
MI_A16,2025-04-01,WindowAverage,Medium,0.6666666666666666,300272.63749999995,300272.63749999995,300272.63749999995
MI_A16,2025-07-01,WindowAverage,Medium,0.6666666666666666,300272.63749999995,300272.63749999995,300272.63749999995
MI_A16,2025-10-01,WindowAverage,Medium,0.6666666666666666,300272.63749999995,300272.63749999995,300272.63749999995
MI_A16,2026-01-01,WindowAverage,Medium,0.6666666666666666,300272.63749999995,300272.63749999995,300272.63749999995
MI_A16,2026-04-01,WindowAverage,Medium,0.6666666666666666,300272.63749999995,300272.63749999995,300272.63749999995
MI_A16,2026-07-01,WindowAverage,Medium,0.6666666666666666,300272.63749999995,300272.63749999995,300272.63749999995
MI_A16,2026-10-01,WindowAverage,Medium,0.6666666666666666,300272.63749999995,300272.63749999995,300272.63749999995
MI_B01,2025-01-01,SARIMAX,Medium,0.6666666666666666,5090269.85259282,5147338.243464136,5033201.461721505
MI_B01,2025-04-01,SARIMAX,Medium,0.6666666666666666,5173087.947481709,5230156.338353023,5116019.556610392
MI_B01,2025-07-01,SARIMAX,Medium,0.6666666666666666,5285295.549933085,5342363.940804401,5228227.159061771
MI_B01,2025-10-01,SARIMAX,Medium,0.6666666666666666,5175498.414197719,5232566.805069035,5118430.023326404
MI_B01,2026-01-01,SARIMAX,Medium,0.6666666666666666,5260160.250302874,5317228.641174189,5203091.859431558
MI_B01,2026-04-01,SARIMAX,Medium,0.6666666666666666,5344822.086408028,5401890.477279343,5287753.695536712
MI_B01,2026-07-01,SARIMAX,Medium,0.6666666666666666,5429483.922513182,5486552.313384498,5372415.531641867
MI_B01,2026-10-01,SARIMAX,Medium,0.6666666666666666,5514145.758618336,5571214.149489652,5457077.367747022
MI_B02,2025-01-01,Naive,Medium,0.6666666666666666,972809.462,972809.462,972809.462
MI_B02,2025-04-01,Naive,Medium,0.6666666666666666,972809.462,972809.462,972809.462
MI_B02,2025-07-01,Naive,Medium,0.6666666666666666,972809.462,972809.462,972809.462
MI_B02,2025-10-01,Naive,Medium,0.6666666666666666,972809.462,972809.462,972809.462
MI_B02,2026-01-01,Naive,Medium,0.6666666666666666,972809.462,972809.462,972809.462
MI_B02,2026-04-01,Naive,Medium,0.6666666666666666,972809.462,972809.462,972809.462
MI_B02,2026-07-01,Naive,Medium,0.6666666666666666,972809.462,972809.462,972809.462
MI_B02,2026-10-01,Naive,Medium,0.6666666666666666,972809.462,972809.462,972809.462
MI_B03,2025-01-01,HistoricAverage,High,1.0,1258659.016,1258659.016,1258659.016
MI_B03,2025-04-01,HistoricAverage,High,1.0,1258659.016,1258659.016,1258659.016
MI_B03,2025-07-01,HistoricAverage,High,1.0,1258659.016,1258659.016,1258659.016
MI_B03,2025-10-01,HistoricAverage,High,1.0,1258659.016,1258659.016,1258659.016
MI_B03,2026-01-01,HistoricAverage,High,1.0,1258659.016,1258659.016,1258659.016
MI_B03,2026-04-01,HistoricAverage,High,1.0,1258659.016,1258659.016,1258659.016
MI_B03,2026-07-01,HistoricAverage,High,1.0,1258659.016,1258659.016,1258659.016
MI_B03,2026-10-01,HistoricAverage,High,1.0,1258659.016,1258659.016,1258659.016
MI_B05,2025-01-01,HistoricAverage,Medium,0.6666666666666666,12191932.7645625,12191932.7645625,12191932.7645625
MI_B05,2025-04-01,HistoricAverage,Medium,0.6666666666666666,12191932.7645625,12191932.7645625,12191932.7645625
MI_B05,2025-07-01,HistoricAverage,Medium,0.6666666666666666,12191932.7645625,12191932.7645625,12191932.7645625
MI_B05,2025-10-01,HistoricAverage,Medium,0.6666666666666666,12191932.7645625,12191932.7645625,12191932.7645625
MI_B05,2026-01-01,HistoricAverage,Medium,0.6666666666666666,12191932.7645625,12191932.7645625,12191932.7645625
MI_B05,2026-04-01,HistoricAverage,Medium,0.6666666666666666,12191932.7645625,12191932.7645625,12191932.7645625
MI_B05,2026-07-01,HistoricAverage,Medium,0.6666666666666666,12191932.7645625,12191932.7645625,12191932.7645625
MI_B05,2026-10-01,HistoricAverage,Medium,0.6666666666666666,12191932.7645625,12191932.7645625,12191932.7645625
MI_B06,2025-01-01,HistoricAverage,Low,0.3333333333333333,59761.4424375,59761.4424375,59761.4424375
MI_B06,2025-04-01,HistoricAverage,Low,0.3333333333333333,59761.4424375,59761.4424375,59761.4424375
MI_B06,2025-07-01,HistoricAverage,Low,0.3333333333333333,59761.4424375,59761.4424375,59761.4424375
MI_B06,2025-10-01,HistoricAverage,Low,0.3333333333333333,59761.4424375,59761.4424375,59761.4424375
MI_B06,2026-01-01,HistoricAverage,Low,0.3333333333333333,59761.4424375,59761.4424375,59761.4424375
MI_B06,2026-04-01,HistoricAverage,Low,0.3333333333333333,59761.4424375,59761.4424375,59761.4424375
MI_B06,2026-07-01,HistoricAverage,Low,0.3333333333333333,59761.4424375,59761.4424375,59761.4424375
MI_B06,2026-10-01,HistoricAverage,Low,0.3333333333333333,59761.4424375,59761.4424375,59761.4424375
MI_C01,2025-01-01,WindowAverage,Medium,0.6666666666666666,7114726.15525,7114726.15525,7114726.15525
MI_C01,2025-04-01,WindowAverage,Medium,0.6666666666666666,7114726.15525,7114726.15525,7114726.15525
MI_C01,2025-07-01,WindowAverage,Medium,0.6666666666666666,7114726.15525,7114726.15525,7114726.15525
MI_C01,2025-10-01,WindowAverage,Medium,0.6666666666666666,7114726.15525,7114726.15525,7114726.15525
MI_C01,2026-01-01,WindowAverage,Medium,0.6666666666666666,7114726.15525,7114726.15525,7114726.15525
MI_C01,2026-04-01,WindowAverage,Medium,0.6666666666666666,7114726.15525,7114726.15525,7114726.15525
MI_C01,2026-07-01,WindowAverage,Medium,0.6666666666666666,7114726.15525,7114726.15525,7114726.15525
MI_C01,2026-10-01,WindowAverage,Medium,0.6666666666666666,7114726.15525,7114726.15525,7114726.15525
MI_C02,2025-01-01,Naive,Medium,0.6666666666666666,3215586.95,3215586.95,3215586.95
MI_C02,2025-04-01,Naive,Medium,0.6666666666666666,3215586.95,3215586.95,3215586.95
MI_C02,2025-07-01,Naive,Medium,0.6666666666666666,3215586.95,3215586.95,3215586.95
MI_C02,2025-10-01,Naive,Medium,0.6666666666666666,3215586.95,3215586.95,3215586.95
MI_C02,2026-01-01,Naive,Medium,0.6666666666666666,3215586.95,3215586.95,3215586.95
MI_C02,2026-04-01,Naive,Medium,0.6666666666666666,3215586.95,3215586.95,3215586.95
MI_C02,2026-07-01,Naive,Medium,0.6666666666666666,3215586.95,3215586.95,3215586.95
MI_C02,2026-10-01,Naive,Medium,0.6666666666666666,3215586.95,3215586.95,3215586.95
MI_C03,2025-01-01,HistoricAverage,Medium,0.6666666666666666,6151053.2290624995,6151053.2290624995,6151053.2290624995
MI_C03,2025-04-01,HistoricAverage,Medium,0.6666666666666666,6151053.2290624995,6151053.2290624995,6151053.2290624995
MI_C03,2025-07-01,HistoricAverage,Medium,0.6666666666666666,6151053.2290624995,6151053.2290624995,6151053.2290624995
MI_C03,2025-10-01,HistoricAverage,Medium,0.6666666666666666,6151053.2290624995,6151053.2290624995,6151053.2290624995
MI_C03,2026-01-01,HistoricAverage,Medium,0.6666666666666666,6151053.2290624995,6151053.2290624995,6151053.2290624995
MI_C03,2026-04-01,HistoricAverage,Medium,0.6666666666666666,6151053.2290624995,6151053.2290624995,6151053.2290624995
MI_C03,2026-07-01,HistoricAverage,Medium,0.6666666666666666,6151053.2290624995,6151053.2290624995,6151053.2290624995
MI_C03,2026-10-01,HistoricAverage,Medium,0.6666666666666666,6151053.2290624995,6151053.2290624995,6151053.2290624995
MI_C04,2025-01-01,Naive,Medium,0.6666666666666666,28060.0,28060.0,28060.0
MI_C04,2025-04-01,Naive,Medium,0.6666666666666666,28060.0,28060.0,28060.0
MI_C04,2025-07-01,Naive,Medium,0.6666666666666666,28060.0,28060.0,28060.0
MI_C04,2025-10-01,Naive,Medium,0.6666666666666666,28060.0,28060.0,28060.0
MI_C04,2026-01-01,Naive,Medium,0.6666666666666666,28060.0,28060.0,28060.0
MI_C04,2026-04-01,Naive,Medium,0.6666666666666666,28060.0,28060.0,28060.0
MI_C04,2026-07-01,Naive,Medium,0.6666666666666666,28060.0,28060.0,28060.0
MI_C04,2026-10-01,Naive,Medium,0.6666666666666666,28060.0,28060.0,28060.0
MI_C05,2025-01-01,HistoricAverage,Low,0.3333333333333333,1151134.50740625,1151134.50740625,1151134.50740625
MI_C05,2025-04-01,HistoricAverage,Low,0.3333333333333333,1151134.50740625,1151134.50740625,1151134.50740625
MI_C05,2025-07-01,HistoricAverage,Low,0.3333333333333333,1151134.50740625,1151134.50740625,1151134.50740625
MI_C05,2025-10-01,HistoricAverage,Low,0.3333333333333333,1151134.50740625,1151134.50740625,1151134.50740625
MI_C05,2026-01-01,HistoricAverage,Low,0.3333333333333333,1151134.50740625,1151134.50740625,1151134.50740625
MI_C05,2026-04-01,HistoricAverage,Low,0.3333333333333333,1151134.50740625,1151134.50740625,1151134.50740625
MI_C05,2026-07-01,HistoricAverage,Low,0.3333333333333333,1151134.50740625,1151134.50740625,1151134.50740625
MI_C05,2026-10-01,HistoricAverage,Low,0.3333333333333333,1151134.50740625,1151134.50740625,1151134.50740625
MI_C07,2025-01-01,SARIMAX,Medium,0.6666666666666666,9290605.551067987,7365569.838789015,11215641.263346959
MI_C07,2025-04-01,SARIMAX,Medium,0.6666666666666666,9384860.655393843,7459824.94311487,11309896.367672814
MI_C07,2025-07-01,SARIMAX,Medium,0.6666666666666666,9384860.655393843,7459824.94311487,11309896.367672814
MI_C07,2025-10-01,SARIMAX,Medium,0.6666666666666666,9384860.655393843,7459824.94311487,11309896.367672814
MI_C07,2026-01-01,SARIMAX,Medium,0.6666666666666666,9384860.655393843,7459824.94311487,11309896.367672814
MI_C07,2026-04-01,SARIMAX,Medium,0.6666666666666666,9384860.655393843,7459824.94311487,11309896.367672814
MI_C07,2026-07-01,SARIMAX,Medium,0.6666666666666666,9384860.655393843,7459824.94311487,11309896.367672814
MI_C07,2026-10-01,SARIMAX,Medium,0.6666666666666666,9384860.655393843,7459824.94311487,11309896.367672814
MI_C08,2025-01-01,Naive,Medium,0.6666666666666666,4717127.2,4717127.2,4717127.2
MI_C08,2025-04-01,Naive,Medium,0.6666666666666666,4717127.2,4717127.2,4717127.2
MI_C08,2025-07-01,Naive,Medium,0.6666666666666666,4717127.2,4717127.2,4717127.2
MI_C08,2025-10-01,Naive,Medium,0.6666666666666666,4717127.2,4717127.2,4717127.2
MI_C08,2026-01-01,Naive,Medium,0.6666666666666666,4717127.2,4717127.2,4717127.2
MI_C08,2026-04-01,Naive,Medium,0.6666666666666666,4717127.2,4717127.2,4717127.2
MI_C08,2026-07-01,Naive,Medium,0.6666666666666666,4717127.2,4717127.2,4717127.2
MI_C08,2026-10-01,Naive,Medium,0.6666666666666666,4717127.2,4717127.2,4717127.2
MI_C09,2025-01-01,Naive,Medium,0.6666666666666666,8287409.356,8287409.356,8287409.356
MI_C09,2025-04-01,Naive,Medium,0.6666666666666666,8287409.356,8287409.356,8287409.356
MI_C09,2025-07-01,Naive,Medium,0.6666666666666666,8287409.356,8287409.356,8287409.356
MI_C09,2025-10-01,Naive,Medium,0.6666666666666666,8287409.356,8287409.356,8287409.356
MI_C09,2026-01-01,Naive,Medium,0.6666666666666666,8287409.356,8287409.356,8287409.356
MI_C09,2026-04-01,Naive,Medium,0.6666666666666666,8287409.356,8287409.356,8287409.356
MI_C09,2026-07-01,Naive,Medium,0.6666666666666666,8287409.356,8287409.356,8287409.356
MI_C09,2026-10-01,Naive,Medium,0.6666666666666666,8287409.356,8287409.356,8287409.356
MI_C10,2025-01-01,Naive,Low,0.3333333333333333,9416089.298,9416089.298,9416089.298
MI_C10,2025-04-01,Naive,Low,0.3333333333333333,9416089.298,9416089.298,9416089.298
MI_C10,2025-07-01,Naive,Low,0.3333333333333333,9416089.298,9416089.298,9416089.298
MI_C10,2025-10-01,Naive,Low,0.3333333333333333,9416089.298,9416089.298,9416089.298
MI_C10,2026-01-01,Naive,Low,0.3333333333333333,9416089.298,9416089.298,9416089.298
MI_C10,2026-04-01,Naive,Low,0.3333333333333333,9416089.298,9416089.298,9416089.298
MI_C10,2026-07-01,Naive,Low,0.3333333333333333,9416089.298,9416089.298,9416089.298
MI_C10,2026-10-01,Naive,Low,0.3333333333333333,9416089.298,9416089.298,9416089.298
MI_D01,2025-01-01,SARIMAX,Low,0.3333333333333333,2269707.8721243097,2730280.102498875,1809135.6417497452
MI_D01,2025-04-01,SARIMAX,Low,0.3333333333333333,2009563.2640384443,2470135.4944130094,1548991.0336638796
MI_D01,2025-07-01,SARIMAX,Low,0.3333333333333333,1918012.2053166132,2378584.4356911783,1457439.9749420485
MI_D01,2025-10-01,SARIMAX,Low,0.3333333333333333,1885793.2159831051,2346365.4463576702,1425220.9856085405
MI_D01,2026-01-01,SARIMAX,Low,0.3333333333333333,1874454.5893395098,2335026.819714075,1413882.3589649452
MI_D01,2026-04-01,SARIMAX,Low,0.3333333333333333,1870464.2576493367,2331036.488023902,1409892.027274772
MI_D01,2026-07-01,SARIMAX,Low,0.3333333333333333,1869059.965269131,2329632.195643696,1408487.7348945662
MI_D01,2026-10-01,SARIMAX,Low,0.3333333333333333,1868565.7614679881,2329137.991842553,1407993.5310934235
MI_D02,2025-01-01,SARIMAX,Low,0.3333333333333333,1180480.9657188468,845133.6401990936,1515828.2912386
MI_D02,2025-04-01,SARIMAX,Low,0.3333333333333333,1265848.8582039184,930501.5326841653,1601196.1837236716
MI_D02,2025-07-01,SARIMAX,Low,0.3333333333333333,1218233.334327549,882886.0088077957,1553580.6598473021
MI_D02,2025-10-01,SARIMAX,Low,0.3333333333333333,1514150.141106887,1178802.8155871339,1849497.4666266402
MI_D02,2026-01-01,SARIMAX,Low,0.3333333333333333,1378138.5656672255,1042791.2401474721,1713485.8911869787
MI_D02,2026-04-01,SARIMAX,Low,0.3333333333333333,1349259.5875091273,1013912.2619893741,1684606.9130288805
MI_D02,2026-07-01,SARIMAX,Low,0.3333333333333333,1382797.6625404137,1047450.3370206604,1718144.9880601668
MI_D02,2026-10-01,SARIMAX,Low,0.3333333333333333,1240870.8180029618,905523.4924832085,1576218.143522715
MI_D03,2025-01-01,Naive,High,1.0,13.0,13.0,13.0
MI_D03,2025-04-01,Naive,High,1.0,13.0,13.0,13.0
MI_D03,2025-07-01,Naive,High,1.0,13.0,13.0,13.0
MI_D03,2025-10-01,Naive,High,1.0,13.0,13.0,13.0
MI_D03,2026-01-01,Naive,High,1.0,13.0,13.0,13.0
MI_D03,2026-04-01,Naive,High,1.0,13.0,13.0,13.0
MI_D03,2026-07-01,Naive,High,1.0,13.0,13.0,13.0
MI_D03,2026-10-01,Naive,High,1.0,13.0,13.0,13.0
MI_D04,2025-01-01,Naive,Low,0.3333333333333333,2240298.346,2240298.346,2240298.346
MI_D04,2025-04-01,Naive,Low,0.3333333333333333,2240298.346,2240298.346,2240298.346
MI_D04,2025-07-01,Naive,Low,0.3333333333333333,2240298.346,2240298.346,2240298.346
MI_D04,2025-10-01,Naive,Low,0.3333333333333333,2240298.346,2240298.346,2240298.346
MI_D04,2026-01-01,Naive,Low,0.3333333333333333,2240298.346,2240298.346,2240298.346
MI_D04,2026-04-01,Naive,Low,0.3333333333333333,2240298.346,2240298.346,2240298.346
MI_D04,2026-07-01,Naive,Low,0.3333333333333333,2240298.346,2240298.346,2240298.346
MI_D04,2026-10-01,Naive,Low,0.3333333333333333,2240298.346,2240298.346,2240298.346
MI_D05,2025-01-01,HistoricAverage,Low,0.3333333333333333,58265.7590625,58265.7590625,58265.7590625
MI_D05,2025-04-01,HistoricAverage,Low,0.3333333333333333,58265.7590625,58265.7590625,58265.7590625
MI_D05,2025-07-01,HistoricAverage,Low,0.3333333333333333,58265.7590625,58265.7590625,58265.7590625
MI_D05,2025-10-01,HistoricAverage,Low,0.3333333333333333,58265.7590625,58265.7590625,58265.7590625
MI_D05,2026-01-01,HistoricAverage,Low,0.3333333333333333,58265.7590625,58265.7590625,58265.7590625
MI_D05,2026-04-01,HistoricAverage,Low,0.3333333333333333,58265.7590625,58265.7590625,58265.7590625
MI_D05,2026-07-01,HistoricAverage,Low,0.3333333333333333,58265.7590625,58265.7590625,58265.7590625
MI_D05,2026-10-01,HistoricAverage,Low,0.3333333333333333,58265.7590625,58265.7590625,58265.7590625
MI_D06,2025-01-01,HistoricAverage,Medium,0.6666666666666666,910761.9668749999,910761.9668749999,910761.9668749999
MI_D06,2025-04-01,HistoricAverage,Medium,0.6666666666666666,910761.9668749999,910761.9668749999,910761.9668749999
MI_D06,2025-07-01,HistoricAverage,Medium,0.6666666666666666,910761.9668749999,910761.9668749999,910761.9668749999
MI_D06,2025-10-01,HistoricAverage,Medium,0.6666666666666666,910761.9668749999,910761.9668749999,910761.9668749999
MI_D06,2026-01-01,HistoricAverage,Medium,0.6666666666666666,910761.9668749999,910761.9668749999,910761.9668749999
MI_D06,2026-04-01,HistoricAverage,Medium,0.6666666666666666,910761.9668749999,910761.9668749999,910761.9668749999
MI_D06,2026-07-01,HistoricAverage,Medium,0.6666666666666666,910761.9668749999,910761.9668749999,910761.9668749999
MI_D06,2026-10-01,HistoricAverage,Medium,0.6666666666666666,910761.9668749999,910761.9668749999,910761.9668749999
MI_D07,2025-01-01,HistoricAverage,Low,0.3333333333333333,4232912.8064375,4232912.8064375,4232912.8064375
MI_D07,2025-04-01,HistoricAverage,Low,0.3333333333333333,4232912.8064375,4232912.8064375,4232912.8064375
MI_D07,2025-07-01,HistoricAverage,Low,0.3333333333333333,4232912.8064375,4232912.8064375,4232912.8064375
MI_D07,2025-10-01,HistoricAverage,Low,0.3333333333333333,4232912.8064375,4232912.8064375,4232912.8064375
MI_D07,2026-01-01,HistoricAverage,Low,0.3333333333333333,4232912.8064375,4232912.8064375,4232912.8064375
MI_D07,2026-04-01,HistoricAverage,Low,0.3333333333333333,4232912.8064375,4232912.8064375,4232912.8064375
MI_D07,2026-07-01,HistoricAverage,Low,0.3333333333333333,4232912.8064375,4232912.8064375,4232912.8064375
MI_D07,2026-10-01,HistoricAverage,Low,0.3333333333333333,4232912.8064375,4232912.8064375,4232912.8064375
MI_D08,2025-01-01,HistoricAverage,Low,0.3333333333333333,1632956.913875,1632956.913875,1632956.913875
MI_D08,2025-04-01,HistoricAverage,Low,0.3333333333333333,1632956.913875,1632956.913875,1632956.913875
MI_D08,2025-07-01,HistoricAverage,Low,0.3333333333333333,1632956.913875,1632956.913875,1632956.913875
MI_D08,2025-10-01,HistoricAverage,Low,0.3333333333333333,1632956.913875,1632956.913875,1632956.913875
MI_D08,2026-01-01,HistoricAverage,Low,0.3333333333333333,1632956.913875,1632956.913875,1632956.913875
MI_D08,2026-04-01,HistoricAverage,Low,0.3333333333333333,1632956.913875,1632956.913875,1632956.913875
MI_D08,2026-07-01,HistoricAverage,Low,0.3333333333333333,1632956.913875,1632956.913875,1632956.913875
MI_D08,2026-10-01,HistoricAverage,Low,0.3333333333333333,1632956.913875,1632956.913875,1632956.913875
MI_D10,2025-01-01,SARIMAX,Low,0.3333333333333333,2610868.0406852094,2548326.703321141,2673409.3780492777
MI_D10,2025-04-01,SARIMAX,Low,0.3333333333333333,2610868.0406852094,2548326.703321141,2673409.3780492777
MI_D10,2025-07-01,SARIMAX,Low,0.3333333333333333,2610868.0406852094,2548326.703321141,2673409.3780492777
MI_D10,2025-10-01,SARIMAX,Low,0.3333333333333333,2610868.0406852094,2548326.703321141,2673409.3780492777
MI_D10,2026-01-01,SARIMAX,Low,0.3333333333333333,2610868.0406852094,2548326.703321141,2673409.3780492777
MI_D10,2026-04-01,SARIMAX,Low,0.3333333333333333,2610868.0406852094,2548326.703321141,2673409.3780492777
MI_D10,2026-07-01,SARIMAX,Low,0.3333333333333333,2610868.0406852094,2548326.703321141,2673409.3780492777
MI_D10,2026-10-01,SARIMAX,Low,0.3333333333333333,2610868.0406852094,2548326.703321141,2673409.3780492777
MI_D11,2025-01-01,SARIMAX,Low,0.3333333333333333,1208471.3576547597,906492.0546996258,1510450.660609893
MI_D11,2025-04-01,SARIMAX,Low,0.3333333333333333,1208471.3576547597,906492.0546996258,1510450.660609893
MI_D11,2025-07-01,SARIMAX,Low,0.3333333333333333,1208471.3576547597,906492.0546996258,1510450.660609893
MI_D11,2025-10-01,SARIMAX,Low,0.3333333333333333,1208471.3576547597,906492.0546996258,1510450.660609893
MI_D11,2026-01-01,SARIMAX,Low,0.3333333333333333,1208471.3576547597,906492.0546996258,1510450.660609893
MI_D11,2026-04-01,SARIMAX,Low,0.3333333333333333,1208471.3576547597,906492.0546996258,1510450.660609893
MI_D11,2026-07-01,SARIMAX,Low,0.3333333333333333,1208471.3576547597,906492.0546996258,1510450.660609893
MI_D11,2026-10-01,SARIMAX,Low,0.3333333333333333,1208471.3576547597,906492.0546996258,1510450.660609893
MI_G01,2025-01-01,HistoricAverage,High,1.0,2003415.9341250001,2003415.9341250001,2003415.9341250001
MI_G01,2025-04-01,HistoricAverage,High,1.0,2003415.9341250001,2003415.9341250001,2003415.9341250001
MI_G01,2025-07-01,HistoricAverage,High,1.0,2003415.9341250001,2003415.9341250001,2003415.9341250001
MI_G01,2025-10-01,HistoricAverage,High,1.0,2003415.9341250001,2003415.9341250001,2003415.9341250001
MI_G01,2026-01-01,HistoricAverage,High,1.0,2003415.9341250001,2003415.9341250001,2003415.9341250001
MI_G01,2026-04-01,HistoricAverage,High,1.0,2003415.9341250001,2003415.9341250001,2003415.9341250001
MI_G01,2026-07-01,HistoricAverage,High,1.0,2003415.9341250001,2003415.9341250001,2003415.9341250001
MI_G01,2026-10-01,HistoricAverage,High,1.0,2003415.9341250001,2003415.9341250001,2003415.9341250001
MI_G02,2025-01-01,HistoricAverage,Low,0.3333333333333333,3357337.702625,3357337.702625,3357337.702625
MI_G02,2025-04-01,HistoricAverage,Low,0.3333333333333333,3357337.702625,3357337.702625,3357337.702625
MI_G02,2025-07-01,HistoricAverage,Low,0.3333333333333333,3357337.702625,3357337.702625,3357337.702625
MI_G02,2025-10-01,HistoricAverage,Low,0.3333333333333333,3357337.702625,3357337.702625,3357337.702625
MI_G02,2026-01-01,HistoricAverage,Low,0.3333333333333333,3357337.702625,3357337.702625,3357337.702625
MI_G02,2026-04-01,HistoricAverage,Low,0.3333333333333333,3357337.702625,3357337.702625,3357337.702625
MI_G02,2026-07-01,HistoricAverage,Low,0.3333333333333333,3357337.702625,3357337.702625,3357337.702625
MI_G02,2026-10-01,HistoricAverage,Low,0.3333333333333333,3357337.702625,3357337.702625,3357337.702625
MI_G03,2025-01-01,WindowAverage,Medium,0.6666666666666666,4157961.41125,4157961.41125,4157961.41125
MI_G03,2025-04-01,WindowAverage,Medium,0.6666666666666666,4157961.41125,4157961.41125,4157961.41125
MI_G03,2025-07-01,WindowAverage,Medium,0.6666666666666666,4157961.41125,4157961.41125,4157961.41125
MI_G03,2025-10-01,WindowAverage,Medium,0.6666666666666666,4157961.41125,4157961.41125,4157961.41125
MI_G03,2026-01-01,WindowAverage,Medium,0.6666666666666666,4157961.41125,4157961.41125,4157961.41125
MI_G03,2026-04-01,WindowAverage,Medium,0.6666666666666666,4157961.41125,4157961.41125,4157961.41125
MI_G03,2026-07-01,WindowAverage,Medium,0.6666666666666666,4157961.41125,4157961.41125,4157961.41125
MI_G03,2026-10-01,WindowAverage,Medium,0.6666666666666666,4157961.41125,4157961.41125,4157961.41125
MI_G04,2025-01-01,Naive,Medium,0.6666666666666666,2232225.972,2232225.972,2232225.972
MI_G04,2025-04-01,Naive,Medium,0.6666666666666666,2232225.972,2232225.972,2232225.972
MI_G04,2025-07-01,Naive,Medium,0.6666666666666666,2232225.972,2232225.972,2232225.972
MI_G04,2025-10-01,Naive,Medium,0.6666666666666666,2232225.972,2232225.972,2232225.972
MI_G04,2026-01-01,Naive,Medium,0.6666666666666666,2232225.972,2232225.972,2232225.972
MI_G04,2026-04-01,Naive,Medium,0.6666666666666666,2232225.972,2232225.972,2232225.972
MI_G04,2026-07-01,Naive,Medium,0.6666666666666666,2232225.972,2232225.972,2232225.972
MI_G04,2026-10-01,Naive,Medium,0.6666666666666666,2232225.972,2232225.972,2232225.972
MI_H01,2025-01-01,WindowAverage,Low,0.3333333333333333,215884.50475000002,215884.50475000002,215884.50475000002
MI_H01,2025-04-01,WindowAverage,Low,0.3333333333333333,215884.50475000002,215884.50475000002,215884.50475000002
MI_H01,2025-07-01,WindowAverage,Low,0.3333333333333333,215884.50475000002,215884.50475000002,215884.50475000002
MI_H01,2025-10-01,WindowAverage,Low,0.3333333333333333,215884.50475000002,215884.50475000002,215884.50475000002
MI_H01,2026-01-01,WindowAverage,Low,0.3333333333333333,215884.50475000002,215884.50475000002,215884.50475000002
MI_H01,2026-04-01,WindowAverage,Low,0.3333333333333333,215884.50475000002,215884.50475000002,215884.50475000002
MI_H01,2026-07-01,WindowAverage,Low,0.3333333333333333,215884.50475000002,215884.50475000002,215884.50475000002
MI_H01,2026-10-01,WindowAverage,Low,0.3333333333333333,215884.50475000002,215884.50475000002,215884.50475000002
MI_H02,2025-01-01,HistoricAverage,Low,0.3333333333333333,1580715.51328125,1580715.51328125,1580715.51328125
MI_H02,2025-04-01,HistoricAverage,Low,0.3333333333333333,1580715.51328125,1580715.51328125,1580715.51328125
MI_H02,2025-07-01,HistoricAverage,Low,0.3333333333333333,1580715.51328125,1580715.51328125,1580715.51328125
MI_H02,2025-10-01,HistoricAverage,Low,0.3333333333333333,1580715.51328125,1580715.51328125,1580715.51328125
MI_H02,2026-01-01,HistoricAverage,Low,0.3333333333333333,1580715.51328125,1580715.51328125,1580715.51328125
MI_H02,2026-04-01,HistoricAverage,Low,0.3333333333333333,1580715.51328125,1580715.51328125,1580715.51328125
MI_H02,2026-07-01,HistoricAverage,Low,0.3333333333333333,1580715.51328125,1580715.51328125,1580715.51328125
MI_H02,2026-10-01,HistoricAverage,Low,0.3333333333333333,1580715.51328125,1580715.51328125,1580715.51328125
MI_H03,2025-01-01,SARIMAX,Low,0.3333333333333333,3406525.5530607337,3448898.5640796586,3364152.5420418093
MI_H03,2025-04-01,SARIMAX,Low,0.3333333333333333,3457176.94173628,3499549.952755205,3414803.9307173556
MI_H03,2025-07-01,SARIMAX,Low,0.3333333333333333,3503447.2051420924,3545820.2161610173,3461074.194123168
MI_H03,2025-10-01,SARIMAX,Low,0.3333333333333333,3545715.2915978716,3588088.3026167965,3503342.280578947
MI_H03,2026-01-01,SARIMAX,Low,0.3333333333333333,3584327.3720384766,3626700.3830574015,3541954.361019552
MI_H03,2026-04-01,SARIMAX,Low,0.3333333333333333,3619599.6751154456,3661972.68613437,3577226.664096521
MI_H03,2026-07-01,SARIMAX,Low,0.3333333333333333,3651821.0770745375,3694194.0880934624,3609448.066055613
MI_H03,2026-10-01,SARIMAX,Low,0.3333333333333333,3681255.467620113,3723628.4786390373,3638882.4566011885
MI_H04,2025-01-01,Naive,Medium,0.6666666666666666,3391.9,3391.9,3391.9
MI_H04,2025-04-01,Naive,Medium,0.6666666666666666,3391.9,3391.9,3391.9
MI_H04,2025-07-01,Naive,Medium,0.6666666666666666,3391.9,3391.9,3391.9
MI_H04,2025-10-01,Naive,Medium,0.6666666666666666,3391.9,3391.9,3391.9
MI_H04,2026-01-01,Naive,Medium,0.6666666666666666,3391.9,3391.9,3391.9
MI_H04,2026-04-01,Naive,Medium,0.6666666666666666,3391.9,3391.9,3391.9
MI_H04,2026-07-01,Naive,Medium,0.6666666666666666,3391.9,3391.9,3391.9
MI_H04,2026-10-01,Naive,Medium,0.6666666666666666,3391.9,3391.9,3391.9
MI_H05,2025-01-01,Naive,Medium,0.6666666666666666,7171.42,7171.42,7171.42
MI_H05,2025-04-01,Naive,Medium,0.6666666666666666,7171.42,7171.42,7171.42
MI_H05,2025-07-01,Naive,Medium,0.6666666666666666,7171.42,7171.42,7171.42
MI_H05,2025-10-01,Naive,Medium,0.6666666666666666,7171.42,7171.42,7171.42
MI_H05,2026-01-01,Naive,Medium,0.6666666666666666,7171.42,7171.42,7171.42
MI_H05,2026-04-01,Naive,Medium,0.6666666666666666,7171.42,7171.42,7171.42
MI_H05,2026-07-01,Naive,Medium,0.6666666666666666,7171.42,7171.42,7171.42
MI_H05,2026-10-01,Naive,Medium,0.6666666666666666,7171.42,7171.42,7171.42
MI_J01,2025-01-01,Naive,Low,0.3333333333333333,23882109.86,23882109.86,23882109.86
MI_J01,2025-04-01,Naive,Low,0.3333333333333333,23882109.86,23882109.86,23882109.86
MI_J01,2025-07-01,Naive,Low,0.3333333333333333,23882109.86,23882109.86,23882109.86
MI_J01,2025-10-01,Naive,Low,0.3333333333333333,23882109.86,23882109.86,23882109.86
MI_J01,2026-01-01,Naive,Low,0.3333333333333333,23882109.86,23882109.86,23882109.86
MI_J01,2026-04-01,Naive,Low,0.3333333333333333,23882109.86,23882109.86,23882109.86
MI_J01,2026-07-01,Naive,Low,0.3333333333333333,23882109.86,23882109.86,23882109.86
MI_J01,2026-10-01,Naive,Low,0.3333333333333333,23882109.86,23882109.86,23882109.86
MI_J02,2025-01-01,HistoricAverage,Medium,0.6666666666666666,376616.29796875,376616.29796875,376616.29796875
MI_J02,2025-04-01,HistoricAverage,Medium,0.6666666666666666,376616.29796875,376616.29796875,376616.29796875
MI_J02,2025-07-01,HistoricAverage,Medium,0.6666666666666666,376616.29796875,376616.29796875,376616.29796875
MI_J02,2025-10-01,HistoricAverage,Medium,0.6666666666666666,376616.29796875,376616.29796875,376616.29796875
MI_J02,2026-01-01,HistoricAverage,Medium,0.6666666666666666,376616.29796875,376616.29796875,376616.29796875
MI_J02,2026-04-01,HistoricAverage,Medium,0.6666666666666666,376616.29796875,376616.29796875,376616.29796875
MI_J02,2026-07-01,HistoricAverage,Medium,0.6666666666666666,376616.29796875,376616.29796875,376616.29796875
MI_J02,2026-10-01,HistoricAverage,Medium,0.6666666666666666,376616.29796875,376616.29796875,376616.29796875
MI_J04,2025-01-01,Naive,Medium,0.6666666666666666,40060.793,40060.793,40060.793
MI_J04,2025-04-01,Naive,Medium,0.6666666666666666,40060.793,40060.793,40060.793
MI_J04,2025-07-01,Naive,Medium,0.6666666666666666,40060.793,40060.793,40060.793
MI_J04,2025-10-01,Naive,Medium,0.6666666666666666,40060.793,40060.793,40060.793
MI_J04,2026-01-01,Naive,Medium,0.6666666666666666,40060.793,40060.793,40060.793
MI_J04,2026-04-01,Naive,Medium,0.6666666666666666,40060.793,40060.793,40060.793
MI_J04,2026-07-01,Naive,Medium,0.6666666666666666,40060.793,40060.793,40060.793
MI_J04,2026-10-01,Naive,Medium,0.6666666666666666,40060.793,40060.793,40060.793
MI_J05,2025-01-01,HistoricAverage,High,1.0,1771323.5395625,1771323.5395625,1771323.5395625
MI_J05,2025-04-01,HistoricAverage,High,1.0,1771323.5395625,1771323.5395625,1771323.5395625
MI_J05,2025-07-01,HistoricAverage,High,1.0,1771323.5395625,1771323.5395625,1771323.5395625
MI_J05,2025-10-01,HistoricAverage,High,1.0,1771323.5395625,1771323.5395625,1771323.5395625
MI_J05,2026-01-01,HistoricAverage,High,1.0,1771323.5395625,1771323.5395625,1771323.5395625
MI_J05,2026-04-01,HistoricAverage,High,1.0,1771323.5395625,1771323.5395625,1771323.5395625
MI_J05,2026-07-01,HistoricAverage,High,1.0,1771323.5395625,1771323.5395625,1771323.5395625
MI_J05,2026-10-01,HistoricAverage,High,1.0,1771323.5395625,1771323.5395625,1771323.5395625
MI_J06,2025-01-01,HistoricAverage,Medium,0.6666666666666666,66941.53112500001,66941.53112500001,66941.53112500001
MI_J06,2025-04-01,HistoricAverage,Medium,0.6666666666666666,66941.53112500001,66941.53112500001,66941.53112500001
MI_J06,2025-07-01,HistoricAverage,Medium,0.6666666666666666,66941.53112500001,66941.53112500001,66941.53112500001
MI_J06,2025-10-01,HistoricAverage,Medium,0.6666666666666666,66941.53112500001,66941.53112500001,66941.53112500001
MI_J06,2026-01-01,HistoricAverage,Medium,0.6666666666666666,66941.53112500001,66941.53112500001,66941.53112500001
MI_J06,2026-04-01,HistoricAverage,Medium,0.6666666666666666,66941.53112500001,66941.53112500001,66941.53112500001
MI_J06,2026-07-01,HistoricAverage,Medium,0.6666666666666666,66941.53112500001,66941.53112500001,66941.53112500001
MI_J06,2026-10-01,HistoricAverage,Medium,0.6666666666666666,66941.53112500001,66941.53112500001,66941.53112500001
MI_J07,2025-01-01,HistoricAverage,Low,0.3333333333333333,233.30000000000004,233.30000000000004,233.30000000000004
MI_J07,2025-04-01,HistoricAverage,Low,0.3333333333333333,233.30000000000004,233.30000000000004,233.30000000000004
MI_J07,2025-07-01,HistoricAverage,Low,0.3333333333333333,233.30000000000004,233.30000000000004,233.30000000000004
MI_J07,2025-10-01,HistoricAverage,Low,0.3333333333333333,233.30000000000004,233.30000000000004,233.30000000000004
MI_J07,2026-01-01,HistoricAverage,Low,0.3333333333333333,233.30000000000004,233.30000000000004,233.30000000000004
MI_J07,2026-04-01,HistoricAverage,Low,0.3333333333333333,233.30000000000004,233.30000000000004,233.30000000000004
MI_J07,2026-07-01,HistoricAverage,Low,0.3333333333333333,233.30000000000004,233.30000000000004,233.30000000000004
MI_J07,2026-10-01,HistoricAverage,Low,0.3333333333333333,233.30000000000004,233.30000000000004,233.30000000000004
MI_L01,2025-01-01,Naive,Medium,0.6666666666666666,660512.605,660512.605,660512.605
MI_L01,2025-04-01,Naive,Medium,0.6666666666666666,660512.605,660512.605,660512.605
MI_L01,2025-07-01,Naive,Medium,0.6666666666666666,660512.605,660512.605,660512.605
MI_L01,2025-10-01,Naive,Medium,0.6666666666666666,660512.605,660512.605,660512.605
MI_L01,2026-01-01,Naive,Medium,0.6666666666666666,660512.605,660512.605,660512.605
MI_L01,2026-04-01,Naive,Medium,0.6666666666666666,660512.605,660512.605,660512.605
MI_L01,2026-07-01,Naive,Medium,0.6666666666666666,660512.605,660512.605,660512.605
MI_L01,2026-10-01,Naive,Medium,0.6666666666666666,660512.605,660512.605,660512.605
MI_L02,2025-01-01,WindowAverage,Medium,0.6666666666666666,349282.35675000004,349282.35675000004,349282.35675000004
MI_L02,2025-04-01,WindowAverage,Medium,0.6666666666666666,349282.35675000004,349282.35675000004,349282.35675000004
MI_L02,2025-07-01,WindowAverage,Medium,0.6666666666666666,349282.35675000004,349282.35675000004,349282.35675000004
MI_L02,2025-10-01,WindowAverage,Medium,0.6666666666666666,349282.35675000004,349282.35675000004,349282.35675000004
MI_L02,2026-01-01,WindowAverage,Medium,0.6666666666666666,349282.35675000004,349282.35675000004,349282.35675000004
MI_L02,2026-04-01,WindowAverage,Medium,0.6666666666666666,349282.35675000004,349282.35675000004,349282.35675000004
MI_L02,2026-07-01,WindowAverage,Medium,0.6666666666666666,349282.35675000004,349282.35675000004,349282.35675000004
MI_L02,2026-10-01,WindowAverage,Medium,0.6666666666666666,349282.35675000004,349282.35675000004,349282.35675000004
MI_L03,2025-01-01,SARIMAX,High,1.0,6129.154963559115,7424.850210418645,4833.459716699588
MI_L03,2025-04-01,SARIMAX,High,1.0,5557.757987968678,6853.453234828208,4262.062741109152
MI_L03,2025-07-01,SARIMAX,High,1.0,4986.3610123782455,6282.0562592377755,3690.6657655187155
MI_L03,2025-10-01,SARIMAX,High,1.0,4414.964036787809,5710.659283647339,3119.268789928283
MI_L03,2026-01-01,SARIMAX,High,1.0,3843.567061197373,5139.262308056903,2547.8718143378464
MI_L03,2026-04-01,SARIMAX,High,1.0,3272.1700856069365,4567.8653324664665,1976.47483874741
MI_L03,2026-07-01,SARIMAX,High,1.0,2700.773110016504,3996.46835687603,1405.0778631569738
MI_L03,2026-10-01,SARIMAX,High,1.0,2129.3761344260674,3425.0713812855975,833.6808875665374
MI_L04,2025-01-01,HistoricAverage,Low,0.3333333333333333,1273041.89128125,1273041.89128125,1273041.89128125
MI_L04,2025-04-01,HistoricAverage,Low,0.3333333333333333,1273041.89128125,1273041.89128125,1273041.89128125
MI_L04,2025-07-01,HistoricAverage,Low,0.3333333333333333,1273041.89128125,1273041.89128125,1273041.89128125
MI_L04,2025-10-01,HistoricAverage,Low,0.3333333333333333,1273041.89128125,1273041.89128125,1273041.89128125
MI_L04,2026-01-01,HistoricAverage,Low,0.3333333333333333,1273041.89128125,1273041.89128125,1273041.89128125
MI_L04,2026-04-01,HistoricAverage,Low,0.3333333333333333,1273041.89128125,1273041.89128125,1273041.89128125
MI_L04,2026-07-01,HistoricAverage,Low,0.3333333333333333,1273041.89128125,1273041.89128125,1273041.89128125
MI_L04,2026-10-01,HistoricAverage,Low,0.3333333333333333,1273041.89128125,1273041.89128125,1273041.89128125
MI_M01,2025-01-01,HistoricAverage,Medium,0.6666666666666666,5610644.37515625,5610644.37515625,5610644.37515625
MI_M01,2025-04-01,HistoricAverage,Medium,0.6666666666666666,5610644.37515625,5610644.37515625,5610644.37515625
MI_M01,2025-07-01,HistoricAverage,Medium,0.6666666666666666,5610644.37515625,5610644.37515625,5610644.37515625
MI_M01,2025-10-01,HistoricAverage,Medium,0.6666666666666666,5610644.37515625,5610644.37515625,5610644.37515625
MI_M01,2026-01-01,HistoricAverage,Medium,0.6666666666666666,5610644.37515625,5610644.37515625,5610644.37515625
MI_M01,2026-04-01,HistoricAverage,Medium,0.6666666666666666,5610644.37515625,5610644.37515625,5610644.37515625
MI_M01,2026-07-01,HistoricAverage,Medium,0.6666666666666666,5610644.37515625,5610644.37515625,5610644.37515625
MI_M01,2026-10-01,HistoricAverage,Medium,0.6666666666666666,5610644.37515625,5610644.37515625,5610644.37515625
MI_M02,2025-01-01,HistoricAverage,Low,0.3333333333333333,4970709.42825,4970709.42825,4970709.42825
MI_M02,2025-04-01,HistoricAverage,Low,0.3333333333333333,4970709.42825,4970709.42825,4970709.42825
MI_M02,2025-07-01,HistoricAverage,Low,0.3333333333333333,4970709.42825,4970709.42825,4970709.42825
MI_M02,2025-10-01,HistoricAverage,Low,0.3333333333333333,4970709.42825,4970709.42825,4970709.42825
MI_M02,2026-01-01,HistoricAverage,Low,0.3333333333333333,4970709.42825,4970709.42825,4970709.42825
MI_M02,2026-04-01,HistoricAverage,Low,0.3333333333333333,4970709.42825,4970709.42825,4970709.42825
MI_M02,2026-07-01,HistoricAverage,Low,0.3333333333333333,4970709.42825,4970709.42825,4970709.42825
MI_M02,2026-10-01,HistoricAverage,Low,0.3333333333333333,4970709.42825,4970709.42825,4970709.42825
MI_M03,2025-01-01,SARIMAX,Low,0.3333333333333333,8192353.461613648,7717046.95663864,8667659.966588654
MI_M03,2025-04-01,SARIMAX,Low,0.3333333333333333,8319025.912649956,7843719.407674948,8794332.417624962
MI_M03,2025-07-01,SARIMAX,Low,0.3333333333333333,8366081.938683802,7890775.433708794,8841388.443658808
MI_M03,2025-10-01,SARIMAX,Low,0.3333333333333333,8383562.216107844,7908255.7111328365,8858868.721082851
MI_M03,2026-01-01,SARIMAX,Low,0.3333333333333333,8390055.754227739,7914749.24925273,8865362.259202745
MI_M03,2026-04-01,SARIMAX,Low,0.3333333333333333,8392467.960641379,7917161.455666372,8867774.465616385
MI_M03,2026-07-01,SARIMAX,Low,0.3333333333333333,8393364.042203477,7918057.537228469,8868670.547178483
MI_M03,2026-10-01,SARIMAX,Low,0.3333333333333333,8393696.916770674,7918390.411795666,8869003.42174568
MI_M04,2025-01-01,WindowAverage,Low,0.3333333333333333,609231.53825,609231.53825,609231.53825
MI_M04,2025-04-01,WindowAverage,Low,0.3333333333333333,609231.53825,609231.53825,609231.53825
MI_M04,2025-07-01,WindowAverage,Low,0.3333333333333333,609231.53825,609231.53825,609231.53825
MI_M04,2025-10-01,WindowAverage,Low,0.3333333333333333,609231.53825,609231.53825,609231.53825
MI_M04,2026-01-01,WindowAverage,Low,0.3333333333333333,609231.53825,609231.53825,609231.53825
MI_M04,2026-04-01,WindowAverage,Low,0.3333333333333333,609231.53825,609231.53825,609231.53825
MI_M04,2026-07-01,WindowAverage,Low,0.3333333333333333,609231.53825,609231.53825,609231.53825
MI_M04,2026-10-01,WindowAverage,Low,0.3333333333333333,609231.53825,609231.53825,609231.53825
MI_M05,2025-01-01,SARIMAX,High,1.0,28067.14134009572,26789.719315265666,29344.563364925776
MI_M05,2025-04-01,SARIMAX,High,1.0,28780.67560809608,27503.253583266025,30058.097632926136
MI_M05,2025-07-01,SARIMAX,High,1.0,29267.840236018685,27990.41821118863,30545.26226084874
MI_M05,2025-10-01,SARIMAX,High,1.0,29600.451275659532,28323.029250829477,30877.873300489588
MI_M05,2026-01-01,SARIMAX,High,1.0,29827.541046447535,28550.11902161748,31104.96307127759
MI_M05,2026-04-01,SARIMAX,High,1.0,29982.586303069897,28705.16427823984,31260.008327899952
MI_M05,2026-07-01,SARIMAX,High,1.0,30088.44325786658,28811.021233036525,31365.865282696635
MI_M05,2026-10-01,SARIMAX,High,1.0,30160.716961189995,28883.29493635994,31438.13898602005
MI_M09,2025-01-01,Naive,Medium,0.6666666666666666,22377.044,22377.044,22377.044
MI_M09,2025-04-01,Naive,Medium,0.6666666666666666,22377.044,22377.044,22377.044
MI_M09,2025-07-01,Naive,Medium,0.6666666666666666,22377.044,22377.044,22377.044
MI_M09,2025-10-01,Naive,Medium,0.6666666666666666,22377.044,22377.044,22377.044
MI_M09,2026-01-01,Naive,Medium,0.6666666666666666,22377.044,22377.044,22377.044
MI_M09,2026-04-01,Naive,Medium,0.6666666666666666,22377.044,22377.044,22377.044
MI_M09,2026-07-01,Naive,Medium,0.6666666666666666,22377.044,22377.044,22377.044
MI_M09,2026-10-01,Naive,Medium,0.6666666666666666,22377.044,22377.044,22377.044
MI_N01,2025-01-01,WindowAverage,Low,0.3333333333333333,223858.3235,223858.3235,223858.3235
MI_N01,2025-04-01,WindowAverage,Low,0.3333333333333333,223858.3235,223858.3235,223858.3235
MI_N01,2025-07-01,WindowAverage,Low,0.3333333333333333,223858.3235,223858.3235,223858.3235
MI_N01,2025-10-01,WindowAverage,Low,0.3333333333333333,223858.3235,223858.3235,223858.3235
MI_N01,2026-01-01,WindowAverage,Low,0.3333333333333333,223858.3235,223858.3235,223858.3235
MI_N01,2026-04-01,WindowAverage,Low,0.3333333333333333,223858.3235,223858.3235,223858.3235
MI_N01,2026-07-01,WindowAverage,Low,0.3333333333333333,223858.3235,223858.3235,223858.3235
MI_N01,2026-10-01,WindowAverage,Low,0.3333333333333333,223858.3235,223858.3235,223858.3235
MI_N02,2025-01-01,HistoricAverage,Medium,0.6666666666666666,33680789.4003125,33680789.4003125,33680789.4003125
MI_N02,2025-04-01,HistoricAverage,Medium,0.6666666666666666,33680789.4003125,33680789.4003125,33680789.4003125
MI_N02,2025-07-01,HistoricAverage,Medium,0.6666666666666666,33680789.4003125,33680789.4003125,33680789.4003125
MI_N02,2025-10-01,HistoricAverage,Medium,0.6666666666666666,33680789.4003125,33680789.4003125,33680789.4003125
MI_N02,2026-01-01,HistoricAverage,Medium,0.6666666666666666,33680789.4003125,33680789.4003125,33680789.4003125
MI_N02,2026-04-01,HistoricAverage,Medium,0.6666666666666666,33680789.4003125,33680789.4003125,33680789.4003125
MI_N02,2026-07-01,HistoricAverage,Medium,0.6666666666666666,33680789.4003125,33680789.4003125,33680789.4003125
MI_N02,2026-10-01,HistoricAverage,Medium,0.6666666666666666,33680789.4003125,33680789.4003125,33680789.4003125
MI_N03,2025-01-01,Naive,Medium,0.6666666666666666,18094658.54,18094658.54,18094658.54
MI_N03,2025-04-01,Naive,Medium,0.6666666666666666,18094658.54,18094658.54,18094658.54
MI_N03,2025-07-01,Naive,Medium,0.6666666666666666,18094658.54,18094658.54,18094658.54
MI_N03,2025-10-01,Naive,Medium,0.6666666666666666,18094658.54,18094658.54,18094658.54
MI_N03,2026-01-01,Naive,Medium,0.6666666666666666,18094658.54,18094658.54,18094658.54
MI_N03,2026-04-01,Naive,Medium,0.6666666666666666,18094658.54,18094658.54,18094658.54
MI_N03,2026-07-01,Naive,Medium,0.6666666666666666,18094658.54,18094658.54,18094658.54
MI_N03,2026-10-01,Naive,Medium,0.6666666666666666,18094658.54,18094658.54,18094658.54
MI_N04,2025-01-01,SARIMAX,Medium,0.6666666666666666,1398790.121295403,1420380.8313965036,1377199.4111943021
MI_N04,2025-04-01,SARIMAX,Medium,0.6666666666666666,1410919.9284557789,1432510.6385568795,1389329.218354678
MI_N04,2025-07-01,SARIMAX,Medium,0.6666666666666666,1422194.30760229,1443785.0177033907,1400603.5975011892
MI_N04,2025-10-01,SARIMAX,Medium,0.6666666666666666,1432673.5859171606,1454264.2960182612,1411082.8758160598
MI_N04,2026-01-01,SARIMAX,Medium,0.6666666666666666,1442413.8361405618,1464004.5462416625,1420823.126039461
MI_N04,2026-04-01,SARIMAX,Medium,0.6666666666666666,1451467.176605796,1473057.8867068966,1429876.4665046951
MI_N04,2026-07-01,SARIMAX,Medium,0.6666666666666666,1459882.0501151567,1481472.7602162573,1438291.3400140558
MI_N04,2026-10-01,SARIMAX,Medium,0.6666666666666666,1467703.483148683,1489294.1932497837,1446112.7730475822
MI_N05,2025-01-01,Naive,Low,0.3333333333333333,21755457.48,21755457.48,21755457.48
MI_N05,2025-04-01,Naive,Low,0.3333333333333333,21755457.48,21755457.48,21755457.48
MI_N05,2025-07-01,Naive,Low,0.3333333333333333,21755457.48,21755457.48,21755457.48
MI_N05,2025-10-01,Naive,Low,0.3333333333333333,21755457.48,21755457.48,21755457.48
MI_N05,2026-01-01,Naive,Low,0.3333333333333333,21755457.48,21755457.48,21755457.48
MI_N05,2026-04-01,Naive,Low,0.3333333333333333,21755457.48,21755457.48,21755457.48
MI_N05,2026-07-01,Naive,Low,0.3333333333333333,21755457.48,21755457.48,21755457.48
MI_N05,2026-10-01,Naive,Low,0.3333333333333333,21755457.48,21755457.48,21755457.48
MI_N06,2025-01-01,SARIMAX,Medium,0.6666666666666666,30285352.25021847,29602012.826292183,30968691.674144756
MI_N06,2025-04-01,SARIMAX,Medium,0.6666666666666666,30285352.25021847,29602012.826292183,30968691.674144756
MI_N06,2025-07-01,SARIMAX,Medium,0.6666666666666666,30285352.25021847,29602012.826292183,30968691.674144756
MI_N06,2025-10-01,SARIMAX,Medium,0.6666666666666666,30285352.25021847,29602012.826292183,30968691.674144756
MI_N06,2026-01-01,SARIMAX,Medium,0.6666666666666666,30285352.25021847,29602012.826292183,30968691.674144756
MI_N06,2026-04-01,SARIMAX,Medium,0.6666666666666666,30285352.25021847,29602012.826292183,30968691.674144756
MI_N06,2026-07-01,SARIMAX,Medium,0.6666666666666666,30285352.25021847,29602012.826292183,30968691.674144756
MI_N06,2026-10-01,SARIMAX,Medium,0.6666666666666666,30285352.25021847,29602012.826292183,30968691.674144756
MI_N07,2025-01-01,HistoricAverage,Medium,0.6666666666666666,2473819.55853125,2473819.55853125,2473819.55853125
MI_N07,2025-04-01,HistoricAverage,Medium,0.6666666666666666,2473819.55853125,2473819.55853125,2473819.55853125
MI_N07,2025-07-01,HistoricAverage,Medium,0.6666666666666666,2473819.55853125,2473819.55853125,2473819.55853125
MI_N07,2025-10-01,HistoricAverage,Medium,0.6666666666666666,2473819.55853125,2473819.55853125,2473819.55853125
MI_N07,2026-01-01,HistoricAverage,Medium,0.6666666666666666,2473819.55853125,2473819.55853125,2473819.55853125
MI_N07,2026-04-01,HistoricAverage,Medium,0.6666666666666666,2473819.55853125,2473819.55853125,2473819.55853125
MI_N07,2026-07-01,HistoricAverage,Medium,0.6666666666666666,2473819.55853125,2473819.55853125,2473819.55853125
MI_N07,2026-10-01,HistoricAverage,Medium,0.6666666666666666,2473819.55853125,2473819.55853125,2473819.55853125
MI_P01,2025-01-01,HistoricAverage,Medium,0.6666666666666666,609187.2240625,609187.2240625,609187.2240625
MI_P01,2025-04-01,HistoricAverage,Medium,0.6666666666666666,609187.2240625,609187.2240625,609187.2240625
MI_P01,2025-07-01,HistoricAverage,Medium,0.6666666666666666,609187.2240625,609187.2240625,609187.2240625
MI_P01,2025-10-01,HistoricAverage,Medium,0.6666666666666666,609187.2240625,609187.2240625,609187.2240625
MI_P01,2026-01-01,HistoricAverage,Medium,0.6666666666666666,609187.2240625,609187.2240625,609187.2240625
MI_P01,2026-04-01,HistoricAverage,Medium,0.6666666666666666,609187.2240625,609187.2240625,609187.2240625
MI_P01,2026-07-01,HistoricAverage,Medium,0.6666666666666666,609187.2240625,609187.2240625,609187.2240625
MI_P01,2026-10-01,HistoricAverage,Medium,0.6666666666666666,609187.2240625,609187.2240625,609187.2240625
MI_P02,2025-01-01,HistoricAverage,Low,0.3333333333333333,1106.8548387096773,1106.8548387096773,1106.8548387096773
MI_P02,2025-04-01,HistoricAverage,Low,0.3333333333333333,1106.8548387096773,1106.8548387096773,1106.8548387096773
MI_P02,2025-07-01,HistoricAverage,Low,0.3333333333333333,1106.8548387096773,1106.8548387096773,1106.8548387096773
MI_P02,2025-10-01,HistoricAverage,Low,0.3333333333333333,1106.8548387096773,1106.8548387096773,1106.8548387096773
MI_P02,2026-01-01,HistoricAverage,Low,0.3333333333333333,1106.8548387096773,1106.8548387096773,1106.8548387096773
MI_P02,2026-04-01,HistoricAverage,Low,0.3333333333333333,1106.8548387096773,1106.8548387096773,1106.8548387096773
MI_P02,2026-07-01,HistoricAverage,Low,0.3333333333333333,1106.8548387096773,1106.8548387096773,1106.8548387096773
MI_P02,2026-10-01,HistoricAverage,Low,0.3333333333333333,1106.8548387096773,1106.8548387096773,1106.8548387096773
MI_P03,2025-01-01,SeasonalNaive,Medium,0.6666666666666666,121507.86,121507.86,121507.86
MI_P03,2025-04-01,SeasonalNaive,Medium,0.6666666666666666,130303.0,130303.0,130303.0
MI_P03,2025-07-01,SeasonalNaive,Medium,0.6666666666666666,155750.0,155750.0,155750.0
MI_P03,2025-10-01,SeasonalNaive,Medium,0.6666666666666666,148316.0,148316.0,148316.0
MI_P03,2026-01-01,SeasonalNaive,Medium,0.6666666666666666,121507.86,121507.86,121507.86
MI_P03,2026-04-01,SeasonalNaive,Medium,0.6666666666666666,130303.0,130303.0,130303.0
MI_P03,2026-07-01,SeasonalNaive,Medium,0.6666666666666666,155750.0,155750.0,155750.0
MI_P03,2026-10-01,SeasonalNaive,Medium,0.6666666666666666,148316.0,148316.0,148316.0
MI_R01,2025-01-01,HistoricAverage,Medium,0.6666666666666666,2672876.89315625,2672876.89315625,2672876.89315625
MI_R01,2025-04-01,HistoricAverage,Medium,0.6666666666666666,2672876.89315625,2672876.89315625,2672876.89315625
MI_R01,2025-07-01,HistoricAverage,Medium,0.6666666666666666,2672876.89315625,2672876.89315625,2672876.89315625
MI_R01,2025-10-01,HistoricAverage,Medium,0.6666666666666666,2672876.89315625,2672876.89315625,2672876.89315625
MI_R01,2026-01-01,HistoricAverage,Medium,0.6666666666666666,2672876.89315625,2672876.89315625,2672876.89315625
MI_R01,2026-04-01,HistoricAverage,Medium,0.6666666666666666,2672876.89315625,2672876.89315625,2672876.89315625
MI_R01,2026-07-01,HistoricAverage,Medium,0.6666666666666666,2672876.89315625,2672876.89315625,2672876.89315625
MI_R01,2026-10-01,HistoricAverage,Medium,0.6666666666666666,2672876.89315625,2672876.89315625,2672876.89315625
MI_R02,2025-01-01,HistoricAverage,Low,0.3333333333333333,3537796.3829375003,3537796.3829375003,3537796.3829375003
MI_R02,2025-04-01,HistoricAverage,Low,0.3333333333333333,3537796.3829375003,3537796.3829375003,3537796.3829375003
MI_R02,2025-07-01,HistoricAverage,Low,0.3333333333333333,3537796.3829375003,3537796.3829375003,3537796.3829375003
MI_R02,2025-10-01,HistoricAverage,Low,0.3333333333333333,3537796.3829375003,3537796.3829375003,3537796.3829375003
MI_R02,2026-01-01,HistoricAverage,Low,0.3333333333333333,3537796.3829375003,3537796.3829375003,3537796.3829375003
MI_R02,2026-04-01,HistoricAverage,Low,0.3333333333333333,3537796.3829375003,3537796.3829375003,3537796.3829375003
MI_R02,2026-07-01,HistoricAverage,Low,0.3333333333333333,3537796.3829375003,3537796.3829375003,3537796.3829375003
MI_R02,2026-10-01,HistoricAverage,Low,0.3333333333333333,3537796.3829375003,3537796.3829375003,3537796.3829375003
MI_R03,2025-01-01,HistoricAverage,Medium,0.6666666666666666,17295547.4284375,17295547.4284375,17295547.4284375
MI_R03,2025-04-01,HistoricAverage,Medium,0.6666666666666666,17295547.4284375,17295547.4284375,17295547.4284375
MI_R03,2025-07-01,HistoricAverage,Medium,0.6666666666666666,17295547.4284375,17295547.4284375,17295547.4284375
MI_R03,2025-10-01,HistoricAverage,Medium,0.6666666666666666,17295547.4284375,17295547.4284375,17295547.4284375
MI_R03,2026-01-01,HistoricAverage,Medium,0.6666666666666666,17295547.4284375,17295547.4284375,17295547.4284375
MI_R03,2026-04-01,HistoricAverage,Medium,0.6666666666666666,17295547.4284375,17295547.4284375,17295547.4284375
MI_R03,2026-07-01,HistoricAverage,Medium,0.6666666666666666,17295547.4284375,17295547.4284375,17295547.4284375
MI_R03,2026-10-01,HistoricAverage,Medium,0.6666666666666666,17295547.4284375,17295547.4284375,17295547.4284375
MI_R05,2025-01-01,HistoricAverage,Medium,0.6666666666666666,3944620.3074375,3944620.3074375,3944620.3074375
MI_R05,2025-04-01,HistoricAverage,Medium,0.6666666666666666,3944620.3074375,3944620.3074375,3944620.3074375
MI_R05,2025-07-01,HistoricAverage,Medium,0.6666666666666666,3944620.3074375,3944620.3074375,3944620.3074375
MI_R05,2025-10-01,HistoricAverage,Medium,0.6666666666666666,3944620.3074375,3944620.3074375,3944620.3074375
MI_R05,2026-01-01,HistoricAverage,Medium,0.6666666666666666,3944620.3074375,3944620.3074375,3944620.3074375
MI_R05,2026-04-01,HistoricAverage,Medium,0.6666666666666666,3944620.3074375,3944620.3074375,3944620.3074375
MI_R05,2026-07-01,HistoricAverage,Medium,0.6666666666666666,3944620.3074375,3944620.3074375,3944620.3074375
MI_R05,2026-10-01,HistoricAverage,Medium,0.6666666666666666,3944620.3074375,3944620.3074375,3944620.3074375
MI_R06,2025-01-01,SARIMAX,Medium,0.6666666666666666,10194785.87333067,7484051.931929994,12905519.814731345
MI_R06,2025-04-01,SARIMAX,Medium,0.6666666666666666,10487762.914235637,7777028.9728349615,13198496.855636312
MI_R06,2025-07-01,SARIMAX,Medium,0.6666666666666666,10649316.950477308,7938583.009076633,13360050.891877983
MI_R06,2025-10-01,SARIMAX,Medium,0.6666666666666666,10738401.428036902,8027667.486636228,13449135.369437579
MI_R06,2026-01-01,SARIMAX,Medium,0.6666666666666666,10787524.584144216,8076790.64274354,13498258.525544891
MI_R06,2026-04-01,SARIMAX,Medium,0.6666666666666666,10814612.181580357,8103878.240179683,13525346.122981032
MI_R06,2026-07-01,SARIMAX,Medium,0.6666666666666666,10829548.883392831,8118814.941992156,13540282.824793506
MI_R06,2026-10-01,SARIMAX,Medium,0.6666666666666666,10837785.311948767,8127051.370548093,13548519.253349442
MI_R07,2025-01-01,WindowAverage,Low,0.3333333333333333,54561.5,54561.5,54561.5
MI_R07,2025-04-01,WindowAverage,Low,0.3333333333333333,54561.5,54561.5,54561.5
MI_R07,2025-07-01,WindowAverage,Low,0.3333333333333333,54561.5,54561.5,54561.5
MI_R07,2025-10-01,WindowAverage,Low,0.3333333333333333,54561.5,54561.5,54561.5
MI_R07,2026-01-01,WindowAverage,Low,0.3333333333333333,54561.5,54561.5,54561.5
MI_R07,2026-04-01,WindowAverage,Low,0.3333333333333333,54561.5,54561.5,54561.5
MI_R07,2026-07-01,WindowAverage,Low,0.3333333333333333,54561.5,54561.5,54561.5
MI_R07,2026-10-01,WindowAverage,Low,0.3333333333333333,54561.5,54561.5,54561.5
MI_S01,2025-01-01,Naive,Low,0.3333333333333333,11320003.62,11320003.62,11320003.62
MI_S01,2025-04-01,Naive,Low,0.3333333333333333,11320003.62,11320003.62,11320003.62
MI_S01,2025-07-01,Naive,Low,0.3333333333333333,11320003.62,11320003.62,11320003.62
MI_S01,2025-10-01,Naive,Low,0.3333333333333333,11320003.62,11320003.62,11320003.62
MI_S01,2026-01-01,Naive,Low,0.3333333333333333,11320003.62,11320003.62,11320003.62
MI_S01,2026-04-01,Naive,Low,0.3333333333333333,11320003.62,11320003.62,11320003.62
MI_S01,2026-07-01,Naive,Low,0.3333333333333333,11320003.62,11320003.62,11320003.62
MI_S01,2026-10-01,Naive,Low,0.3333333333333333,11320003.62,11320003.62,11320003.62
MI_S02,2025-01-01,HistoricAverage,Medium,0.6666666666666666,1291506.023125,1291506.023125,1291506.023125
MI_S02,2025-04-01,HistoricAverage,Medium,0.6666666666666666,1291506.023125,1291506.023125,1291506.023125
MI_S02,2025-07-01,HistoricAverage,Medium,0.6666666666666666,1291506.023125,1291506.023125,1291506.023125
MI_S02,2025-10-01,HistoricAverage,Medium,0.6666666666666666,1291506.023125,1291506.023125,1291506.023125
MI_S02,2026-01-01,HistoricAverage,Medium,0.6666666666666666,1291506.023125,1291506.023125,1291506.023125
MI_S02,2026-04-01,HistoricAverage,Medium,0.6666666666666666,1291506.023125,1291506.023125,1291506.023125
MI_S02,2026-07-01,HistoricAverage,Medium,0.6666666666666666,1291506.023125,1291506.023125,1291506.023125
MI_S02,2026-10-01,HistoricAverage,Medium,0.6666666666666666,1291506.023125,1291506.023125,1291506.023125
MI_S03,2025-01-01,HistoricAverage,Low,0.3333333333333333,1354341.3657187498,1354341.3657187498,1354341.3657187498
MI_S03,2025-04-01,HistoricAverage,Low,0.3333333333333333,1354341.3657187498,1354341.3657187498,1354341.3657187498
MI_S03,2025-07-01,HistoricAverage,Low,0.3333333333333333,1354341.3657187498,1354341.3657187498,1354341.3657187498
MI_S03,2025-10-01,HistoricAverage,Low,0.3333333333333333,1354341.3657187498,1354341.3657187498,1354341.3657187498
MI_S03,2026-01-01,HistoricAverage,Low,0.3333333333333333,1354341.3657187498,1354341.3657187498,1354341.3657187498
MI_S03,2026-04-01,HistoricAverage,Low,0.3333333333333333,1354341.3657187498,1354341.3657187498,1354341.3657187498
MI_S03,2026-07-01,HistoricAverage,Low,0.3333333333333333,1354341.3657187498,1354341.3657187498,1354341.3657187498
MI_S03,2026-10-01,HistoricAverage,Low,0.3333333333333333,1354341.3657187498,1354341.3657187498,1354341.3657187498
MI_V03,2025-01-01,ARIMAX,Low,0.3333333333333333,990900.4767736644,-59893.23057805654,2041694.1841253834
MI_V03,2025-04-01,ARIMAX,Low,0.3333333333333333,990900.4767736644,-59893.23057805654,2041694.1841253834
MI_V03,2025-07-01,ARIMAX,Low,0.3333333333333333,990900.4767736644,-59893.23057805654,2041694.1841253834
MI_V03,2025-10-01,ARIMAX,Low,0.3333333333333333,990900.4767736644,-59893.23057805654,2041694.1841253834
MI_V03,2026-01-01,ARIMAX,Low,0.3333333333333333,990900.4767736644,-59893.23057805654,2041694.1841253834
MI_V03,2026-04-01,ARIMAX,Low,0.3333333333333333,990900.4767736644,-59893.23057805654,2041694.1841253834
MI_V03,2026-07-01,ARIMAX,Low,0.3333333333333333,990900.4767736644,-59893.23057805654,2041694.1841253834
MI_V03,2026-10-01,ARIMAX,Low,0.3333333333333333,990900.4767736644,-59893.23057805654,2041694.1841253834
MI_V04,2025-01-01,HistoricAverage,Medium,0.6666666666666666,596867.05409375,596867.05409375,596867.05409375
MI_V04,2025-04-01,HistoricAverage,Medium,0.6666666666666666,596867.05409375,596867.05409375,596867.05409375
MI_V04,2025-07-01,HistoricAverage,Medium,0.6666666666666666,596867.05409375,596867.05409375,596867.05409375
MI_V04,2025-10-01,HistoricAverage,Medium,0.6666666666666666,596867.05409375,596867.05409375,596867.05409375
MI_V04,2026-01-01,HistoricAverage,Medium,0.6666666666666666,596867.05409375,596867.05409375,596867.05409375
MI_V04,2026-04-01,HistoricAverage,Medium,0.6666666666666666,596867.05409375,596867.05409375,596867.05409375
MI_V04,2026-07-01,HistoricAverage,Medium,0.6666666666666666,596867.05409375,596867.05409375,596867.05409375
MI_V04,2026-10-01,HistoricAverage,Medium,0.6666666666666666,596867.05409375,596867.05409375,596867.05409375
MI_V07,2025-01-01,WindowAverage,Low,0.3333333333333333,137762.1645,137762.1645,137762.1645
MI_V07,2025-04-01,WindowAverage,Low,0.3333333333333333,137762.1645,137762.1645,137762.1645
MI_V07,2025-07-01,WindowAverage,Low,0.3333333333333333,137762.1645,137762.1645,137762.1645
MI_V07,2025-10-01,WindowAverage,Low,0.3333333333333333,137762.1645,137762.1645,137762.1645
MI_V07,2026-01-01,WindowAverage,Low,0.3333333333333333,137762.1645,137762.1645,137762.1645
MI_V07,2026-04-01,WindowAverage,Low,0.3333333333333333,137762.1645,137762.1645,137762.1645
MI_V07,2026-07-01,WindowAverage,Low,0.3333333333333333,137762.1645,137762.1645,137762.1645
MI_V07,2026-10-01,WindowAverage,Low,0.3333333333333333,137762.1645,137762.1645,137762.1645
