NDC,record_id,ATC4 Class
00002820705,AK_2024_4_FFSU_00002820705,A10AC
00054417925,AK_2024_4_FFSU_00054417925,H02AB
00078087601,AK_2024_4_FFSU_00078087601,J01GB
00406051201,AK_2024_4_FFSU_00406051201,N02AJ
00186037220,AK_2024_4_FFSU_00186037220,R01AD
00378728753,AK_2024_4_FFSU_00378728753,G03AC
00168025815,AK_2024_4_FFSU_00168025815,G01AF
00121075908,AK_2024_4_FFSU_00121075908,S02BA
00173069600,AK_2024_4_FFSU_00173069600,R03BA
00065414727,AK_2024_4_FFSU_00065414727,S01GA
00378064205,AK_2024_4_FFSU_00378064205,H02AB
00409115918,AK_2024_4_FFSU_00409115918,N01BB
00121086802,AK_2024_4_FFSU_00121086802,G01AA
00003029328,AK_2024_4_FFSU_00003029328,R01AD
00378750332,AK_2024_4_FFSU_00378750332,R03CC
00378623201,AK_2024_4_FFSU_00378623201,N06AB
00168009930,AK_2024_4_FFSU_00168009930,D01AC
00310621030,AK_2024_4_FFSU_00310621030,A10BK
00078087601,AK_2024_4_FFSU_00078087601,S01CA
00115180401,AK_2024_4_FFSU_00115180401,N05BB
00003029328,AK_2024_4_FFSU_00003029328,H02AB
00121088516,AK_2024_4_FFSU_00121088516,S03BA
00143959525,AK_2024_4_FFSU_00143959525,R02AD
00378623305,AK_2024_4_FFSU_00378623305,N06AB
00168025846,AK_2024_4_FFSU_00168025846,C05AA
00009001103,AK_2024_4_FFSU_00009001103,S01BA
00172392770,AK_2024_4_FFSU_00172392770,N05BA
00093317431,AK_2024_4_FFSU_00093317431,R03AC
00245531911,AK_2024_4_FFSU_00245531911,A12BA
00406012305,AK_2024_4_FFSU_00406012305,N02AJ
00093081201,AK_2024_4_FFSU_00093081201,N06AA
00168025815,AK_2024_4_FFSU_00168025815,D07XC
00054023525,AK_2024_4_FFSU_00054023525,N02AA
00078079975,AK_2024_4_FFSU_00078079975,S02BA
00172208380,AK_2024_4_FFSU_00172208380,C03AA
00054350049,AK_2024_4_FFSU_00054350049,C01BB
00037682210,AK_2024_4_FFSU_00037682210,H02AB
00338170840,AK_2024_4_FFSU_00338170840,V04CC
00074366303,AK_2024_4_FFSU_00074366303,L02AE
00054074287,AK_2024_4_FFSU_00054074287,R03AC
00115149101,AK_2024_4_FFSU_00115149101,N06BA
00169770521,AK_2024_4_FFSU_00169770521,H01AC
00378210005,AK_2024_4_FFSU_00378210005,A07DA
00074659419,AK_2024_4_FFSU_00074659419,H03AA
00054429731,AK_2024_4_FFSU_00054429731,C03CA
00054001729,AK_2024_4_FFSU_00054001729,A07EA
00378967130,AK_2024_4_FFSU_00378967130,R03BB
00054982831,AK_2024_4_FFSU_00054982831,A07EA
00093681673,AK_2024_4_FFSU_00093681673,R01AD
00054032856,AK_2024_4_FFSU_00054032856,D07AC
00093720210,AK_2024_4_FFSU_00093720210,C10AA
00378047705,AK_2024_4_FFSU_00378047705,N05BA
00406800503,AK_2024_4_FFSU_00406800503,N07BC
00456120230,AK_2024_4_FFSU_00456120230,A06AX
00406802003,AK_2024_4_FFSU_00406802003,A06AH
00378905593,AK_2024_4_FFSU_00378905593,S01HA
00378685677,AK_2024_4_FFSU_00378685677,N06BA
00002821501,AK_2024_4_FFSU_00002821501,A10AF
00173068224,AK_2024_4_FFSU_00173068224,R03CC
00228212750,AK_2024_4_FFSU_00228212750,N02CX
00378876893,AK_2024_4_FFSU_00378876893,A06AH
00054817525,AK_2024_4_FFSU_00054817525,A01AC
00093075305,AK_2024_4_FFSU_00093075305,C07AB
00406048462,AK_2024_4_FFSU_00406048462,R05DA
00054032856,AK_2024_4_FFSU_00054032856,R03AK
00074434190,AK_2024_4_FFSU_00074434190,H03AA
00168014630,AK_2024_4_FFSU_00168014630,S01CB
00338004903,AK_2024_4_FFSU_00338004903,A12CA
00093322397,AK_2024_4_FFSU_00093322397,G03CA
00023916360,AK_2024_4_FFSU_00023916360,L04AD
00054817525,AK_2024_4_FFSU_00054817525,C05AA
00002880359,AK_2024_4_FFSU_00002880359,A10AF
00121075908,AK_2024_4_FFSU_00121075908,S01BA
00009001104,AK_2024_4_FFSU_00009001104,D07AA
00168009930,AK_2024_4_FFSU_00168009930,J02AB
00003089321,AK_2024_4_FFSU_00003089321,B01AF
00338011704,AK_2024_4_FFSU_00338011704,A12CA
00338011704,AK_2024_4_FFSU_00338011704,A12BA
00456045801,AK_2024_4_FFSU_00456045801,H03AA
00009001104,AK_2024_4_FFSU_00009001104,H02AB
00054418125,AK_2024_4_FFSU_00054418125,A01AC
00168002031,AK_2024_4_FFSU_00168002031,H02AB
00121088516,AK_2024_4_FFSU_00121088516,D07XA
00002143611,AK_2024_4_FFSU_00002143611,N02CD
00002751001,AK_2024_4_FFSU_00002751001,A10AB
00009737611,AK_2024_4_FFSU_00009737611,L02AB
00054004544,AK_2024_4_FFSU_00054004544,R03BB
00409272002,AK_2024_4_FFSU_00409272002,S01XA
00378018105,AK_2024_4_FFSU_00378018105,M04AA
00378876593,AK_2024_4_FFSU_00378876593,N02AE
00093505698,AK_2024_4_FFSU_00093505698,C10AA
00093314701,AK_2024_4_FFSU_00093314701,J01DB
00054418125,AK_2024_4_FFSU_00054418125,C05AA
00093220305,AK_2024_4_FFSU_00093220305,A03FA
00002820705,AK_2024_4_FFSU_00002820705,A10AB
00093117701,AK_2024_4_FFSU_00093117701,R02AB
00310461612,AK_2024_4_FFSU_00310461612,D11AA
00121088508,AK_2024_4_FFSU_00121088508,S02BA
00003089470,AK_2024_4_FFSU_00003089470,B01AF
00338170940,AK_2024_4_FFSU_00338170940,A12CC
00378086005,AK_2024_4_FFSU_00378086005,N05AH
00006057761,AK_2024_4_FFSU_00006057761,A10BH
00009001103,AK_2024_4_FFSU_00009001103,S01CB
00054817525,AK_2024_4_FFSU_00054817525,D07XB
00264775000,AK_2024_4_FFSU_00264775000,B05CB
00378967193,AK_2024_4_FFSU_00378967193,R03BB
00406052301,AK_2024_4_FFSU_00406052301,N02BE
00172572960,AK_2024_4_FFSU_00172572960,A02BA
00078079975,AK_2024_4_FFSU_00078079975,S01BA
00264780009,AK_2024_4_FFSU_00264780009,A12CA
00002147180,AK_2024_4_FFSU_00002147180,A10BX
00186077760,AK_2024_4_FFSU_00186077760,B01AC
00093081005,AK_2024_4_FFSU_00093081005,N06AA
00168025846,AK_2024_4_FFSU_00168025846,S01CB
00378750232,AK_2024_4_FFSU_00378750232,R03AK
00168032346,AK_2024_4_FFSU_00168032346,J01XD
00406048410,AK_2024_4_FFSU_00406048410,N02BE
00173088710,AK_2024_4_FFSU_00173088710,R03BA
00115148801,AK_2024_4_FFSU_00115148801,N06BA
00338170840,AK_2024_4_FFSU_00338170840,D11AX
00168025846,AK_2024_4_FFSU_00168025846,R01AD
00185084201,AK_2024_4_FFSU_00185084201,N06BA
00065414727,AK_2024_4_FFSU_00065414727,S01EC
00406012505,AK_2024_4_FFSU_00406012505,N02BE
00003049420,AK_2024_4_FFSU_00003049420,D07AB
00168020160,AK_2024_4_FFSU_00168020160,D10AF
00378064110,AK_2024_4_FFSU_00378064110,H02AB
00093342205,AK_2024_4_FFSU_00093342205,M03BX
00168008031,AK_2024_4_FFSU_00168008031,H02AB
00054418125,AK_2024_4_FFSU_00054418125,D07XB
00245531915,AK_2024_4_FFSU_00245531915,B05XA
00093914801,AK_2024_4_FFSU_00093914801,N06AX
00378876793,AK_2024_4_FFSU_00378876793,N02AE
00006008061,AK_2024_4_FFSU_00006008061,A10BD
00115164301,AK_2024_4_FFSU_00115164301,J01XE
00054252625,AK_2024_4_FFSU_00054252625,N05AN
00378868835,AK_2024_4_FFSU_00378868835,G01AA
00121088516,AK_2024_4_FFSU_00121088516,A07EA
00121075908,AK_2024_4_FFSU_00121075908,D07AA
00406051201,AK_2024_4_FFSU_00406051201,N02BE
00378750232,AK_2024_4_FFSU_00378750232,A07EA
00245007111,AK_2024_4_FFSU_00245007111,A12BA
00003049420,AK_2024_4_FFSU_00003049420,D07XB
00088222033,AK_2024_4_FFSU_00088222033,A10AE
00143980350,AK_2024_4_FFSU_00143980350,J01AA
00378001805,AK_2024_4_FFSU_00378001805,C07AB
00168035730,AK_2024_4_FFSU_00168035730,C05AD
00430042014,AK_2024_4_FFSU_00430042014,G03DC
00186037220,AK_2024_4_FFSU_00186037220,R03AK
00143985316,AK_2024_4_FFSU_00143985316,J01CR
00378868835,AK_2024_4_FFSU_00378868835,D10AE
00406117003,AK_2024_4_FFSU_00406117003,N07BB
00006542302,AK_2024_4_FFSU_00006542302,V03AB
00054817525,AK_2024_4_FFSU_00054817525,R01AD
00009028002,AK_2024_4_FFSU_00009028002,D07AA
00093342201,AK_2024_4_FFSU_00093342201,M03BX
00037682210,AK_2024_4_FFSU_00037682210,D07XA
00186037020,AK_2024_4_FFSU_00186037020,R03CC
00310461612,AK_2024_4_FFSU_00310461612,R03CC
00409156010,AK_2024_4_FFSU_00409156010,N01BB
00093598527,AK_2024_4_FFSU_00093598527,R03AA
00378750232,AK_2024_4_FFSU_00378750232,R03BA
00121088508,AK_2024_4_FFSU_00121088508,S01BA
00406012305,AK_2024_4_FFSU_00406012305,N02BE
00054817525,AK_2024_4_FFSU_00054817525,H02AB
00046110711,AK_2024_4_FFSU_00046110711,L02AB
00168020160,AK_2024_4_FFSU_00168020160,J01FF
00338004948,AK_2024_4_FFSU_00338004948,B05XA
00406052201,AK_2024_4_FFSU_00406052201,N02AA
00378087299,AK_2024_4_FFSU_00378087299,S01EA
00169210011,AK_2024_4_FFSU_00169210011,A10AB
00173071620,AK_2024_4_FFSU_00173071620,R03AK
00054418125,AK_2024_4_FFSU_00054418125,R01AD
00078079975,AK_2024_4_FFSU_00078079975,S01CB
00003373413,AK_2024_4_FFSU_00003373413,L01FF
00093406901,AK_2024_4_FFSU_00093406901,C02CA
00088210224,AK_2024_4_FFSU_00088210224,J04AB
00093834401,AK_2024_4_FFSU_00093834401,A10BB
00116200116,AK_2024_4_FFSU_00116200116,S02AA
00093413764,AK_2024_4_FFSU_00093413764,J01DD
00228282011,AK_2024_4_FFSU_00228282011,C03AA
00186037220,AK_2024_4_FFSU_00186037220,A07EA
00054418125,AK_2024_4_FFSU_00054418125,H02AB
00409188622,AK_2024_4_FFSU_00409188622,N03AX
00078087601,AK_2024_4_FFSU_00078087601,D07AB
00338170940,AK_2024_4_FFSU_00338170940,A06AD
00115169449,AK_2024_4_FFSU_00115169449,R01AA
00168020437,AK_2024_4_FFSU_00168020437,C05AD
00378034505,AK_2024_4_FFSU_00378034505,N05BA
00009028051,AK_2024_4_FFSU_00009028051,D07AA
00009347501,AK_2024_4_FFSU_00009347501,H02AB
00074706819,AK_2024_4_FFSU_00074706819,H03AA
00378395205,AK_2024_4_FFSU_00378395205,C10AA
00338055318,AK_2024_4_FFSU_00338055318,A12CA
00093206301,AK_2024_4_FFSU_00093206301,N05AH
00168025846,AK_2024_4_FFSU_00168025846,A01AB
00093553901,AK_2024_4_FFSU_00093553901,N05CF
00378334999,AK_2024_4_FFSU_00378334999,G03CA
00078069620,AK_2024_4_FFSU_00078069620,C09DX
00093117701,AK_2024_4_FFSU_00093117701,S01AA
00168002031,AK_2024_4_FFSU_00168002031,D07XA
00168014630,AK_2024_4_FFSU_00168014630,D07XA
00228306111,AK_2024_4_FFSU_00228306111,N06BA
00003049420,AK_2024_4_FFSU_00003049420,H02AB
00409341418,AK_2024_4_FFSU_00409341418,A03FA
00186037220,AK_2024_4_FFSU_00186037220,R03BA
00173069700,AK_2024_4_FFSU_00173069700,D07AC
00037682210,AK_2024_4_FFSU_00037682210,A07EA
00093227534,AK_2024_4_FFSU_00093227534,J01CR
00143959401,AK_2024_4_FFSU_00143959401,D04AB
00228285111,AK_2024_4_FFSU_00228285111,C02AC
00078087601,AK_2024_4_FFSU_00078087601,D07XB
00143211250,AK_2024_4_FFSU_00143211250,J01AA
00003029328,AK_2024_4_FFSU_00003029328,R03BA
00078069667,AK_2024_4_FFSU_00078069667,C09DX
00338004903,AK_2024_4_FFSU_00338004903,B05CB
00456045901,AK_2024_4_FFSU_00456045901,H03AA
00406123601,AK_2024_4_FFSU_00406123601,A07DA
00406048401,AK_2024_4_FFSU_00406048401,N02AJ
00074003828,AK_2024_4_FFSU_00074003828,H01CC
00378633380,AK_2024_4_FFSU_00378633380,N07BB
00172392760,AK_2024_4_FFSU_00172392760,N05BA
00054817525,AK_2024_4_FFSU_00054817525,S03BA
00093681673,AK_2024_4_FFSU_00093681673,A07EA
00173071620,AK_2024_4_FFSU_00173071620,R03BA
00378967193,AK_2024_4_FFSU_00378967193,R01AX
00430042014,AK_2024_4_FFSU_00430042014,G03CA
00023650110,AK_2024_4_FFSU_00023650110,N02CD
00006057761,AK_2024_4_FFSU_00006057761,A10BD
00069532130,AK_2024_4_FFSU_00069532130,J05AE
00338011704,AK_2024_4_FFSU_00338011704,B05CB
00093412773,AK_2024_4_FFSU_00093412773,J01CE
00121088508,AK_2024_4_FFSU_00121088508,S01CB
00121086802,AK_2024_4_FFSU_00121086802,D01AA
00228212810,AK_2024_4_FFSU_00228212810,S01EA
00228212910,AK_2024_4_FFSU_00228212910,S01EA
00338170840,AK_2024_4_FFSU_00338170840,A12CC
00378750232,AK_2024_4_FFSU_00378750232,R03CC
00071036924,AK_2024_4_FFSU_00071036924,N03AB
00173068224,AK_2024_4_FFSU_00173068224,R03AC
00054418125,AK_2024_4_FFSU_00054418125,S03BA
00264780000,AK_2024_4_FFSU_00264780000,B05XA
00093117701,AK_2024_4_FFSU_00093117701,A01AB
00168002031,AK_2024_4_FFSU_00168002031,A07EA
00093681673,AK_2024_4_FFSU_00093681673,R03BA
00078079975,AK_2024_4_FFSU_00078079975,S02CA
00002821501,AK_2024_4_FFSU_00002821501,A10AD
00046110511,AK_2024_4_FFSU_00046110511,G03DA
00054817625,AK_2024_4_FFSU_00054817625,D10AA
00264780009,AK_2024_4_FFSU_00264780009,B05CB
00172572880,AK_2024_4_FFSU_00172572880,A02BA
00143959401,AK_2024_4_FFSU_00143959401,N01BB
00338011703,AK_2024_4_FFSU_00338011703,B05BB
00093767902,AK_2024_4_FFSU_00093767902,G02BB
00228284803,AK_2024_4_FFSU_00228284803,N06AB
00078079975,AK_2024_4_FFSU_00078079975,S01AE
00406012401,AK_2024_4_FFSU_00406012401,N02AJ
00338954304,AK_2024_4_FFSU_00338954304,A12CA
00002880359,AK_2024_4_FFSU_00002880359,A10AD
00143988775,AK_2024_4_FFSU_00143988775,J01CA
00245531615,AK_2024_4_FFSU_00245531615,A12BA
00406052301,AK_2024_4_FFSU_00406052301,N02AA
00143924920,AK_2024_4_FFSU_00143924920,J01CR
00378876793,AK_2024_4_FFSU_00378876793,V03AB
00406055201,AK_2024_4_FFSU_00406055201,N02AA
00409426411,AK_2024_4_FFSU_00409426411,N02AA
00054372763,AK_2024_4_FFSU_00054372763,C07AA
00121203830,AK_2024_4_FFSU_00121203830,N02AE
00228277911,AK_2024_4_FFSU_00228277911,C07AA
00078087601,AK_2024_4_FFSU_00078087601,H02AB
00406895201,AK_2024_4_FFSU_00406895201,N06BA
00093720298,AK_2024_4_FFSU_00093720298,B01AC
00186037220,AK_2024_4_FFSU_00186037220,R03CC
00406012510,AK_2024_4_FFSU_00406012510,N02AJ
00378064110,AK_2024_4_FFSU_00378064110,A07EA
00264180032,AK_2024_4_FFSU_00264180032,A12CA
00093727156,AK_2024_4_FFSU_00093727156,A10BG
00168008031,AK_2024_4_FFSU_00168008031,A07EA
00074706890,AK_2024_4_FFSU_00074706890,H03AA
00406123601,AK_2024_4_FFSU_00406123601,A03BA
00093506105,AK_2024_4_FFSU_00093506105,N05BB
00406012301,AK_2024_4_FFSU_00406012301,N02BE
00409475518,AK_2024_4_FFSU_00409475518,A04AA
00002822259,AK_2024_4_FFSU_00002822259,A10AD
00074707090,AK_2024_4_FFSU_00074707090,H03AA
00172392670,AK_2024_4_FFSU_00172392670,N05BA
00378808445,AK_2024_4_FFSU_00378808445,D10AD
00168020230,AK_2024_4_FFSU_00168020230,J01FF
00002771559,AK_2024_4_FFSU_00002771559,A10AE
00093738698,AK_2024_4_FFSU_00093738698,N06AX
00116200116,AK_2024_4_FFSU_00116200116,D08AC
00406511101,AK_2024_4_FFSU_00406511101,N06BA
00009001201,AK_2024_4_FFSU_00009001201,S02BA
00378087399,AK_2024_4_FFSU_00378087399,N02CX
00093767902,AK_2024_4_FFSU_00093767902,G03CA
00002775205,AK_2024_4_FFSU_00002775205,A10AC
00093101042,AK_2024_4_FFSU_00093101042,D06AX
00409379319,AK_2024_4_FFSU_00409379319,M01AB
00245036030,AK_2024_4_FFSU_00245036030,A12BA
00409379319,AK_2024_4_FFSU_00409379319,S01BC
00378623105,AK_2024_4_FFSU_00378623105,N06AB
00173088810,AK_2024_4_FFSU_00173088810,R01AD
00093505998,AK_2024_4_FFSU_00093505998,C10AA
00002751659,AK_2024_4_FFSU_00002751659,A10AC
00168025846,AK_2024_4_FFSU_00168025846,G01AF
00338004902,AK_2024_4_FFSU_00338004902,B05XA
00173089310,AK_2024_4_FFSU_00173089310,R03BA
00009004722,AK_2024_4_FFSU_00009004722,H02AB
00409909422,AK_2024_4_FFSU_00409909422,N02AB
00143988750,AK_2024_4_FFSU_00143988750,J01CA
00338170840,AK_2024_4_FFSU_00338170840,A06AD
00046087221,AK_2024_4_FFSU_00046087221,G03CA
00093005401,AK_2024_4_FFSU_00093005401,N05BE
00078077720,AK_2024_4_FFSU_00078077720,C09CA
00456046101,AK_2024_4_FFSU_00456046101,H03AA
00069314019,AK_2024_4_FFSU_00069314019,J01FA
00264210100,AK_2024_4_FFSU_00264210100,V07AB
00168035730,AK_2024_4_FFSU_00168035730,S02DA
00054981729,AK_2024_4_FFSU_00054981729,A07EA
00054817625,AK_2024_4_FFSU_00054817625,S02BA
00121086816,AK_2024_4_FFSU_00121086816,A07AA
00078087601,AK_2024_4_FFSU_00078087601,S03BA
00168020360,AK_2024_4_FFSU_00168020360,J01FF
00406015401,AK_2024_4_FFSU_00406015401,N06BA
00002150680,AK_2024_4_FFSU_00002150680,A10BX
00186037020,AK_2024_4_FFSU_00186037020,R03AC
00054317644,AK_2024_4_FFSU_00054317644,D07AB
00310461612,AK_2024_4_FFSU_00310461612,R03AC
00054327099,AK_2024_4_FFSU_00054327099,D07AC
00023916360,AK_2024_4_FFSU_00023916360,S01XA
00093720298,AK_2024_4_FFSU_00093720298,C10BX
00338055318,AK_2024_4_FFSU_00338055318,B05CB
00054418325,AK_2024_4_FFSU_00054418325,D10AA
00074334603,AK_2024_4_FFSU_00074334603,L02AE
00054004641,AK_2024_4_FFSU_00054004641,R01AX
00245531615,AK_2024_4_FFSU_00245531615,B05XA
00168027740,AK_2024_4_FFSU_00168027740,J01FF
00002773701,AK_2024_4_FFSU_00002773701,A10AD
00093363020,AK_2024_4_FFSU_00093363020,J05AB
00406048401,AK_2024_4_FFSU_00406048401,N02BE
00169266015,AK_2024_4_FFSU_00169266015,A10AE
00338011703,AK_2024_4_FFSU_00338011703,G04BA
00003377211,AK_2024_4_FFSU_00003377211,L01FF
00009307301,AK_2024_4_FFSU_00009307301,H02AB
00002318280,AK_2024_4_FFSU_00002318280,A10BJ
00024592505,AK_2024_4_FFSU_00024592505,A10AD
00143980305,AK_2024_4_FFSU_00143980305,J01AA
00378750332,AK_2024_4_FFSU_00378750332,D07AC
00054018913,AK_2024_4_FFSU_00054018913,A06AH
00264780010,AK_2024_4_FFSU_00264780010,B05XA
00264180032,AK_2024_4_FFSU_00264180032,B05XA
00054417925,AK_2024_4_FFSU_00054417925,S02BA
00093117701,AK_2024_4_FFSU_00093117701,S02AA
00143959401,AK_2024_4_FFSU_00143959401,R02AD
00054317644,AK_2024_4_FFSU_00054317644,D07XB
00245086070,AK_2024_4_FFSU_00245086070,A01AB
00009001201,AK_2024_4_FFSU_00009001201,S01BA
00002143380,AK_2024_4_FFSU_00002143380,A10BJ
00378905593,AK_2024_4_FFSU_00378905593,D04AB
00054418425,AK_2024_4_FFSU_00054418425,D07AB
00406802003,AK_2024_4_FFSU_00406802003,N02AE
00406012405,AK_2024_4_FFSU_00406012405,N02AJ
00054001729,AK_2024_4_FFSU_00054001729,H02AB
00378087199,AK_2024_4_FFSU_00378087199,C02AC
00115991801,AK_2024_4_FFSU_00115991801,N06BA
00186037020,AK_2024_4_FFSU_00186037020,R01AD
00406012701,AK_2024_4_FFSU_00406012701,N06BA
00406012310,AK_2024_4_FFSU_00406012310,N02AJ
00406577101,AK_2024_4_FFSU_00406577101,N07BC
00168000215,AK_2024_4_FFSU_00168000215,A01AC
00003029305,AK_2024_4_FFSU_00003029305,A01AC
00143211205,AK_2024_4_FFSU_00143211205,A01AB
00338004804,AK_2024_4_FFSU_00338004804,B05XA
00054817625,AK_2024_4_FFSU_00054817625,A01AC
00078079975,AK_2024_4_FFSU_00078079975,S02AA
00378082501,AK_2024_4_FFSU_00378082501,N05AH
00143959401,AK_2024_4_FFSU_00143959401,S01HA
00169255013,AK_2024_4_FFSU_00169255013,A10AE
00378425001,AK_2024_4_FFSU_00378425001,D04AX
00168000215,AK_2024_4_FFSU_00168000215,C05AA
00093078701,AK_2024_4_FFSU_00093078701,C07AB
00002821501,AK_2024_4_FFSU_00002821501,A10AC
00338069104,AK_2024_4_FFSU_00338069104,A12CA
00003029305,AK_2024_4_FFSU_00003029305,C05AA
00338069104,AK_2024_4_FFSU_00338069104,A12BA
00093816301,AK_2024_4_FFSU_00093816301,N05AH
00456120130,AK_2024_4_FFSU_00456120130,A06AX
00338170940,AK_2024_4_FFSU_00338170940,V04CC
00054318863,AK_2024_4_FFSU_00054318863,N05BA
00168009930,AK_2024_4_FFSU_00168009930,H02CA
00228212750,AK_2024_4_FFSU_00228212750,S01EA
00338004904,AK_2024_4_FFSU_00338004904,A12CA
00054817625,AK_2024_4_FFSU_00054817625,C05AA
00093117701,AK_2024_4_FFSU_00093117701,B05CA
00378335099,AK_2024_4_FFSU_00378335099,G03CA
00003029305,AK_2024_4_FFSU_00003029305,D07AB
00054429931,AK_2024_4_FFSU_00054429931,C03CA
00228305911,AK_2024_4_FFSU_00228305911,N06BA
00093681773,AK_2024_4_FFSU_00093681773,D07AC
00054418425,AK_2024_4_FFSU_00054418425,D07XB
00054032656,AK_2024_4_FFSU_00054032656,D07AC
00093202694,AK_2024_4_FFSU_00093202694,J01FA
00168035730,AK_2024_4_FFSU_00168035730,C01BB
00378728753,AK_2024_4_FFSU_00378728753,G03CA
00074372790,AK_2024_4_FFSU_00074372790,H03AA
00054817625,AK_2024_4_FFSU_00054817625,S01BA
00006027782,AK_2024_4_FFSU_00006027782,A10BH
00093323405,AK_2024_4_FFSU_00093323405,A07EC
00378868835,AK_2024_4_FFSU_00378868835,D10AF
00245003660,AK_2024_4_FFSU_00245003660,C10AC
00032263601,AK_2024_4_FFSU_00032263601,A09AA
00406800330,AK_2024_4_FFSU_00406800330,N02AA
00378425001,AK_2024_4_FFSU_00378425001,N06AA
00004080085,AK_2024_4_FFSU_00004080085,J05AH
00409189001,AK_2024_4_FFSU_00409189001,N02AA
00002143480,AK_2024_4_FFSU_00002143480,A10BJ
00185209801,AK_2024_4_FFSU_00185209801,N06BA
00378932132,AK_2024_4_FFSU_00378932132,D07AC
00406052205,AK_2024_4_FFSU_00406052205,N02AJ
00046110511,AK_2024_4_FFSU_00046110511,G03AC
00338954304,AK_2024_4_FFSU_00338954304,B05CB
00378868854,AK_2024_4_FFSU_00378868854,G01AA
00078063941,AK_2024_4_FFSU_00078063941,L04AC
00168025815,AK_2024_4_FFSU_00168025815,D07AC
00378905593,AK_2024_4_FFSU_00378905593,N01BB
00003029305,AK_2024_4_FFSU_00003029305,D07XB
00078069667,AK_2024_4_FFSU_00078069667,C09CA
00378718505,AK_2024_4_FFSU_00378718505,A10BA
00409677802,AK_2024_4_FFSU_00409677802,N05BA
00406889101,AK_2024_4_FFSU_00406889101,N06BA
00093505898,AK_2024_4_FFSU_00093505898,C10AA
00074929690,AK_2024_4_FFSU_00074929690,H03AA
00003029328,AK_2024_4_FFSU_00003029328,D07AB
00054418325,AK_2024_4_FFSU_00054418325,S02BA
00002822259,AK_2024_4_FFSU_00002822259,A10AC
00054317644,AK_2024_4_FFSU_00054317644,H02AB
00173069600,AK_2024_4_FFSU_00173069600,D07AC
00378668877,AK_2024_4_FFSU_00378668877,A02BC
00054417925,AK_2024_4_FFSU_00054417925,S01BA
00116400516,AK_2024_4_FFSU_00116400516,A06AD
00409655701,AK_2024_4_FFSU_00409655701,G03BA
00093202631,AK_2024_4_FFSU_00093202631,J01FA
00009028002,AK_2024_4_FFSU_00009028002,D10AA
00009001201,AK_2024_4_FFSU_00009001201,S01CB
00009001104,AK_2024_4_FFSU_00009001104,S02BA
00378876893,AK_2024_4_FFSU_00378876893,N07BC
00378868854,AK_2024_4_FFSU_00378868854,D10AE
00173088210,AK_2024_4_FFSU_00173088210,R01AD
00168020437,AK_2024_4_FFSU_00168020437,C01BB
00378827093,AK_2024_4_FFSU_00378827093,R03AC
00078079975,AK_2024_4_FFSU_00078079975,D10AA
00002146080,AK_2024_4_FFSU_00002146080,A10BX
00093873901,AK_2024_4_FFSU_00093873901,C01BB
00338001748,AK_2024_4_FFSU_00338001748,B05BA
00378808245,AK_2024_4_FFSU_00378808245,L01XF
00406048410,AK_2024_4_FFSU_00406048410,R05DA
00121088516,AK_2024_4_FFSU_00121088516,D07AA
00093005305,AK_2024_4_FFSU_00093005305,N05BE
00264780020,AK_2024_4_FFSU_00264780020,B05XA
00115441101,AK_2024_4_FFSU_00115441101,M03CA
00406012505,AK_2024_4_FFSU_00406012505,R05DA
00378868835,AK_2024_4_FFSU_00378868835,J01FF
00143959525,AK_2024_4_FFSU_00143959525,C05AD
00406051262,AK_2024_4_FFSU_00406051262,N02AJ
00406052305,AK_2024_4_FFSU_00406052305,N02AJ
00054418425,AK_2024_4_FFSU_00054418425,H02AB
00264775000,AK_2024_4_FFSU_00264775000,G04BA
00186037220,AK_2024_4_FFSU_00186037220,R03AC
00054350049,AK_2024_4_FFSU_00054350049,S02DA
00338004941,AK_2024_4_FFSU_00338004941,A12CA
00093406801,AK_2024_4_FFSU_00093406801,C02CA
00310908012,AK_2024_4_FFSU_00310908012,R01AD
00409198530,AK_2024_4_FFSU_00409198530,N05BA
00378905593,AK_2024_4_FFSU_00378905593,C05AD
00054817625,AK_2024_4_FFSU_00054817625,S01CB
00168000215,AK_2024_4_FFSU_00168000215,R01AD
00003029305,AK_2024_4_FFSU_00003029305,R01AD
00378395305,AK_2024_4_FFSU_00378395305,C10AA
00009028051,AK_2024_4_FFSU_00009028051,D10AA
00115170901,AK_2024_4_FFSU_00115170901,N06BA
00054817625,AK_2024_4_FFSU_00054817625,R01AD
00115169449,AK_2024_4_FFSU_00115169449,C01CA
00054001820,AK_2024_4_FFSU_00054001820,H02AB
00406800503,AK_2024_4_FFSU_00406800503,N02AE
00378334053,AK_2024_4_FFSU_00378334053,G03CA
00002821501,AK_2024_4_FFSU_00002821501,A10AB
00406012501,AK_2024_4_FFSU_00406012501,N02AJ
00378464426,AK_2024_4_FFSU_00378464426,G03CA
00093171410,AK_2024_4_FFSU_00093171410,B01AA
00002880559,AK_2024_4_FFSU_00002880559,A10AC
00003029305,AK_2024_4_FFSU_00003029305,H02AB
00121079916,AK_2024_4_FFSU_00121079916,N03AX
00406889301,AK_2024_4_FFSU_00406889301,N06BA
00168032346,AK_2024_4_FFSU_00168032346,A01AB
00378464026,AK_2024_4_FFSU_00378464026,G03CA
00023114501,AK_2024_4_FFSU_00023114501,M03AX
00054032756,AK_2024_4_FFSU_00054032756,R03AC
00078077767,AK_2024_4_FFSU_00078077767,C09DX
00116200116,AK_2024_4_FFSU_00116200116,S03AA
00093083201,AK_2024_4_FFSU_00093083201,N03AE
00173087310,AK_2024_4_FFSU_00173087310,R03BB
00168032346,AK_2024_4_FFSU_00168032346,P01AB
00093738498,AK_2024_4_FFSU_00093738498,N06AX
00245086070,AK_2024_4_FFSU_00245086070,G01AF
00054317644,AK_2024_4_FFSU_00054317644,S03BA
00406895401,AK_2024_4_FFSU_00406895401,N06BA
00054418325,AK_2024_4_FFSU_00054418325,S01BA
00002880359,AK_2024_4_FFSU_00002880359,A10AB
00093681573,AK_2024_4_FFSU_00093681573,R01AD
00169406013,AK_2024_4_FFSU_00169406013,A10BJ
00009001103,AK_2024_4_FFSU_00009001103,A01AC
00024592505,AK_2024_4_FFSU_00024592505,A10AC
00409341411,AK_2024_4_FFSU_00409341411,A03FA
00338070948,AK_2024_4_FFSU_00338070948,A12BA
00074929619,AK_2024_4_FFSU_00074929619,H03AA
00409909422,AK_2024_4_FFSU_00409909422,N01AH
00168025815,AK_2024_4_FFSU_00168025815,D01AC
00406012305,AK_2024_4_FFSU_00406012305,R05DA
00009001104,AK_2024_4_FFSU_00009001104,S01BA
00093226801,AK_2024_4_FFSU_00093226801,J01CA
00406123601,AK_2024_4_FFSU_00406123601,S01FA
00228331503,AK_2024_4_FFSU_00228331503,D04AX
00406012310,AK_2024_4_FFSU_00406012310,N02BE
00009001103,AK_2024_4_FFSU_00009001103,C05AA
00074518219,AK_2024_4_FFSU_00074518219,H03AA
00169633910,AK_2024_4_FFSU_00169633910,A10AD
00173088810,AK_2024_4_FFSU_00173088810,R03BA
00378967130,AK_2024_4_FFSU_00378967130,R03AC
00245021311,AK_2024_4_FFSU_00245021311,C01CA
00002822259,AK_2024_4_FFSU_00002822259,A10AB
00054418425,AK_2024_4_FFSU_00054418425,S03BA
00186037020,AK_2024_4_FFSU_00186037020,R03AK
00378336099,AK_2024_4_FFSU_00378336099,G03CA
00054032756,AK_2024_4_FFSU_00054032756,R01AD
00168009930,AK_2024_4_FFSU_00168009930,G01AF
00378803093,AK_2024_4_FFSU_00378803093,J01CA
00378905593,AK_2024_4_FFSU_00378905593,R02AD
00037682210,AK_2024_4_FFSU_00037682210,D07AA
00228331503,AK_2024_4_FFSU_00228331503,N06AA
00093747143,AK_2024_4_FFSU_00093747143,N02CC
00378008501,AK_2024_4_FFSU_00378008501,N04BA
00378705752,AK_2024_4_FFSU_00378705752,R03CC
00078063968,AK_2024_4_FFSU_00078063968,L04AC
00245531915,AK_2024_4_FFSU_00245531915,A12BA
00378827091,AK_2024_4_FFSU_00378827091,R03CC
00173088710,AK_2024_4_FFSU_00173088710,D07AC
00173085910,AK_2024_4_FFSU_00173085910,R01AD
00228212810,AK_2024_4_FFSU_00228212810,C02AC
00093598627,AK_2024_4_FFSU_00093598627,A01AD
00409189101,AK_2024_4_FFSU_00409189101,N02AA
00228212910,AK_2024_4_FFSU_00228212910,C02AC
00185012210,AK_2024_4_FFSU_00185012210,J01XE
00338069104,AK_2024_4_FFSU_00338069104,B05CB
00009737611,AK_2024_4_FFSU_00009737611,G03AC
00338004904,AK_2024_4_FFSU_00338004904,B05CB
00069312019,AK_2024_4_FFSU_00069312019,S01AA
00338004941,AK_2024_4_FFSU_00338004941,B05XA
00121075908,AK_2024_4_FFSU_00121075908,A01AC
00116200116,AK_2024_4_FFSU_00116200116,A01AB
00228212850,AK_2024_4_FFSU_00228212850,N02CX
00310461612,AK_2024_4_FFSU_00310461612,R03AL
00409909412,AK_2024_4_FFSU_00409909412,N02AB
00186037020,AK_2024_4_FFSU_00186037020,A07EA
00310461612,AK_2024_4_FFSU_00310461612,A07EA
00169406012,AK_2024_4_FFSU_00169406012,A10BJ
00378363501,AK_2024_4_FFSU_00378363501,R06AE
00121075908,AK_2024_4_FFSU_00121075908,C05AA
00338011703,AK_2024_4_FFSU_00338011703,A12AA
00406037801,AK_2024_4_FFSU_00406037801,R05DA
00143992701,AK_2024_4_FFSU_00143992701,S01AE
00054418325,AK_2024_4_FFSU_00054418325,S01CB
00054817525,AK_2024_4_FFSU_00054817525,D07AB
00228306011,AK_2024_4_FFSU_00228306011,N06BA
00409379501,AK_2024_4_FFSU_00409379501,M01AB
00168002031,AK_2024_4_FFSU_00168002031,D07AA
00378932032,AK_2024_4_FFSU_00378932032,R03AC
00310737220,AK_2024_4_FFSU_00310737220,R01AD
00168014630,AK_2024_4_FFSU_00168014630,H02AB
00024591502,AK_2024_4_FFSU_00024591502,D11AH
00186037020,AK_2024_4_FFSU_00186037020,R03BA
00310461612,AK_2024_4_FFSU_00310461612,R03BA
00009001104,AK_2024_4_FFSU_00009001104,S01CB
00078079975,AK_2024_4_FFSU_00078079975,A01AC
00143988701,AK_2024_4_FFSU_00143988701,J01CA
00173088710,AK_2024_4_FFSU_00173088710,R03AL
00338004948,AK_2024_4_FFSU_00338004948,A12CA
00378932232,AK_2024_4_FFSU_00378932232,R03AC
00006302604,AK_2024_4_FFSU_00006302604,L01FF
00002773701,AK_2024_4_FFSU_00002773701,A10AB
00378750232,AK_2024_4_FFSU_00378750232,D07AC
00338070948,AK_2024_4_FFSU_00338070948,B05XA
00054418125,AK_2024_4_FFSU_00054418125,D07AB
00378727253,AK_2024_4_FFSU_00378727253,G03DC
00078079975,AK_2024_4_FFSU_00078079975,C05AA
00093598527,AK_2024_4_FFSU_00093598527,A01AD
00173088210,AK_2024_4_FFSU_00173088210,R03AK
00406051262,AK_2024_4_FFSU_00406051262,N02BE
00024592505,AK_2024_4_FFSU_00024592505,A10AB
00002327030,AK_2024_4_FFSU_00002327030,N06AX
00228212710,AK_2024_4_FFSU_00228212710,N02CX
00338170840,AK_2024_4_FFSU_00338170840,B05XA
00054329446,AK_2024_4_FFSU_00054329446,C03CA
00406048462,AK_2024_4_FFSU_00406048462,N02AJ
00002223680,AK_2024_4_FFSU_00002223680,A10BJ
00093117701,AK_2024_4_FFSU_00093117701,A07AA
00093342601,AK_2024_4_FFSU_00093342601,N05BA
00228306411,AK_2024_4_FFSU_00228306411,N06BA
00009001103,AK_2024_4_FFSU_00009001103,H02AB
00093738505,AK_2024_4_FFSU_00093738505,N06AX
00378932032,AK_2024_4_FFSU_00378932032,R01AD
00168008031,AK_2024_4_FFSU_00168008031,D07AA
00406012501,AK_2024_4_FFSU_00406012501,N02BE
00264315511,AK_2024_4_FFSU_00264315511,J01DD
00310908012,AK_2024_4_FFSU_00310908012,R03AK
00378932232,AK_2024_4_FFSU_00378932232,R01AD
00168025846,AK_2024_4_FFSU_00168025846,H02AB
00378808345,AK_2024_4_FFSU_00378808345,L01XF
00378351510,AK_2024_4_FFSU_00378351510,N06AX
00259050116,AK_2024_4_FFSU_00259050116,A03AB
00406895101,AK_2024_4_FFSU_00406895101,N06BA
00406800503,AK_2024_4_FFSU_00406800503,V03AB
00046110711,AK_2024_4_FFSU_00046110711,G03AC
00186037220,AK_2024_4_FFSU_00186037220,D07AC
00310737020,AK_2024_4_FFSU_00310737020,R01AD
00406012301,AK_2024_4_FFSU_00406012301,R05DA
00093770198,AK_2024_4_FFSU_00093770198,R06AE
00006008061,AK_2024_4_FFSU_00006008061,A10BA
00169291115,AK_2024_4_FFSU_00169291115,A10AE
00003049420,AK_2024_4_FFSU_00003049420,S01BA
00264315311,AK_2024_4_FFSU_00264315311,J01DD
00378718705,AK_2024_4_FFSU_00378718705,A10BA
00116200116,AK_2024_4_FFSU_00116200116,S01AX
00121088508,AK_2024_4_FFSU_00121088508,A01AC
00093321201,AK_2024_4_FFSU_00093321201,N03AE
00121075908,AK_2024_4_FFSU_00121075908,S01CB
00378087399,AK_2024_4_FFSU_00378087399,S01EA
00069130901,AK_2024_4_FFSU_00069130901,B03XA
00078087601,AK_2024_4_FFSU_00078087601,S02BA
00143124001,AK_2024_4_FFSU_00143124001,C01AA
00121075908,AK_2024_4_FFSU_00121075908,R01AD
00074707019,AK_2024_4_FFSU_00074707019,H03AA
00173088210,AK_2024_4_FFSU_00173088210,R03BA
00406114401,AK_2024_4_FFSU_00406114401,N06BA
00310908012,AK_2024_4_FFSU_00310908012,A07EA
00046110081,AK_2024_4_FFSU_00046110081,G03CA
00054001820,AK_2024_4_FFSU_00054001820,A07EA
00121088508,AK_2024_4_FFSU_00121088508,C05AA
00406831501,AK_2024_4_FFSU_00406831501,N02AA
00143959525,AK_2024_4_FFSU_00143959525,S02DA
00093310905,AK_2024_4_FFSU_00093310905,J01CA
00378306677,AK_2024_4_FFSU_00378306677,C10AB
00115169449,AK_2024_4_FFSU_00115169449,B02BC
00173071620,AK_2024_4_FFSU_00173071620,D07AC
00115992101,AK_2024_4_FFSU_00115992101,N06BA
00093007401,AK_2024_4_FFSU_00093007401,N05CF
00264780000,AK_2024_4_FFSU_00264780000,A12CA
00002775205,AK_2024_4_FFSU_00002775205,A10AD
00378876693,AK_2024_4_FFSU_00378876693,N07BC
00054981729,AK_2024_4_FFSU_00054981729,H02AB
00078079975,AK_2024_4_FFSU_00078079975,J01MA
00168025815,AK_2024_4_FFSU_00168025815,S02BA
00093314705,AK_2024_4_FFSU_00093314705,J01DB
00046110511,AK_2024_4_FFSU_00046110511,G03FA
00228306311,AK_2024_4_FFSU_00228306311,N06BA
00228285011,AK_2024_4_FFSU_00228285011,C02AC
00310908012,AK_2024_4_FFSU_00310908012,R03BA
00378623301,AK_2024_4_FFSU_00378623301,N06AB
00054032756,AK_2024_4_FFSU_00054032756,R03AK
00006033530,AK_2024_4_FFSU_00006033530,N05CJ
00078079975,AK_2024_4_FFSU_00078079975,R01AD
00264775000,AK_2024_4_FFSU_00264775000,A12AA
00093202623,AK_2024_4_FFSU_00093202623,S01AA
00074709430,AK_2024_4_FFSU_00074709430,N02CD
00115703301,AK_2024_4_FFSU_00115703301,H02AA
00378685777,AK_2024_4_FFSU_00378685777,N06BA
00093681673,AK_2024_4_FFSU_00093681673,D07AC
00093312301,AK_2024_4_FFSU_00093312301,J01CF
00002751659,AK_2024_4_FFSU_00002751659,A10AD
00003029305,AK_2024_4_FFSU_00003029305,R03BA
00093681573,AK_2024_4_FFSU_00093681573,A07EA
00168025846,AK_2024_4_FFSU_00168025846,S03BA
00406051205,AK_2024_4_FFSU_00406051205,N02AJ
00456046001,AK_2024_4_FFSU_00456046001,H03AA
00093117701,AK_2024_4_FFSU_00093117701,S03AA
00173085910,AK_2024_4_FFSU_00173085910,R03AK
00009347501,AK_2024_4_FFSU_00009347501,D07AA
00338006910,AK_2024_4_FFSU_00338006910,M01AB
00024591401,AK_2024_4_FFSU_00024591401,D11AH
00069100101,AK_2024_4_FFSU_00069100101,L04AF
00228285511,AK_2024_4_FFSU_00228285511,C02AC
00143992701,AK_2024_4_FFSU_00143992701,S02AA
00054350049,AK_2024_4_FFSU_00054350049,D04AB
00069243210,AK_2024_4_FFSU_00069243210,J07BN
00378868854,AK_2024_4_FFSU_00378868854,D10AF
00093681573,AK_2024_4_FFSU_00093681573,R03BA
00023649810,AK_2024_4_FFSU_00023649810,N02CD
00116200116,AK_2024_4_FFSU_00116200116,B05CA
00115169449,AK_2024_4_FFSU_00115169449,S01EA
00078079975,AK_2024_4_FFSU_00078079975,S03AA
00078087601,AK_2024_4_FFSU_00078087601,S01BA
00406895501,AK_2024_4_FFSU_00406895501,N06BA
00143959525,AK_2024_4_FFSU_00143959525,C01BB
00378668910,AK_2024_4_FFSU_00378668910,A02BC
00378705752,AK_2024_4_FFSU_00378705752,R03AC
00378827091,AK_2024_4_FFSU_00378827091,R03AC
00264310511,AK_2024_4_FFSU_00264310511,J01DB
00310737220,AK_2024_4_FFSU_00310737220,R03AK
00054004641,AK_2024_4_FFSU_00054004641,R03BB
00093738605,AK_2024_4_FFSU_00093738605,N06AX
00093031101,AK_2024_4_FFSU_00093031101,A07DA
00074262528,AK_2024_4_FFSU_00074262528,J05AP
00378320501,AK_2024_4_FFSU_00378320501,C02CA
00172392660,AK_2024_4_FFSU_00172392660,N05BA
00378082502,AK_2024_4_FFSU_00378082502,N05AH
00054032756,AK_2024_4_FFSU_00054032756,R03BA
00406511501,AK_2024_4_FFSU_00406511501,N06BA
00228202710,AK_2024_4_FFSU_00228202710,N05BA
00009001103,AK_2024_4_FFSU_00009001103,D07XA
00259050116,AK_2024_4_FFSU_00259050116,D11AA
00378728753,AK_2024_4_FFSU_00378728753,G03AA
00378876593,AK_2024_4_FFSU_00378876593,V03AB
00054327099,AK_2024_4_FFSU_00054327099,R01AD
00168025815,AK_2024_4_FFSU_00168025815,S01BA
00409909412,AK_2024_4_FFSU_00409909412,N01AH
00121088508,AK_2024_4_FFSU_00121088508,R01AD
00338004948,AK_2024_4_FFSU_00338004948,B05CB
00173085910,AK_2024_4_FFSU_00173085910,R03BA
00006057761,AK_2024_4_FFSU_00006057761,A10BA
00338004902,AK_2024_4_FFSU_00338004902,A12CA
00378335299,AK_2024_4_FFSU_00378335299,G03CA
00409198503,AK_2024_4_FFSU_00409198503,N05BA
00406851501,AK_2024_4_FFSU_00406851501,N02AA
00121086816,AK_2024_4_FFSU_00121086816,G01AA
00168035730,AK_2024_4_FFSU_00168035730,S01HA
00121088508,AK_2024_4_FFSU_00121088508,H02AB
00409610204,AK_2024_4_FFSU_00409610204,C03CA
00054350049,AK_2024_4_FFSU_00054350049,N01BB
00168014630,AK_2024_4_FFSU_00168014630,A07EA
00078079975,AK_2024_4_FFSU_00078079975,S03BA
00310908012,AK_2024_4_FFSU_00310908012,R03CC
00378087199,AK_2024_4_FFSU_00378087199,N02CX
00121104516,AK_2024_4_FFSU_00121104516,A07AA
00169633910,AK_2024_4_FFSU_00169633910,A10AB
00003089431,AK_2024_4_FFSU_00003089431,B01AF
00093220301,AK_2024_4_FFSU_00093220301,A03FA
00054018913,AK_2024_4_FFSU_00054018913,N07BC
00310737220,AK_2024_4_FFSU_00310737220,A07EA
00173089310,AK_2024_4_FFSU_00173089310,D07AC
00228424106,AK_2024_4_FFSU_00228424106,C02AC
00378932032,AK_2024_4_FFSU_00378932032,R03AK
00093081001,AK_2024_4_FFSU_00093081001,N06AA
00093117701,AK_2024_4_FFSU_00093117701,D06AX
00065414727,AK_2024_4_FFSU_00065414727,S01EA
00378827093,AK_2024_4_FFSU_00378827093,R03CC
00378932232,AK_2024_4_FFSU_00378932232,R03AK
00074518290,AK_2024_4_FFSU_00074518290,H03AA
00378727253,AK_2024_4_FFSU_00378727253,G03AC
00409475503,AK_2024_4_FFSU_00409475503,A04AA
00093221001,AK_2024_4_FFSU_00093221001,A02BX
00378876693,AK_2024_4_FFSU_00378876693,A06AH
00002879959,AK_2024_4_FFSU_00002879959,A10AC
00121075908,AK_2024_4_FFSU_00121075908,D07XA
00310737220,AK_2024_4_FFSU_00310737220,R03BA
00009001103,AK_2024_4_FFSU_00009001103,A07EA
00378097301,AK_2024_4_FFSU_00378097301,N05AH
00264151031,AK_2024_4_FFSU_00264151031,B05BA
00169320415,AK_2024_4_FFSU_00169320415,A10AD
00310737020,AK_2024_4_FFSU_00310737020,R03AK
00264780010,AK_2024_4_FFSU_00264780010,A12CA
00054417925,AK_2024_4_FFSU_00054417925,D10AA
00054032656,AK_2024_4_FFSU_00054032656,R01AD
00168025846,AK_2024_4_FFSU_00168025846,A07EA
00172572970,AK_2024_4_FFSU_00172572970,A02BA
00378700193,AK_2024_4_FFSU_00378700193,N06AB
00093816501,AK_2024_4_FFSU_00093816501,N05AH
00173089310,AK_2024_4_FFSU_00173089310,R03AL
00406896201,AK_2024_4_FFSU_00406896201,N06BA
00338004804,AK_2024_4_FFSU_00338004804,A12CA
00406051201,AK_2024_4_FFSU_00406051201,N02AA
00093816601,AK_2024_4_FFSU_00093816601,N05AH
00093770456,AK_2024_4_FFSU_00093770456,J05AR
00168025815,AK_2024_4_FFSU_00168025815,S01CB
00054002025,AK_2024_4_FFSU_00054002025,N05AN
00093100305,AK_2024_4_FFSU_00093100305,N05BE
00169291115,AK_2024_4_FFSU_00169291115,A10BJ
00121088508,AK_2024_4_FFSU_00121088508,S03BA
00143959401,AK_2024_4_FFSU_00143959401,C05AD
00024591801,AK_2024_4_FFSU_00024591801,D11AH
00378700210,AK_2024_4_FFSU_00378700210,N06AB
00168025846,AK_2024_4_FFSU_00168025846,R03BA
00378932032,AK_2024_4_FFSU_00378932032,R03BA
00406051205,AK_2024_4_FFSU_00406051205,N02BE
00264780000,AK_2024_4_FFSU_00264780000,B05CB
00310737020,AK_2024_4_FFSU_00310737020,A07EA
00131541072,AK_2024_4_FFSU_00131541072,N03AX
00037682210,AK_2024_4_FFSU_00037682210,D04AB
00093314505,AK_2024_4_FFSU_00093314505,J01DB
00046110511,AK_2024_4_FFSU_00046110511,G03CA
00378932232,AK_2024_4_FFSU_00378932232,R03BA
00172392560,AK_2024_4_FFSU_00172392560,N05BA
00054001829,AK_2024_4_FFSU_00054001829,H02AB
00093372755,AK_2024_4_FFSU_00093372755,D11AX
00173069600,AK_2024_4_FFSU_00173069600,R01AD
00024591902,AK_2024_4_FFSU_00024591902,D11AH
00009004722,AK_2024_4_FFSU_00009004722,D07AA
00121088516,AK_2024_4_FFSU_00121088516,S02BA
00004082205,AK_2024_4_FFSU_00004082205,J05AH
00054418425,AK_2024_4_FFSU_00054418425,S02BA
00228315303,AK_2024_4_FFSU_00228315303,N07BC
00406114601,AK_2024_4_FFSU_00406114601,N06BA
00409272031,AK_2024_4_FFSU_00409272031,B01AB
00054981725,AK_2024_4_FFSU_00054981725,A07EA
00093720298,AK_2024_4_FFSU_00093720298,C10AA
00378967130,AK_2024_4_FFSU_00378967130,R03CC
00378306577,AK_2024_4_FFSU_00378306577,C10AB
00310737020,AK_2024_4_FFSU_00310737020,R03BA
00093101042,AK_2024_4_FFSU_00093101042,R01AX
00002771459,AK_2024_4_FFSU_00002771459,A10AC
00173087410,AK_2024_4_FFSU_00173087410,R01AD
00054040022,AK_2024_4_FFSU_00054040022,N06AX
00009001201,AK_2024_4_FFSU_00009001201,A01AC
00168025846,AK_2024_4_FFSU_00168025846,D07XC
00093342701,AK_2024_4_FFSU_00093342701,N05BA
00338011703,AK_2024_4_FFSU_00338011703,A12CA
00338001748,AK_2024_4_FFSU_00338001748,B05CX
00338011703,AK_2024_4_FFSU_00338011703,A12BA
00310737220,AK_2024_4_FFSU_00310737220,R03CC
00009307301,AK_2024_4_FFSU_00009307301,D07AA
00054350049,AK_2024_4_FFSU_00054350049,R02AD
00074230630,AK_2024_4_FFSU_00074230630,L04AF
00406895301,AK_2024_4_FFSU_00406895301,N06BA
00406012310,AK_2024_4_FFSU_00406012310,R05DA
00185085301,AK_2024_4_FFSU_00185085301,N06BA
00032301613,AK_2024_4_FFSU_00032301613,A09AA
00009001201,AK_2024_4_FFSU_00009001201,C05AA
00093224001,AK_2024_4_FFSU_00093224001,J01DB
00169413013,AK_2024_4_FFSU_00169413013,A10BJ
00121088508,AK_2024_4_FFSU_00121088508,D07XA
00115169449,AK_2024_4_FFSU_00115169449,R03AA
00093221005,AK_2024_4_FFSU_00093221005,A02BX
00406895601,AK_2024_4_FFSU_00406895601,N06BA
00264775000,AK_2024_4_FFSU_00264775000,B05BB
00054017613,AK_2024_4_FFSU_00054017613,N07BC
00093342501,AK_2024_4_FFSU_00093342501,N05BA
00264780020,AK_2024_4_FFSU_00264780020,A12CA
00378876893,AK_2024_4_FFSU_00378876893,N02AE
00054350049,AK_2024_4_FFSU_00054350049,S01HA
00168020437,AK_2024_4_FFSU_00168020437,S02DA
00046110711,AK_2024_4_FFSU_00046110711,G03FA
00169210125,AK_2024_4_FFSU_00169210125,A10AD
00009737611,AK_2024_4_FFSU_00009737611,G03DA
00406052201,AK_2024_4_FFSU_00406052201,N02AJ
00168009960,AK_2024_4_FFSU_00168009960,D01AC
00078065967,AK_2024_4_FFSU_00078065967,C09DX
00430042014,AK_2024_4_FFSU_00430042014,B03AE
00378808220,AK_2024_4_FFSU_00378808220,D10AD
00378967193,AK_2024_4_FFSU_00378967193,R03CC
00093117701,AK_2024_4_FFSU_00093117701,J01GB
00093083205,AK_2024_4_FFSU_00093083205,N03AE
00121088516,AK_2024_4_FFSU_00121088516,S01BA
00228212850,AK_2024_4_FFSU_00228212850,S01EA
00338004902,AK_2024_4_FFSU_00338004902,B05CB
00168000215,AK_2024_4_FFSU_00168000215,D07AB
00002775205,AK_2024_4_FFSU_00002775205,A10AB
00406012401,AK_2024_4_FFSU_00406012401,N02BE
00168025815,AK_2024_4_FFSU_00168025815,A01AB
00054418425,AK_2024_4_FFSU_00054418425,S01BA
00378808245,AK_2024_4_FFSU_00378808245,D10AD
00054001925,AK_2024_4_FFSU_00054001925,H02AB
00054817625,AK_2024_4_FFSU_00054817625,D07AB
00054452725,AK_2024_4_FFSU_00054452725,N05AN
00409341401,AK_2024_4_FFSU_00409341401,A03FA
00143122710,AK_2024_4_FFSU_00143122710,A03AA
00228277811,AK_2024_4_FFSU_00228277811,C07AA
00037682210,AK_2024_4_FFSU_00037682210,S02BA
00310111030,AK_2024_4_FFSU_00310111030,V03AE
00078069620,AK_2024_4_FFSU_00078069620,C09CA
00409733503,AK_2024_4_FFSU_00409733503,J01DD
00002751659,AK_2024_4_FFSU_00002751659,A10AB
00121088508,AK_2024_4_FFSU_00121088508,A07EA
00406012510,AK_2024_4_FFSU_00406012510,N02BE
00310737020,AK_2024_4_FFSU_00310737020,R03CC
00054417925,AK_2024_4_FFSU_00054417925,A01AC
00074012402,AK_2024_4_FFSU_00074012402,L04AB
00406324401,AK_2024_4_FFSU_00406324401,N02AA
00168000215,AK_2024_4_FFSU_00168000215,D07XB
00169430330,AK_2024_4_FFSU_00169430330,A10BJ
00024587102,AK_2024_4_FFSU_00024587102,A10AE
00054817625,AK_2024_4_FFSU_00054817625,D07XB
00173088710,AK_2024_4_FFSU_00173088710,R01AD
00054417925,AK_2024_4_FFSU_00054417925,C05AA
00093505798,AK_2024_4_FFSU_00093505798,C10AA
00310620530,AK_2024_4_FFSU_00310620530,A10BK
00074455290,AK_2024_4_FFSU_00074455290,H03AA
00054032856,AK_2024_4_FFSU_00054032856,R01AD
00310908012,AK_2024_4_FFSU_00310908012,R03AC
00093081105,AK_2024_4_FFSU_00093081105,N06AA
00264180032,AK_2024_4_FFSU_00264180032,B05CB
00264780010,AK_2024_4_FFSU_00264780010,B05CB
00338011703,AK_2024_4_FFSU_00338011703,B05XA
00228212710,AK_2024_4_FFSU_00228212710,S01EA
00093412774,AK_2024_4_FFSU_00093412774,J01CE
00093372755,AK_2024_4_FFSU_00093372755,M01AB
00168009960,AK_2024_4_FFSU_00168009960,J02AB
00002821501,AK_2024_4_FFSU_00002821501,A10AE
00456120330,AK_2024_4_FFSU_00456120330,A06AX
00002145780,AK_2024_4_FFSU_00002145780,A10BX
00023392102,AK_2024_4_FFSU_00023392102,M03AX
00168002031,AK_2024_4_FFSU_00168002031,S02BA
00054817525,AK_2024_4_FFSU_00054817525,D10AA
00173088810,AK_2024_4_FFSU_00173088810,D07AC
00378087399,AK_2024_4_FFSU_00378087399,C02AC
00093598627,AK_2024_4_FFSU_00093598627,R01AA
00024586903,AK_2024_4_FFSU_00024586903,A10AE
00023530105,AK_2024_4_FFSU_00023530105,L04AD
00185067401,AK_2024_4_FFSU_00185067401,N05BB
00338170940,AK_2024_4_FFSU_00338170940,B05XA
00338004804,AK_2024_4_FFSU_00338004804,B05CB
00338001702,AK_2024_4_FFSU_00338001702,B05CX
00338001748,AK_2024_4_FFSU_00338001748,V04CA
00003029328,AK_2024_4_FFSU_00003029328,S01BA
00009001201,AK_2024_4_FFSU_00009001201,H02AB
00002880359,AK_2024_4_FFSU_00002880359,A10AE
00378214605,AK_2024_4_FFSU_00378214605,C03DA
00121086816,AK_2024_4_FFSU_00121086816,D01AA
00406012501,AK_2024_4_FFSU_00406012501,R05DA
00264775000,AK_2024_4_FFSU_00264775000,A12BA
00093417774,AK_2024_4_FFSU_00093417774,J01DB
00121088516,AK_2024_4_FFSU_00121088516,S01CB
00054418125,AK_2024_4_FFSU_00054418125,D10AA
00046110711,AK_2024_4_FFSU_00046110711,G03DA
00093005405,AK_2024_4_FFSU_00093005405,N05BE
00456046201,AK_2024_4_FFSU_00456046201,H03AA
00002772801,AK_2024_4_FFSU_00002772801,A10AD
00169517604,AK_2024_4_FFSU_00169517604,G03CA
00037682210,AK_2024_4_FFSU_00037682210,S01BA
00378087299,AK_2024_4_FFSU_00378087299,C02AC
00093220310,AK_2024_4_FFSU_00093220310,A03FA
00009347501,AK_2024_4_FFSU_00009347501,D10AA
00032004770,AK_2024_4_FFSU_00032004770,A09AA
00054252731,AK_2024_4_FFSU_00054252731,N05AN
00169750111,AK_2024_4_FFSU_00169750111,A10AD
00093013505,AK_2024_4_FFSU_00093013505,C07AG
00054418325,AK_2024_4_FFSU_00054418325,A01AC
00074714819,AK_2024_4_FFSU_00074714819,H03AA
00168008031,AK_2024_4_FFSU_00168008031,S02BA
00378047305,AK_2024_4_FFSU_00378047305,N03AG
00168020230,AK_2024_4_FFSU_00168020230,G01AA
00168000215,AK_2024_4_FFSU_00168000215,H02AB
00168025846,AK_2024_4_FFSU_00168025846,S02BA
00245086070,AK_2024_4_FFSU_00245086070,D06BX
00406052301,AK_2024_4_FFSU_00406052301,N02AJ
00378086001,AK_2024_4_FFSU_00378086001,N05AH
00046110381,AK_2024_4_FFSU_00046110381,G03CA
00074706919,AK_2024_4_FFSU_00074706919,H03AA
00338007225,AK_2024_4_FFSU_00338007225,M01AB
00409230516,AK_2024_4_FFSU_00409230516,N05CD
00009001104,AK_2024_4_FFSU_00009001104,A01AC
00054817625,AK_2024_4_FFSU_00054817625,H02AB
00078065920,AK_2024_4_FFSU_00078065920,C09DX
00054001829,AK_2024_4_FFSU_00054001829,A07EA
00054418325,AK_2024_4_FFSU_00054418325,C05AA
00074714890,AK_2024_4_FFSU_00074714890,H03AA
00409379519,AK_2024_4_FFSU_00409379519,M01AB
00074463701,AK_2024_4_FFSU_00074463701,H05BX
00338007225,AK_2024_4_FFSU_00338007225,S01BC
00093216568,AK_2024_4_FFSU_00093216568,A06AH
00093372755,AK_2024_4_FFSU_00093372755,M02AA
00406048410,AK_2024_4_FFSU_00406048410,N02AJ
00169643210,AK_2024_4_FFSU_00169643210,A10AE
00338011704,AK_2024_4_FFSU_00338011704,B05BB
00406012505,AK_2024_4_FFSU_00406012505,N02AJ
00093598527,AK_2024_4_FFSU_00093598527,R01AA
00009001104,AK_2024_4_FFSU_00009001104,C05AA
00093171301,AK_2024_4_FFSU_00093171301,B01AA
00002418230,AK_2024_4_FFSU_00002418230,L04AF
00069312019,AK_2024_4_FFSU_00069312019,J01FA
00409379601,AK_2024_4_FFSU_00409379601,M01AB
00406012405,AK_2024_4_FFSU_00406012405,N02BE
00054417925,AK_2024_4_FFSU_00054417925,S01CB
00093415573,AK_2024_4_FFSU_00093415573,J01CA
00378104901,AK_2024_4_FFSU_00378104901,D04AX
00245086070,AK_2024_4_FFSU_00245086070,J01XD
00143928501,AK_2024_4_FFSU_00143928501,J01CA
00002751001,AK_2024_4_FFSU_00002751001,A10AC
00186037020,AK_2024_4_FFSU_00186037020,D07AC
00310461612,AK_2024_4_FFSU_00310461612,D07AC
00054417925,AK_2024_4_FFSU_00054417925,R01AD
00168002031,AK_2024_4_FFSU_00168002031,S01BA
00093720210,AK_2024_4_FFSU_00093720210,B01AC
00143992701,AK_2024_4_FFSU_00143992701,S03AA
00013104201,AK_2024_4_FFSU_00013104201,G03CA
00169320415,AK_2024_4_FFSU_00169320415,A10AB
00378623101,AK_2024_4_FFSU_00378623101,N06AB
00054002129,AK_2024_4_FFSU_00054002129,N05AN
00406052201,AK_2024_4_FFSU_00406052201,N02BE
00406802003,AK_2024_4_FFSU_00406802003,V03AB
00054418325,AK_2024_4_FFSU_00054418325,D07XB
00406889201,AK_2024_4_FFSU_00406889201,N06BA
00046110281,AK_2024_4_FFSU_00046110281,G03FA
00088250033,AK_2024_4_FFSU_00088250033,A10AB
00378876893,AK_2024_4_FFSU_00378876893,V03AB
00143980305,AK_2024_4_FFSU_00143980305,A01AB
00168020360,AK_2024_4_FFSU_00168020360,G01AA
00264780020,AK_2024_4_FFSU_00264780020,B05CB
00409189301,AK_2024_4_FFSU_00409189301,N02AA
00054817525,AK_2024_4_FFSU_00054817525,S02BA
00378104901,AK_2024_4_FFSU_00378104901,N06AA
00168008031,AK_2024_4_FFSU_00168008031,A01AC
00169418113,AK_2024_4_FFSU_00169418113,A10BJ
00046110711,AK_2024_4_FFSU_00046110711,G03CA
00168027740,AK_2024_4_FFSU_00168027740,G01AA
00093520006,AK_2024_4_FFSU_00093520006,N05BE
00168008031,AK_2024_4_FFSU_00168008031,C05AA
00310737220,AK_2024_4_FFSU_00310737220,R03AC
00037682210,AK_2024_4_FFSU_00037682210,S01CB
00173071620,AK_2024_4_FFSU_00173071620,R01AD
00093720110,AK_2024_4_FFSU_00093720110,C10AA
00115180001,AK_2024_4_FFSU_00115180001,N06BA
00264775000,AK_2024_4_FFSU_00264775000,B05XA
00093220401,AK_2024_4_FFSU_00093220401,A03FA
00054418125,AK_2024_4_FFSU_00054418125,S02BA
00173087410,AK_2024_4_FFSU_00173087410,R03BA
00406052205,AK_2024_4_FFSU_00406052205,N02BE
00168008031,AK_2024_4_FFSU_00168008031,S01BA
00093310905,AK_2024_4_FFSU_00093310905,A02BC
00054817625,AK_2024_4_FFSU_00054817625,S03BA
00378700393,AK_2024_4_FFSU_00378700393,N06AB
00168025846,AK_2024_4_FFSU_00168025846,S01BA
00338001702,AK_2024_4_FFSU_00338001702,B05BA
00430042014,AK_2024_4_FFSU_00430042014,G03AA
00338001702,AK_2024_4_FFSU_00338001702,V04CA
00093342210,AK_2024_4_FFSU_00093342210,M03BX
00093227434,AK_2024_4_FFSU_00093227434,J01CA
00054039063,AK_2024_4_FFSU_00054039063,N02AA
00093363020,AK_2024_4_FFSU_00093363020,D06BB
00173069700,AK_2024_4_FFSU_00173069700,R03AC
00143988915,AK_2024_4_FFSU_00143988915,J01CA
00378700410,AK_2024_4_FFSU_00378700410,N06AB
00121067585,AK_2024_4_FFSU_00121067585,N03AG
00093406701,AK_2024_4_FFSU_00093406701,C02CA
00430042014,AK_2024_4_FFSU_00430042014,L02AA
00078087601,AK_2024_4_FFSU_00078087601,D10AA
00143959525,AK_2024_4_FFSU_00143959525,S01HA
00406896101,AK_2024_4_FFSU_00406896101,N06BA
00093816401,AK_2024_4_FFSU_00093816401,N05AH
00168035730,AK_2024_4_FFSU_00168035730,D04AB
00228203110,AK_2024_4_FFSU_00228203110,N05BA
00143959401,AK_2024_4_FFSU_00143959401,C01BB
00378728753,AK_2024_4_FFSU_00378728753,B03AE
00054001925,AK_2024_4_FFSU_00054001925,A07EA
00093172101,AK_2024_4_FFSU_00093172101,B01AA
00378728753,AK_2024_4_FFSU_00378728753,G03AD
00378808345,AK_2024_4_FFSU_00378808345,D10AD
00406853001,AK_2024_4_FFSU_00406853001,N02AA
00115155510,AK_2024_4_FFSU_00115155510,C10AB
00093820401,AK_2024_4_FFSU_00093820401,A02BA
00093171201,AK_2024_4_FFSU_00093171201,B01AA
00054418325,AK_2024_4_FFSU_00054418325,R01AD
00168014630,AK_2024_4_FFSU_00168014630,D07AA
00409379501,AK_2024_4_FFSU_00409379501,S01BC
00378967193,AK_2024_4_FFSU_00378967193,R03AC
00009001201,AK_2024_4_FFSU_00009001201,D07XA
00173088210,AK_2024_4_FFSU_00173088210,D07AC
00406996201,AK_2024_4_FFSU_00406996201,N05CD
00093720210,AK_2024_4_FFSU_00093720210,C10BX
00054001725,AK_2024_4_FFSU_00054001725,H02AB
00054417925,AK_2024_4_FFSU_00054417925,S03BA
00168002031,AK_2024_4_FFSU_00168002031,S01CB
00054418325,AK_2024_4_FFSU_00054418325,H02AB
00378464326,AK_2024_4_FFSU_00378464326,G03CA
00378210001,AK_2024_4_FFSU_00378210001,A07DA
00378087199,AK_2024_4_FFSU_00378087199,S01EA
00406851001,AK_2024_4_FFSU_00406851001,N02AA
00046110481,AK_2024_4_FFSU_00046110481,G03CA
00093330101,AK_2024_4_FFSU_00093330101,N02AX
00378363501,AK_2024_4_FFSU_00378363501,S01GX
00173069700,AK_2024_4_FFSU_00173069700,R01AD
00338011704,AK_2024_4_FFSU_00338011704,G04BA
00093719801,AK_2024_4_FFSU_00093719801,N06AB
00406052305,AK_2024_4_FFSU_00406052305,N02BE
00078079975,AK_2024_4_FFSU_00078079975,D07AB
00378876693,AK_2024_4_FFSU_00378876693,N02AE
00378427577,AK_2024_4_FFSU_00378427577,J05AB
00078065967,AK_2024_4_FFSU_00078065967,C09CA
00054817525,AK_2024_4_FFSU_00054817525,S01BA
00409272031,AK_2024_4_FFSU_00409272031,C05BA
00172409780,AK_2024_4_FFSU_00172409780,M03BX
00310737020,AK_2024_4_FFSU_00310737020,R03AC
00310908012,AK_2024_4_FFSU_00310908012,D07AC
00131247735,AK_2024_4_FFSU_00131247735,N03AX
00006027754,AK_2024_4_FFSU_00006027754,A10BH
00168032346,AK_2024_4_FFSU_00168032346,D06BX
00009001103,AK_2024_4_FFSU_00009001103,D07AA
00093415580,AK_2024_4_FFSU_00093415580,J01CA
00406037801,AK_2024_4_FFSU_00406037801,N02AJ
00168020437,AK_2024_4_FFSU_00168020437,D04AB
00002772801,AK_2024_4_FFSU_00002772801,A10AC
00093720198,AK_2024_4_FFSU_00093720198,C10AA
00009004722,AK_2024_4_FFSU_00009004722,D10AA
00168032346,AK_2024_4_FFSU_00168032346,G01AF
00168035730,AK_2024_4_FFSU_00168035730,N01BB
00054418125,AK_2024_4_FFSU_00054418125,S01BA
00003049420,AK_2024_4_FFSU_00003049420,A01AC
00169210125,AK_2024_4_FFSU_00169210125,A10AB
00003089421,AK_2024_4_FFSU_00003089421,B01AF
00378395105,AK_2024_4_FFSU_00378395105,C10AA
00078079975,AK_2024_4_FFSU_00078079975,D07XB
00168008031,AK_2024_4_FFSU_00168008031,S01CB
00245021211,AK_2024_4_FFSU_00245021211,C01CA
00338004941,AK_2024_4_FFSU_00338004941,B05CB
00406144501,AK_2024_4_FFSU_00406144501,N06BA
00378797093,AK_2024_4_FFSU_00378797093,R01AX
00009001201,AK_2024_4_FFSU_00009001201,A07EA
00121086802,AK_2024_4_FFSU_00121086802,A07AA
00003049420,AK_2024_4_FFSU_00003049420,C05AA
00093598627,AK_2024_4_FFSU_00093598627,R03AA
00378705852,AK_2024_4_FFSU_00378705852,R03CC
00093202623,AK_2024_4_FFSU_00093202623,J01FA
00245531911,AK_2024_4_FFSU_00245531911,B05XA
00228424106,AK_2024_4_FFSU_00228424106,N02CX
00093681573,AK_2024_4_FFSU_00093681573,D07AC
00093416178,AK_2024_4_FFSU_00093416178,J01CA
00054253125,AK_2024_4_FFSU_00054253125,N05AN
00002879959,AK_2024_4_FFSU_00002879959,A10AD
00409128303,AK_2024_4_FFSU_00409128303,N02AA
00054032856,AK_2024_4_FFSU_00054032856,R03BA
00409909425,AK_2024_4_FFSU_00409909425,N02AB
00093005801,AK_2024_4_FFSU_00093005801,N02AX
00093767902,AK_2024_4_FFSU_00093767902,L02AA
00078077720,AK_2024_4_FFSU_00078077720,C09DX
00173089310,AK_2024_4_FFSU_00173089310,R01AD
00009307301,AK_2024_4_FFSU_00009307301,D10AA
00054418325,AK_2024_4_FFSU_00054418325,S03BA
00069050130,AK_2024_4_FFSU_00069050130,L04AF
00264410090,AK_2024_4_FFSU_00264410090,N02BE
00121075908,AK_2024_4_FFSU_00121075908,H02AB
00121104516,AK_2024_4_FFSU_00121104516,G01AA
00093321205,AK_2024_4_FFSU_00093321205,N03AE
00054032756,AK_2024_4_FFSU_00054032756,D07AC
00168020437,AK_2024_4_FFSU_00168020437,N01BB
00093117201,AK_2024_4_FFSU_00093117201,J01CE
00378581377,AK_2024_4_FFSU_00378581377,C09CA
00378905593,AK_2024_4_FFSU_00378905593,S02DA
00002771227,AK_2024_4_FFSU_00002771227,A10AD
00409272002,AK_2024_4_FFSU_00409272002,B01AB
00054981725,AK_2024_4_FFSU_00054981725,H02AB
00054817525,AK_2024_4_FFSU_00054817525,S01CB
00338004903,AK_2024_4_FFSU_00338004903,B05XA
00173085910,AK_2024_4_FFSU_00173085910,D07AC
00046110281,AK_2024_4_FFSU_00046110281,G03CA
00173068220,AK_2024_4_FFSU_00173068220,R03CC
00378876593,AK_2024_4_FFSU_00378876593,N07BC
00088221905,AK_2024_4_FFSU_00088221905,A10AE
00172392780,AK_2024_4_FFSU_00172392780,N05BA
00121087316,AK_2024_4_FFSU_00121087316,A06AD
00006027731,AK_2024_4_FFSU_00006027731,A10BH
00338001748,AK_2024_4_FFSU_00338001748,V06DC
00406012301,AK_2024_4_FFSU_00406012301,N02AJ
00338011704,AK_2024_4_FFSU_00338011704,B05XA
00228306211,AK_2024_4_FFSU_00228306211,N06BA
00009028002,AK_2024_4_FFSU_00009028002,H02AB
00168000215,AK_2024_4_FFSU_00168000215,R03BA
00093363020,AK_2024_4_FFSU_00093363020,S01AD
00185012201,AK_2024_4_FFSU_00185012201,J01XE
00406800503,AK_2024_4_FFSU_00406800503,A06AH
00264151031,AK_2024_4_FFSU_00264151031,B05CX
00093322308,AK_2024_4_FFSU_00093322308,G03CA
00116200116,AK_2024_4_FFSU_00116200116,D09AA
00185209901,AK_2024_4_FFSU_00185209901,N06BA
00078079975,AK_2024_4_FFSU_00078079975,H02AB
00054018913,AK_2024_4_FFSU_00054018913,N02AE
00054418125,AK_2024_4_FFSU_00054418125,S01CB
00006022131,AK_2024_4_FFSU_00006022131,A10BH
00378967130,AK_2024_4_FFSU_00378967130,R01AX
00023320503,AK_2024_4_FFSU_00023320503,S01EE
00075801401,AK_2024_4_FFSU_00075801401,B01AB
00078087601,AK_2024_4_FFSU_00078087601,A01AC
00338006910,AK_2024_4_FFSU_00338006910,S01BC
00378003210,AK_2024_4_FFSU_00378003210,C07AB
00054040122,AK_2024_4_FFSU_00054040122,N06AX
00093100301,AK_2024_4_FFSU_00093100301,N05BE
00430042014,AK_2024_4_FFSU_00430042014,G03AB
00185067405,AK_2024_4_FFSU_00185067405,N05BB
00378064205,AK_2024_4_FFSU_00378064205,A07EA
00143951910,AK_2024_4_FFSU_00143951910,L01BA
00228212850,AK_2024_4_FFSU_00228212850,C02AC
00078065920,AK_2024_4_FFSU_00078065920,C09CA
00228212750,AK_2024_4_FFSU_00228212750,C02AC
00002771459,AK_2024_4_FFSU_00002771459,A10AD
00115148901,AK_2024_4_FFSU_00115148901,N06BA
00074024302,AK_2024_4_FFSU_00074024302,L04AB
00078077767,AK_2024_4_FFSU_00078077767,C09CA
00406048401,AK_2024_4_FFSU_00406048401,R05DA
00378661493,AK_2024_4_FFSU_00378661493,D10BA
00002772801,AK_2024_4_FFSU_00002772801,A10AB
00078087601,AK_2024_4_FFSU_00078087601,C05AA
00264780009,AK_2024_4_FFSU_00264780009,B05XA
00406117001,AK_2024_4_FFSU_00406117001,N07BB
00074231030,AK_2024_4_FFSU_00074231030,L04AF
00310737220,AK_2024_4_FFSU_00310737220,D07AC
00378876793,AK_2024_4_FFSU_00378876793,N07BC
00003049420,AK_2024_4_FFSU_00003049420,R01AD
00378803093,AK_2024_4_FFSU_00378803093,J01FA
00169750111,AK_2024_4_FFSU_00169750111,A10AB
00074706990,AK_2024_4_FFSU_00074706990,H03AA
00009028051,AK_2024_4_FFSU_00009028051,H02AB
00009001104,AK_2024_4_FFSU_00009001104,D07XA
00093078710,AK_2024_4_FFSU_00093078710,C07AB
00378750332,AK_2024_4_FFSU_00378750332,R03AC
00406052205,AK_2024_4_FFSU_00406052205,N02AA
00054317644,AK_2024_4_FFSU_00054317644,D10AA
00121075908,AK_2024_4_FFSU_00121075908,S03BA
00185067601,AK_2024_4_FFSU_00185067601,N05BB
00093007301,AK_2024_4_FFSU_00093007301,N05CF
00169320111,AK_2024_4_FFSU_00169320111,A10AD
00168025815,AK_2024_4_FFSU_00168025815,C05AA
00168035730,AK_2024_4_FFSU_00168035730,R02AD
00054004544,AK_2024_4_FFSU_00054004544,R01AX
00074055402,AK_2024_4_FFSU_00074055402,L04AB
00054016629,AK_2024_4_FFSU_00054016629,L04AA
00378905593,AK_2024_4_FFSU_00378905593,C01BB
00023530105,AK_2024_4_FFSU_00023530105,S01XA
00378967130,AK_2024_4_FFSU_00378967130,R03AL
00406048462,AK_2024_4_FFSU_00406048462,N02BE
00065414727,AK_2024_4_FFSU_00065414727,D11AX
00378728753,AK_2024_4_FFSU_00378728753,L02AA
00002149580,AK_2024_4_FFSU_00002149580,A10BX
00002148480,AK_2024_4_FFSU_00002148480,A10BX
00074210001,AK_2024_4_FFSU_00074210001,L04AC
00406037801,AK_2024_4_FFSU_00406037801,N02BE
00173069700,AK_2024_4_FFSU_00173069700,R03AK
00168025846,AK_2024_4_FFSU_00168025846,D07AC
00310461150,AK_2024_4_FFSU_00310461150,L01FF
00093598627,AK_2024_4_FFSU_00093598627,C01CA
00121088508,AK_2024_4_FFSU_00121088508,D07AA
00378932032,AK_2024_4_FFSU_00378932032,D07AC
00143211205,AK_2024_4_FFSU_00143211205,J01AA
00228212710,AK_2024_4_FFSU_00228212710,C02AC
00406012401,AK_2024_4_FFSU_00406012401,R05DA
00378876693,AK_2024_4_FFSU_00378876693,V03AB
00143992490,AK_2024_4_FFSU_00143992490,J01DB
00115351101,AK_2024_4_FFSU_00115351101,N07AA
00054418425,AK_2024_4_FFSU_00054418425,D10AA
00054040013,AK_2024_4_FFSU_00054040013,N06AX
00378932232,AK_2024_4_FFSU_00378932232,D07AC
00054001725,AK_2024_4_FFSU_00054001725,A07EA
00378750332,AK_2024_4_FFSU_00378750332,R01AD
00054032656,AK_2024_4_FFSU_00054032656,R03AC
00093005301,AK_2024_4_FFSU_00093005301,N05BE
00378868854,AK_2024_4_FFSU_00378868854,J01FF
00168008031,AK_2024_4_FFSU_00168008031,D07XA
00228315303,AK_2024_4_FFSU_00228315303,N02AE
00406012510,AK_2024_4_FFSU_00406012510,R05DA
00406051262,AK_2024_4_FFSU_00406051262,N02AA
00406052305,AK_2024_4_FFSU_00406052305,N02AA
00009001104,AK_2024_4_FFSU_00009001104,A07EA
00093770456,AK_2024_4_FFSU_00093770456,J05AF
00074662490,AK_2024_4_FFSU_00074662490,H03AA
00168009960,AK_2024_4_FFSU_00168009960,H02CA
00093729605,AK_2024_4_FFSU_00093729605,C07AG
00168020230,AK_2024_4_FFSU_00168020230,D10AF
00310737020,AK_2024_4_FFSU_00310737020,D07AC
00378932132,AK_2024_4_FFSU_00378932132,R03AC
00168020437,AK_2024_4_FFSU_00168020437,R02AD
00409272031,AK_2024_4_FFSU_00409272031,S01XA
00054060313,AK_2024_4_FFSU_00054060313,N06AX
00093417773,AK_2024_4_FFSU_00093417773,J01DB
00406895901,AK_2024_4_FFSU_00406895901,N06BA
00338001702,AK_2024_4_FFSU_00338001702,V06DC
00378827052,AK_2024_4_FFSU_00378827052,R03CC
00093506110,AK_2024_4_FFSU_00093506110,N05BB
00074659490,AK_2024_4_FFSU_00074659490,H03AA
00093171401,AK_2024_4_FFSU_00093171401,B01AA
00264151031,AK_2024_4_FFSU_00264151031,V04CA
00078087601,AK_2024_4_FFSU_00078087601,S01CB
00173086910,AK_2024_4_FFSU_00173086910,R03AL
00378876593,AK_2024_4_FFSU_00378876593,A06AH
00254302902,AK_2024_4_FFSU_00254302902,A06AX
00093681773,AK_2024_4_FFSU_00093681773,R01AD
00378967193,AK_2024_4_FFSU_00378967193,R03AL
00078087601,AK_2024_4_FFSU_00078087601,R01AD
00173069600,AK_2024_4_FFSU_00173069600,R03AC
00168020437,AK_2024_4_FFSU_00168020437,S01HA
00143962125,AK_2024_4_FFSU_00143962125,B03BA
00093598527,AK_2024_4_FFSU_00093598527,C01CA
00173069700,AK_2024_4_FFSU_00173069700,R03BA
00245531901,AK_2024_4_FFSU_00245531901,A12BA
00378427677,AK_2024_4_FFSU_00378427677,J05AB
00054350049,AK_2024_4_FFSU_00054350049,C05AD
00338055318,AK_2024_4_FFSU_00338055318,B05XA
00093738405,AK_2024_4_FFSU_00093738405,N06AX
00115169449,AK_2024_4_FFSU_00115169449,A01AD
00456045701,AK_2024_4_FFSU_00456045701,H03AA
00054317644,AK_2024_4_FFSU_00054317644,S02BA
00078107068,AK_2024_4_FFSU_00078107068,L04AC
00143980350,AK_2024_4_FFSU_00143980350,A01AB
00378932132,AK_2024_4_FFSU_00378932132,R01AD
00054017613,AK_2024_4_FFSU_00054017613,N02AE
00228202910,AK_2024_4_FFSU_00228202910,N05BA
00338011704,AK_2024_4_FFSU_00338011704,A12AA
00002771227,AK_2024_4_FFSU_00002771227,A10AC
00168020360,AK_2024_4_FFSU_00168020360,D10AF
00168025815,AK_2024_4_FFSU_00168025815,R01AD
00172392570,AK_2024_4_FFSU_00172392570,N05BA
00378334053,AK_2024_4_FFSU_00378334053,G03AA
00074364103,AK_2024_4_FFSU_00074364103,L02AE
00378705852,AK_2024_4_FFSU_00378705852,R03AC
00338069104,AK_2024_4_FFSU_00338069104,B05BB
00409909425,AK_2024_4_FFSU_00409909425,N01AH
00378334053,AK_2024_4_FFSU_00378334053,L02AA
00168025815,AK_2024_4_FFSU_00168025815,H02AB
00168027740,AK_2024_4_FFSU_00168027740,D10AF
00143951910,AK_2024_4_FFSU_00143951910,L04AX
00378876793,AK_2024_4_FFSU_00378876793,A06AH
00378456105,AK_2024_4_FFSU_00378456105,A12BA
00121075908,AK_2024_4_FFSU_00121075908,A07EA
00074662419,AK_2024_4_FFSU_00074662419,H03AA
00168025846,AK_2024_4_FFSU_00168025846,D01AC
00078087601,AK_2024_4_FFSU_00078087601,S01AA
00143965901,AK_2024_4_FFSU_00143965901,G03BA
00054070925,AK_2024_4_FFSU_00054070925,N07BC
00093310905,AK_2024_4_FFSU_00093310905,J01FA
00054018913,AK_2024_4_FFSU_00054018913,V03AB
00378395005,AK_2024_4_FFSU_00378395005,C10AA
00074434119,AK_2024_4_FFSU_00074434119,H03AA
00409128331,AK_2024_4_FFSU_00409128331,N02AA
00093738598,AK_2024_4_FFSU_00093738598,N06AX
00173089201,AK_2024_4_FFSU_00173089201,R03DX
00338070541,AK_2024_4_FFSU_00338070541,A12BA
00430042014,AK_2024_4_FFSU_00430042014,G03AC
00378087299,AK_2024_4_FFSU_00378087299,N02CX
00054317644,AK_2024_4_FFSU_00054317644,A01AC
00168020160,AK_2024_4_FFSU_00168020160,G01AA
00024414260,AK_2024_4_FFSU_00024414260,C01BD
00406012405,AK_2024_4_FFSU_00406012405,R05DA
00093075210,AK_2024_4_FFSU_00093075210,C07AB
00069024230,AK_2024_4_FFSU_00069024230,G04BD
00173068220,AK_2024_4_FFSU_00173068220,R03AC
00054317644,AK_2024_4_FFSU_00054317644,C05AA
00430042014,AK_2024_4_FFSU_00430042014,B03AA
00093317431,AK_2024_4_FFSU_00093317431,R03CC
00093227434,AK_2024_4_FFSU_00093227434,J01CR
00121203830,AK_2024_4_FFSU_00121203830,N07BC
00143985316,AK_2024_4_FFSU_00143985316,J01CA
00172208960,AK_2024_4_FFSU_00172208960,C03AA
00002751001,AK_2024_4_FFSU_00002751001,A10AD
00002879959,AK_2024_4_FFSU_00002879959,A10AB
00338954304,AK_2024_4_FFSU_00338954304,B05XA
00378808445,AK_2024_4_FFSU_00378808445,L01XF
00054317644,AK_2024_4_FFSU_00054317644,S01BA
00069130801,AK_2024_4_FFSU_00069130801,B03XA
00378728753,AK_2024_4_FFSU_00378728753,G03AB
00002820705,AK_2024_4_FFSU_00002820705,A10AD
00054017713,AK_2024_4_FFSU_00054017713,N02AE
00054074287,AK_2024_4_FFSU_00054074287,R03CC
00143211250,AK_2024_4_FFSU_00143211250,A01AB
00121088516,AK_2024_4_FFSU_00121088516,A01AC
00115180301,AK_2024_4_FFSU_00115180301,N05BB
00121104516,AK_2024_4_FFSU_00121104516,D01AA
00054418425,AK_2024_4_FFSU_00054418425,A01AC
00245531901,AK_2024_4_FFSU_00245531901,B05XA
00143959525,AK_2024_4_FFSU_00143959525,D04AB
00093171601,AK_2024_4_FFSU_00093171601,B01AA
00168025815,AK_2024_4_FFSU_00168025815,S03BA
00093342001,AK_2024_4_FFSU_00093342001,M03BX
00121088516,AK_2024_4_FFSU_00121088516,C05AA
00093416173,AK_2024_4_FFSU_00093416173,J01CA
00054418425,AK_2024_4_FFSU_00054418425,C05AA
00054982831,AK_2024_4_FFSU_00054982831,H02AB
00002771227,AK_2024_4_FFSU_00002771227,A10AB
00054002125,AK_2024_4_FFSU_00054002125,N05AN
00245086070,AK_2024_4_FFSU_00245086070,P01AB
00310461612,AK_2024_4_FFSU_00310461612,R01AD
00054032856,AK_2024_4_FFSU_00054032856,R03AC
00378750332,AK_2024_4_FFSU_00378750332,R03AK
00069314019,AK_2024_4_FFSU_00069314019,S01AA
00168009960,AK_2024_4_FFSU_00168009960,G01AF
00172409680,AK_2024_4_FFSU_00172409680,M03BX
00406833001,AK_2024_4_FFSU_00406833001,N02AA
00378456105,AK_2024_4_FFSU_00378456105,B05XA
00115175701,AK_2024_4_FFSU_00115175701,R06AX
00245036030,AK_2024_4_FFSU_00245036030,B05XA
00406147301,AK_2024_4_FFSU_00406147301,N06BA
00456151060,AK_2024_4_FFSU_00456151060,N06AX
00003049420,AK_2024_4_FFSU_00003049420,R03BA
00093598627,AK_2024_4_FFSU_00093598627,B02BC
00228212810,AK_2024_4_FFSU_00228212810,N02CX
00037682210,AK_2024_4_FFSU_00037682210,C05AD
00228212910,AK_2024_4_FFSU_00228212910,N02CX
00168000215,AK_2024_4_FFSU_00168000215,S01BA
00093227534,AK_2024_4_FFSU_00093227534,J01CA
00003218811,AK_2024_4_FFSU_00003218811,L04AA
00003029305,AK_2024_4_FFSU_00003029305,S01BA
00093816201,AK_2024_4_FFSU_00093816201,N05AH
00093767902,AK_2024_4_FFSU_00093767902,G03AC
00409272002,AK_2024_4_FFSU_00409272002,C05BA
00338070541,AK_2024_4_FFSU_00338070541,B05XA
00409733201,AK_2024_4_FFSU_00409733201,J01DD
00169430730,AK_2024_4_FFSU_00169430730,A10BJ
00378668977,AK_2024_4_FFSU_00378668977,A02BC
00378803093,AK_2024_4_FFSU_00378803093,A02BC
00002880359,AK_2024_4_FFSU_00002880359,A10AC
00054417925,AK_2024_4_FFSU_00054417925,D07AB
00378750332,AK_2024_4_FFSU_00378750332,A07EA
00143959525,AK_2024_4_FFSU_00143959525,N01BB
00093321301,AK_2024_4_FFSU_00093321301,N03AE
00054032656,AK_2024_4_FFSU_00054032656,R03AK
00002771459,AK_2024_4_FFSU_00002771459,A10AB
00228285311,AK_2024_4_FFSU_00228285311,C02AC
00054327099,AK_2024_4_FFSU_00054327099,R03BA
00003029328,AK_2024_4_FFSU_00003029328,A01AC
00093081101,AK_2024_4_FFSU_00093081101,N06AA
00169770821,AK_2024_4_FFSU_00169770821,H01AC
00054317644,AK_2024_4_FFSU_00054317644,S01CB
00054017713,AK_2024_4_FFSU_00054017713,N07BC
00378750232,AK_2024_4_FFSU_00378750232,R03AC
00054317644,AK_2024_4_FFSU_00054317644,R01AD
00093372755,AK_2024_4_FFSU_00093372755,S01BC
00006011231,AK_2024_4_FFSU_00006011231,A10BH
00168014630,AK_2024_4_FFSU_00168014630,S02BA
00003029328,AK_2024_4_FFSU_00003029328,C05AA
00093354143,AK_2024_4_FFSU_00093354143,G03CA
00074455219,AK_2024_4_FFSU_00074455219,H03AA
00378932132,AK_2024_4_FFSU_00378932132,R03AK
00037682210,AK_2024_4_FFSU_00037682210,A01AC
00009001201,AK_2024_4_FFSU_00009001201,D07AA
00169477212,AK_2024_4_FFSU_00169477212,A10BJ
00378750332,AK_2024_4_FFSU_00378750332,R03BA
00169320111,AK_2024_4_FFSU_00169320111,A10AB
00054417925,AK_2024_4_FFSU_00054417925,D07XB
00169210011,AK_2024_4_FFSU_00169210011,A10AD
00406802003,AK_2024_4_FFSU_00406802003,N07BC
00116200116,AK_2024_4_FFSU_00116200116,R02AA
00093216568,AK_2024_4_FFSU_00093216568,V03AB
00406013601,AK_2024_4_FFSU_00406013601,N06BA
00169431430,AK_2024_4_FFSU_00169431430,A10BJ
00037682210,AK_2024_4_FFSU_00037682210,C05AA
00378827052,AK_2024_4_FFSU_00378827052,R03AC
00264775000,AK_2024_4_FFSU_00264775000,A12CA
00093681773,AK_2024_4_FFSU_00093681773,A07EA
00093598627,AK_2024_4_FFSU_00093598627,S01EA
00093202694,AK_2024_4_FFSU_00093202694,S01AA
00093598527,AK_2024_4_FFSU_00093598527,B02BC
00378808220,AK_2024_4_FFSU_00378808220,L01XF
00074433902,AK_2024_4_FFSU_00074433902,L04AB
00078081881,AK_2024_4_FFSU_00078081881,H01CB
00054418425,AK_2024_4_FFSU_00054418425,S01CB
00121088516,AK_2024_4_FFSU_00121088516,R01AD
00173069600,AK_2024_4_FFSU_00173069600,R03AK
00046110511,AK_2024_4_FFSU_00046110511,L02AB
00054418425,AK_2024_4_FFSU_00054418425,R01AD
00172572860,AK_2024_4_FFSU_00172572860,A02BA
00228424106,AK_2024_4_FFSU_00228424106,S01EA
00002144511,AK_2024_4_FFSU_00002144511,L04AC
00409656201,AK_2024_4_FFSU_00409656201,G03BA
00173088101,AK_2024_4_FFSU_00173088101,R03DX
00003029328,AK_2024_4_FFSU_00003029328,D07XB
00009001103,AK_2024_4_FFSU_00009001103,S02BA
00143992701,AK_2024_4_FFSU_00143992701,J01MA
00378024305,AK_2024_4_FFSU_00378024305,C03DA
00378464226,AK_2024_4_FFSU_00378464226,G03CA
00173087410,AK_2024_4_FFSU_00173087410,D07AC
00378750232,AK_2024_4_FFSU_00378750232,R01AD
00143988901,AK_2024_4_FFSU_00143988901,J01CA
00121088516,AK_2024_4_FFSU_00121088516,H02AB
00406051205,AK_2024_4_FFSU_00406051205,N02AA
00378661493,AK_2024_4_FFSU_00378661493,D10AD
00143924920,AK_2024_4_FFSU_00143924920,J01CA
00310654004,AK_2024_4_FFSU_00310654004,A10BJ
00338170940,AK_2024_4_FFSU_00338170940,D11AX
00074379902,AK_2024_4_FFSU_00074379902,L04AB
00115991901,AK_2024_4_FFSU_00115991901,N06BA
00093681773,AK_2024_4_FFSU_00093681773,R03BA
00168025815,AK_2024_4_FFSU_00168025815,A07EA
00054032656,AK_2024_4_FFSU_00054032656,R03BA
00406511701,AK_2024_4_FFSU_00406511701,N06BA
00406114201,AK_2024_4_FFSU_00406114201,N06BA
00093729505,AK_2024_4_FFSU_00093729505,C07AG
00409379519,AK_2024_4_FFSU_00409379519,S01BC
00168002031,AK_2024_4_FFSU_00168002031,A01AC
00168014630,AK_2024_4_FFSU_00168014630,A01AC
00054418325,AK_2024_4_FFSU_00054418325,D07AB
00093415579,AK_2024_4_FFSU_00093415579,J01CA
00338069104,AK_2024_4_FFSU_00338069104,B05XA
00143959401,AK_2024_4_FFSU_00143959401,S02DA
00338004904,AK_2024_4_FFSU_00338004904,B05XA
00378797093,AK_2024_4_FFSU_00378797093,R03BB
00264151031,AK_2024_4_FFSU_00264151031,V06DC
00078091112,AK_2024_4_FFSU_00078091112,S01XA
00168002031,AK_2024_4_FFSU_00168002031,C05AA
00168014630,AK_2024_4_FFSU_00168014630,C05AA
00228203910,AK_2024_4_FFSU_00228203910,N05BA
00378932132,AK_2024_4_FFSU_00378932132,R03BA
00093202631,AK_2024_4_FFSU_00093202631,S01AA
00409379601,AK_2024_4_FFSU_00409379601,S01BC
00173071620,AK_2024_4_FFSU_00173071620,R03AC
00338011703,AK_2024_4_FFSU_00338011703,B05CB
00378623205,AK_2024_4_FFSU_00378623205,N06AB
00006008061,AK_2024_4_FFSU_00006008061,A10BH
00168025815,AK_2024_4_FFSU_00168025815,R03BA
00378110101,AK_2024_4_FFSU_00378110101,C02CA
00168014630,AK_2024_4_FFSU_00168014630,S01BA
00093598527,AK_2024_4_FFSU_00093598527,S01EA
00002773701,AK_2024_4_FFSU_00002773701,A10AC
